sample_order,ticker,position,family,retrieval_score,passage
10,MGM,F1,SP001,7.0,"The anticipated benefits of our asset light strategy, including the Bellagio Sale-Leaseback Transaction, may take longer to realize than expected or may not be realized at all. Our current growth strategy is to pursue and execute on an asset-light business model, which involves a comprehensive review of our owned real estate assets to determine whether those assets can be monetized efficiently to allow unlocked capital to be redeployed towards balance sheet improvements, new growth opportunities and to return value to our shareholders. Our ability to execute on this strategy will depend on our ability to identify accretive transactions that optimize the value of our remaining assets."
10,MGM,F5,SP001,5.0,"O ur ability to make payments on our substantial indebtedness and significant financial commitments, including the rent payments under our leases, and to fund planned or committed capital expenditures and other investments depends on our ability to generate cash flow, receive distributions from our unconsolidated affiliates (including CityCenter) and subsidiaries (including MGM China and the Operating Partnership), borrow under our senior credit facility or incur new indebtedness. The COVID-19 pandemic has resulted in significant deterioration to regional, national and international economic conditions, which has resulted in substantial declines in our revenues from our operations and expected distributions from our unconsolidated affiliates and subsidiaries, and which has also significantly impacted the value of our common stock, which may reduce our ability to access capital. In addition, we have a significant amount of indebtedness maturing in 2022, and thereafter."
10,MGM,MID-F2,SP001,10.0,"A company’s internal control over financial reporting is a process designed to provide reasonable assurance regarding the reliability of financial reporting and the preparation of financial statements for external purposes in accordance with generally accepted accounting principles. A company’s internal control over financial reporting includes those policies and procedures that (1) pertain to the maintenance of records that, in reasonable detail, accurately and fairly reflect the transactions and dispositions of the assets of the company; (2) provide reasonable assurance that transactions are recorded as necessary to permit preparation of financial statements in accordance with generally accepted accounting principles, and that receipts and expenditures of the company are being made only in accordance with authorizations of management and directors of the company; and (3) provide reasonable assurance regarding prevention or timely detection of unauthorized acquisition, use, or disposition of the company’s assets that could have a material effect on the financial statements. Because of its inherent limitations, internal control over financial reporting may not prevent or detect misstatements."
10,MGM,F1,SP002,6.5,"Our calculation of ADR, which is the average price of occupied rooms per day, includes the impact of complimentary rooms. Complimentary room rates are determined based on standalone selling price. Because the mix of rooms provided on a complimentary basis, particularly to casino customers, includes a disproportionate suite component, the composite ADR including complimentary rooms is slightly higher than the ADR for cash rooms, reflecting the higher retail value of suites."
10,MGM,F5,SP002,7.0,"In addition, we have seen and continue to expect to see weakened demand at our properties as a result of continued domestic and international travel restrictions or warnings, restrictions on amenity use, such as gaming, restaurant and pool capacity limitations, consumer fears and reduced consumer discretionary spending, general economic uncertainty, and increased rates of unemployment. In light of the foregoing, we are unable to determine when our properties will return to pre-pandemic demand or pricing, or if our properties will remain re-opened, but the impact of COVID-19 will have a material impact on our consolidated results of operations during 2020 and potentially thereafter. Other Developments"
10,MGM,MID-F2,SP002,7.0,"23 Our business is particularly sensitive to energy prices and a rise in energy prices could harm our operating results . We are a large consumer of electricity and other energy and, therefore, higher energy prices may have an adverse effect on our results of operations."
10,MGM,F1,SP003,18.0,"The timing, volume and nature of stock repurchases will be at the sole discretion of management, dependent on market conditions, applicable securities laws, and other factors, and may be suspended or discontinued at any time. All shares repurchased by the Company during the quarter ended September 30, 2019 were purchased pursuant to the Company’s publicly announced stock repurchase program and have been retired. 49"
10,MGM,F5,SP003,12.0,"The decrease in gross interest expense when compared to the prior year periods is due primarily to the decrease in average debt outstanding under the credit facilities and senior notes due to early retirement of debt discussed below, partially offset by the May 2020 issuance of the $750 million 6.75% senior notes due 2025, the June 2020 issuance of the Operating Partnership’s $800 million 4.625% senior notes due 2025, and the June 2020 issuance of MGM China’s $500 million 5.25% senior notes due 2025. See Note 4 to the accompanying consolidated financial statements for additional discussion on long-term debt and see “Liquidity and Capital Resources” for additional discussion on issuances and repayments of long-term debt and other sources and uses of cash. 34"
10,MGM,MID-F2,SP003,18.0,"Repurchases of common stock may also be made under a Rule 10b5-1 plan, which would permit common stock to be repurchased when the Company might otherwise be precluded from doing so under insider trading laws. The timing, volume and nature of stock repurchases will be at the sole discretion of management, dependent on market conditions, applicable securities laws, and other factors, and may be suspended or discontinued at any time. All shares repurchased by the Company during the quarter ended December 31, 2019 were purchased pursuant to the Company’s publicly announced stock repurchase programs and have been retired."
10,MGM,F1,SP004,9.0,"Revenue recognition. The Company’s revenue contracts with customers consist of casino wager transactions, hotel room sales, food and beverage transactions, entertainment shows, and retail transactions. For casino wager transactions that include incentives earned by customers under the Company’s loyalty programs, the Company allocates a portion of net win based upon the standalone selling price of such incentive (less estimated breakage)."
10,MGM,F5,SP004,9.0,"Revenue recognition. The Company’s revenue from contracts with customers consists of casino wagers transactions, hotel room sales, food and beverage transactions, entertainment shows, and retail transactions. For casino wager transactions that include incentives earned by customers under the Company’s loyalty programs, the Company allocates a portion of net win based upon the standalone selling price of such incentive (less estimated breakage)."
10,MGM,MID-F2,SP004,9.0,"Revenue recognition. The Company’s revenue from contracts with customers consists of casino wagers transactions, hotel room sales, food and beverage transactions, entertainment shows, and retail transactions. The transaction price for a casino wager is the difference between gaming wins and losses (“net win”)."
11,NKE,F1,SP001,5.0,"We sell our products through NIKE-owned retail stores and through digital platforms (which we refer to collectively as our “NIKE Direct” operations), to retail accounts and to a mix of independent distributors, licensees and sales representatives in virtually all countries around the world. Our goal is to deliver value to our shareholders by building a profitable global portfolio of branded footwear, apparel, equipment and accessories businesses. Our strategy is to achieve long-term revenue growth by creating innovative, “must-have” products, building deep personal consumer connections with our brands and delivering compelling consumer experiences through digital platforms and at retail."
11,NKE,F5,SP001,5.0,"We sell our products through NIKE-owned retail stores and through digital platforms (which we refer to collectively as our “NIKE Direct” operations), to retail accounts and to a mix of independent distributors, licensees and sales representatives in virtually all countries around the world. Our goal is to deliver value to our shareholders by building a profitable global portfolio of branded footwear, apparel, equipment and accessories businesses. Our strategy is to achieve long-term revenue growth by creating innovative, “must-have” products, building deep personal consumer connections with our brands and delivering compelling consumer experiences through digital platforms and at retail."
11,NKE,MID-F4,SP001,11.0,"The failure of these systems to operate effectively, including as a result of security breaches, viruses, hackers, malware, natural disasters, vendor business interruptions or other causes, or failure to properly maintain, protect, repair or upgrade systems, or problems with transitioning to upgraded or replacement systems could cause delays in product fulfillment and reduced efficiency of our operations, could require significant capital investments to remediate the problem which may not be sufficient to cover all 2020 FORM 10-K 13 Table of Contents eventualities, and may have an adverse effect on our reputation, results of operations and financial condition. Further, like other companies in the retail industry, we have in the past experienced, and we expect to continue to experience, cyber-attacks, including phishing, and other attempts to breach, or gain unauthorized access to, our systems. To date, these attacks have not had a material impact on our operations, but we cannot provide assurance that they will not have an impact in the future."
11,NKE,F1,SP002,6.0,"Upon adoption, the Company elected the package of transition practical expedients which allowed the Company to carry forward prior conclusions related to: (i) whether any expired or existing contracts are or contain leases, (ii) the lease classification for any expired or existing leases and (iii) initial direct costs for existing leases. Additionally, the Company elected the practical expedient to not separate lease components from nonlease components for all real estate leases within the portfolio. The Company made an accounting policy election to not record leases with an initial term of 12 months or less on the Unaudited Condensed Consolidated Balance Sheets and will recognize related lease payments in the Unaudited Condensed Consolidated Statements of Income on a straight-line basis over the lease term."
11,NKE,F5,SP002,9.5,"The carrying amounts of other current financial assets and other current financial liabilities approximate fair value. FINANCIAL ASSETS AND LIABILITIES NOT RECORDED AT FAIR VALUE Long-term debt is recorded at adjusted cost, net of unamortized premiums, discounts and debt issuance costs. The fair value of Long-term debt is estimated based upon quoted prices for similar instruments or quoted prices for identical instruments in inactive markets (Level 2)."
11,NKE,MID-F2,SP002,9.5,"10 Table of Contents FINANCIAL ASSETS AND LIABILITIES NOT RECORDED AT FAIR VALUE Long-term debt is recorded at adjusted cost, net of unamortized premiums, discounts and debt issuance costs. The fair value of Long-term debt is estimated based upon quoted prices for similar instruments or quoted prices for identical instruments in inactive markets (Level 2). The fair value of the Company’s Long-term debt , including the current portion, was approximately $ 3,756 million at November 30, 2019 and $ 3,524 million at May 31, 2019 ."
11,NKE,F1,SP003,14.2,"Effective hedge results are classified in the Unaudited Condensed Consolidated Statements of Income in the same manner as the underlying exposure. Derivative instruments designated as cash flow hedges must be discontinued when it is no longer probable the forecasted hedged transaction will occur in the initially identified time period. The gains and losses associated with discontinued derivative instruments in Accumulated other comprehensive income (loss) will be recognized immediately in Other (income) expense, net , if it is probable the forecasted hedged transaction will not occur by the end of the initially identified time period or within an additional two-month period thereafter."
11,NKE,F5,SP003,14.2,"Effective hedge results are classified in the Unaudited Condensed Consolidated Statements of Income in the same manner as the underlying exposure. Derivative instruments designated as cash flow hedges must be discontinued when it is no longer probable the forecasted hedged transaction will occur in the initially identified time period. The gains and losses associated with discontinued derivative instruments in Accumulated other comprehensive income (loss) will be recognized immediately in Other (income) expense, net, if it is probable the forecasted hedged transaction will not occur by the end of the initially identified time period or within an additional two -month period thereafter."
11,NKE,MID-F4,SP003,15.0,"Refer to Note 9 — Income Taxes in the accompanying Notes to the Consolidated Financial Statements for additional information. In addition to the above, we have long-term obligations for uncertain tax positions and various post-retirement benefits for which we are not able to reasonably estimate when cash payments will occur. Refer to Note 9 — Income Taxes and Note 13 — Benefit Plans in the accompanying Notes to the Consolidated Financial Statements for further information related to uncertain tax positions and post-retirement benefits, respectively."
11,NKE,F1,SP004,14.0,"Management generally identifies hyper-inflationary markets as those markets whose cumulative inflation rate over a three-year period exceeds 100%. Management has concluded our Argentina subsidiary within our APLA operating segment is operating in a hyper-inflationary market. As a result, beginning in the second quarter of fiscal 2019 , the functional currency of our Argentina subsidiary changed from the local currency to the U.S."
11,NKE,F5,SP004,15.0,"Gross margin decreased approximately 100 basis points as higher full-price ASP, in part reflecting inflationary conditions in our SOCO territory, was more than offset by higher product costs, an increase in other costs, lower margin in our NIKE Direct business, as well as unfavorable changes in standard foreign currency exchange rates. The increase in other costs was primarily due to higher warehousing and freight costs, as well as inventory obsolescence. Selling and administrative expense decreased due to lower demand creation and overhead expense."
11,NKE,MID-F2,SP004,14.0,"Management generally identifies hyper-inflationary markets as those markets whose cumulative inflation rate over a three-year period exceeds 100%. Management has concluded our Argentina subsidiary within our APLA operating segment is operating in a hyper-inflationary market. As a result, beginning in the second quarter of fiscal 2019 , the functional currency of our Argentina subsidiary changed from the local currency to the U.S."
12,ORLY,F1,SP001,5.0,"We are one of the largest U.S. automotive aftermarket specialty retailers, selling our products to both do-it-yourself (“DIY”) customers and professional service providers – our “dual market strategy.” Our stores carry an extensive product line consisting of new and remanufactured automotive hard parts, maintenance items, accessories, a complete line of auto body paint and related materials, automotive tools and professional service provider service equipment. Our extensive product line includes an assortment of products that are differentiated by quality and price for most of the product lines we offer."
12,ORLY,F5,SP001,5.0,"We are one of the largest U.S. automotive aftermarket specialty retailers, selling our products to both DIY customers and professional service providers – our “dual market strategy.” Our stores carry an extensive product line consisting of new and remanufactured automotive hard parts, maintenance items, accessories, a complete line of auto body paint and related materials, automotive tools and professional service provider service equipment. ​ Our extensive product line includes an assortment of products that are differentiated by quality and price for most of the product lines we offer."
12,ORLY,MID-F2,SP001,13.2,"Our business involves the storage of information about our customers, suppliers, Team Members and the Company, some of which is entrusted to third-party service providers and vendors. We and our third-party service providers and vendors have taken reasonable and appropriate steps to protect this information; however, these security measures may be breached due to cyber-attacks, Team Member error, system compromises, fraud, hacking or other intentional or unintentional acts, which could result in unauthorized parties gaining access to such information. The methods used to obtain unauthorized access are constantly evolving and may be difficult to anticipate or detect for long periods of time."
12,ORLY,F1,SP002,14.5,"The increases in gross profit as a percentage of sales for the three and nine months ended September 30, 2019, were due to a benefit from selling through inventory purchased prior to recent industry-wide acquisition cost increases and corresponding selling price increases. Beginning in the last six months of 2018, inventory acquisition costs in our industry increased, as a result of tariffs on products imported from China and other increases in supplier input costs; these cost increases were passed through in higher retail and wholesale prices in our industry. We determine inventory cost using the last-in, first-out (“LIFO”) method, but have, over time, seen our LIFO reserve balance exhausted, as a result of cumulative historical acquisition cost decreases."
12,ORLY,F5,SP002,17.0,"The decrease in gross profit as a percentage of sales for the three months ended September 30, 2020, was due to the comparable period in the prior year receiving a benefit from selling through inventory purchased prior to tariff related, industry-wide acquisition cost increases and corresponding selling price increases, the lower gross margin sales from the acquired Mayasa stores and deleverage on distribution costs, resulting from operational inefficiencies created by the significant increase in both inbound and outbound inventory volumes due to the incredibly strong sales. The decrease in gross profit as a percentage of sales for the nine months ended September 20, 2020, was due to the comparable period in the prior year receiving a benefit from selling through inventory purchased prior to tariff related, industry-wide acquisition cost increases and corresponding selling price increases and lower gross margin sales from the acquired Mayasa stores. We determine inventory cost using the last-in, first-out (“LIFO”) method, but have, over time, seen our LIFO reserve balance exhausted, as a result of cumulative historical acquisition cost decreases."
12,ORLY,MID-F4,SP002,19.0,"The increase in gross profit dollars for the six months ended June 30, 2020, was primarily the result of new stores, the increase in comparable store sales at existing stores, the acquired Mayasa stores and one additional day due to Leap Day. The increase in gross profit as a percentage of sales for the three months ended June 30, 2020, was primarily due to a greater percentage of total sales generated from DIY customers, which carry a higher gross margin than professional service provider sales, acquisition cost reductions and leverage of fixed distribution costs, as a result of strong comparable store sales growth, partially offset by the comparable period in the prior year receiving a benefit from selling through inventory purchased prior to tariff related industry-wide acquisition cost increases and corresponding selling price increases and lower gross margin sales from the acquired Mayasa stores, due to their large independent jobber customer base. The decrease in gross profit as a percentage of sales for the six months ended June 30, 2020, was due to the comparable period in the prior year receiving a benefit from selling through inventory purchased prior to tariff related industry-wide acquisition cost increases and corresponding selling price increases and lower gross margin sales from the acquired Mayasa stores, partially offset by a favorable mix of DIY business and leverage of fixed distribution costs in the current period, as a result of strong comparable store sales growth."
12,ORLY,F1,SP003,8.5,"NOTE 7 – REVENUE The table below identifies the Company’s revenues disaggregated by major customer type for the three and nine months ended September 30, 2019 and 2018 (in thousands): For the Three Months Ended September 30, For the Nine Months Ended September 30, 2019 2018 2019 2018 Sales to do-it-yourself customers $ 1,473,514 $ 1,408,140 $ 4,244,689 $ 4,053,137 Sales to professional service provider customers 1,151,721 1,040,728 3,303,987 3,058,127 Other sales and sales adjustments 41,293 33,849 118,334 110,207 Total sales $ 2,666,528 $ 2,482,717 $ 7,667,010 $ 7,221,471 As of September 30, 2019 , and December 31, 2018 , the Company had recorded a deferred revenue liability of $ 4.8 million and $ 4.3 million , respectively, related to its loyalty program, which were included in “Other liabilities” on the accompanying Condensed Consolidated Balance Sheets. The Company recognized deferred revenue related to its loyalty program in the amounts of $ 4.0 million and $ 4.3 million for the three months ended September 30, 2019 and 2018 , respectively, which were included in “Sales” on the accompanying Condensed Consolidated Statements of Income. The Company recognized deferred revenue related to its loyalty program in the amount of $ 11.8 million for each of the nine months ended September 30, 2019 and 2018 , which were included in “Sales” on the accompanying Condensed Consolidated Statements of Income."
12,ORLY,F5,SP003,8.5,"​ NOTE 10 – REVENUE ​ The table below identifies the Company’s revenues disaggregated by major customer type for the three and nine months ended September 30, 2020 and 2019 (in thousands): ​ ​ ​ ​ ​ ​ ​ ​ ​ ​ ​ ​ ​ ​ ​ ​ For the Three Months Ended ​ For the Nine Months Ended ​ ​ September 30, ​ September 30, ​ 2020 2019 2020 2019 Sales to do-it-yourself customers ​ $ 1,869,079 ​ $ 1,473,514 ​ $ 5,067,676 ​ $ 4,244,689 Sales to professional service provider customers ​ 1,264,802 ​ 1,151,721 ​ 3,510,031 ​ 3,303,987 Other sales and sales adjustments ​ 73,757 ​ 41,293 ​ 198,013 ​ 118,334 Total sales ​ $ 3,207,638 ​ $ 2,666,528 ​ $ 8,775,720 ​ $ 7,667,010 ​ As of September 30, 2020, and December 31, 2019, the Company had recorded a deferred revenue liability of $ 5.0 million and $ 4.1 million, respectively, related to its loyalty program, which were included in “Other liabilities” on the accompanying Condensed Consolidated Balance Sheets. During the three months ended September 30, 2020 and 2019, the Company recognized $ 3.8 million and $ 4.0 million, respectively, of deferred revenue related to its loyalty program, which were included in “Sales” on the accompanying Condensed Consolidated Statements of Income. During the nine months ended September 30, 2020 and 2019, the Company recognized $ 10.8 million and $ 11.8 million, respectively, of deferred revenue related to its loyalty program, which were included in “Sales” on the accompanying Condensed Consolidated Statements of Income."
12,ORLY,MID-F2,SP003,12.0,"Maintenance and repairs are charged to expense as incurred. Upon retirement or sale, the cost and accumulated depreciation are eliminated and the gain or loss, if any, is recognized in the Company’s Consolidated Statements of Income. The Company reviews long-lived assets for impairment whenever events or changes in circumstances indicate that the carrying amount of an asset may not be fully recoverable."
12,ORLY,F1,SP004,28.0,"To the extent our acquisition costs increased due to base commodity price increases industry-wide, we have typically been able to pass along these increased costs through higher retail prices for the affected products. As a result, we do not believe inflation has had a material adverse effect on our operations. To some extent, our business is seasonal primarily as a result of the impact of weather conditions on customer buying patterns."
12,ORLY,F5,SP004,28.0,"To the extent our acquisition costs increased due to base commodity price increases industry-wide, we have typically been able to pass along these increased costs through higher retail prices for the affected products. As a result, we do not believe inflation has had a material adverse effect on our operations. ​ To some extent, our business is seasonal primarily as a result of the impact of weather conditions on customer buying patterns."
12,ORLY,MID-F3,SP004,28.0,"To the extent our acquisition costs increased due to base commodity price increases industry-wide, we have typically been able to pass along these increased costs through higher retail prices for the affected products. As a result, we do not believe inflation has had a material adverse effect on our operations. ​ To some extent, our business is seasonal primarily as a result of the impact of weather conditions on customer buying patterns."
13,MAR,F1,SP001,13.5,"Measures taken by our service providers or our owners, franchisees, licensees, and their service providers also may not be sufficient. Efforts to hack or circumvent security measures, efforts to gain unauthorized access to data, failures of systems or software to operate as designed or intended, viruses, “ransomware” or other malware, “phishing” or other types of business email compromises, operator error, or inadvertent releases of data have impacted, and may in the future impact, our information systems and records or those of our owners, franchisees, licensees, or service providers. Our reliance on computer, Internet-based, and mobile systems and communications, and the frequency and sophistication of efforts by third parties to gain unauthorized access or prevent authorized access to such systems, have greatly increased in recent years."
13,MAR,F5,SP001,13.5,"Measures taken by our service providers or our owners, franchisees, licensees, other business partners or their service providers also may not be sufficient. Efforts to hack or circumvent security measures, efforts to gain unauthorized access to, exploit or disrupt the operation or integrity of our data or systems, failures of systems or software to operate as designed or intended, viruses, “ransomware” or other malware, “phishing” or other types of business communications compromises, operator error, or inadvertent releases of data have impacted, and may in the future impact, our information systems and records or those of our owners, franchisees, licensees, other business partners, or service providers. Our reliance on computer, Internet-based, and mobile systems and communications, and the frequency and sophistication of efforts by third parties to gain unauthorized access or prevent authorized access to such systems, have greatly increased in recent years."
13,MAR,MID-F2,SP001,13.5,"Efforts to hack or circumvent security measures, efforts to gain unauthorized access to, exploit or disrupt the operation or integrity of our data or systems, failures of systems or software to operate as designed or intended, viruses, “ransomware” or other malware, “phishing” or other types of business communications compromises, operator error, or inadvertent releases of data have impacted, and may in the future impact, our information systems and records or those of our owners, franchisees, licensees, other business partners, or service providers. Our reliance on computer, Internet-based, and mobile systems and communications, and the frequency and sophistication of efforts by third parties to gain unauthorized access or prevent authorized access to such systems, have greatly increased in recent years. We have experienced cyberattacks, attempts to disrupt access to our systems and data, and attempts to affect the operation or integrity of our data or systems, and the frequency and sophistication of such efforts could continue to increase."
13,MAR,F1,SP002,12.0,"INCOME TAXES Our effective tax rate increased to 26.4 percent for the 2019 third quarter from 15.4 percent for the 2018 third quarter , primarily due to the prior year tax benefits from dispositions and lower benefits resulting from finalizing prior years’ returns. Our effective tax rate increased to 21.9 percent for the 2019 first three quarters from 20.5 percent for the 2018 first three quarters , primarily due to the 2018 release of tax reserves, the prior year benefits from dispositions, and the non-tax deductible accrual for the loss contingency related to the Proposed ICO Fine discussed in Note 6 . The increase was partially offset by a shift in earnings to jurisdictions with lower tax rates, the prior year tax expense for uncertain tax positions, and the prior year state income tax expense for the future remittance of accumulated earnings of non-U.S."
13,MAR,F5,SP002,11.0,"Risks associated with development and sale of residential properties associated with our lodging properties or brands may reduce our profits. We participate, through licensing agreements or directly or through noncontrolling interests, in the development and sale of residential properties associated with our brands, including residences and condominiums under many of our luxury and premium brand names and trademarks. Such projects pose further risks beyond those generally associated with our lodging business, which may reduce our profits or compromise our brand equity, including risks that: (1) weakness in residential real estate and demand generally may reduce our profits and could make it more difficult to convince future project developers of the value added by our brands; (2) increases in interest rates, reductions in mortgage availability or the tax benefits of mortgage financing or residential ownership generally, or increases in the costs of residential ownership could prevent potential customers from buying residential products or reduce the prices they are willing to pay; and (3) residential construction may be subject to warranty and liability claims or claims related to purchaser deposits, and the costs of resolving such claims may be significant."
13,MAR,MID-F3,SP002,11.0,"We participate, through licensing agreements or directly or through noncontrolling interests, in the development and sale of residential properties associated with our brands, including residences and condominiums under many of our luxury and premium brand names and trademarks. Such projects pose further risks beyond those generally associated with our lodging business, which may reduce our profits or compromise our brand equity, including risks that (1) weakness in residential real estate and demand generally may reduce our profits and could make it more difficult to convince future development partners of the value added by our brands; (2) increases in interest rates, reductions in mortgage availability or the tax benefits of mortgage financing or residential ownership generally, or increases in the costs of residential ownership could prevent potential customers from buying residential products or reduce the prices they are willing to pay; and (3) residential construction may be subject to warranty and liability claims or claims related to purchaser deposits, and the costs of resolving such claims may be significant. Some hotel openings in our development pipeline and approved projects may be delayed or not result in new hotels, which could adversely affect our growth prospects."
13,MAR,F1,SP003,17.2,"2018 Depreciation, amortization, and other $ 52 $ 52 $ — — % $ 162 $ 164 $ (2 ) (1 )% General, administrative, and other 220 221 (1 ) — % 671 685 (14 ) (2 )% Merger-related costs and charges 9 12 (3 ) (25 )% 191 64 127 198 % Third Quarter General, administrative, and other expenses decreased by $1 million , primarily due to $10 million lower company-funded supplemental retirement savings plan contributions, partially offset by $7 million higher litigation expenses. First Three Quarters General, administrative, and other expenses decreased by $14 million , primarily due to $47 million lower company-funded supplemental retirement savings plan contributions and $6 million of lower reserve for guarantee funding, partially offset by $14 million of higher administrative costs, $12 million higher litigation expenses, and $8 million of higher bad debt reserves. Merger-related costs and charges increased by $127 million , primarily due to the $122 million accrual for the loss contingency related to the Proposed ICO Fine discussed in Note 6 and a $34 million impairment charge of a legacy-Starwood office building accounted for as a finance lease, partially offset by $39 million of lower integration costs."
13,MAR,F5,SP003,17.0,"• Risks Related to Expenses : COVID-19 has caused us to incur additional expenses and will continue to cause us to incur additional expenses in the future which are not fully reimbursed or offset by revenues. For example, we have already incurred certain expenses related to furloughs, our voluntary transition program and position eliminations, and we expect additional material charges related to our property-level restructuring activities discussed in Note 2 in future periods. Also, if a hotel closes and has employees covered by an underfunded multi-employer pension plan, we may need to pay withdrawal liability to the plan as result of such closure if it is determined that there has been a complete or partial withdrawal from the plan, and we may be unable to collect reimbursement from the hotel owner."
13,MAR,MID-F4,SP003,17.0,"• Risks Related to Expenses : COVID-19 has caused us to incur additional expenses and will continue to cause us to incur additional expenses in the future which are not fully reimbursed or offset by revenues. For example, we have already incurred certain expenses related to furloughs, our voluntary transition program and position eliminations in certain regions, and we expect additional material charges related to these and other restructuring activities in future periods. Also, if a hotel closes and has employees covered by an underfunded multi-employer pension plan, we may need to pay withdrawal liability to the plan as result of such closure if it is determined that there has been a complete or partial withdrawal from the plan, and we may be unable to collect reimbursement from the hotel owner."
13,MAR,F1,SP004,11.0,"Insufficient numbers of talented associates could also limit our ability to grow and expand our businesses. A shortage of skilled labor could also result in higher wages that would increase our labor costs, which could reduce our profits. In addition, the efforts and abilities of our senior executives are important elements of maintaining our competitive position and driving future growth, and if we lose the services of one or more of our senior executives, we could experience challenges executing our business strategies or other adverse effects on our business."
13,MAR,F5,SP004,11.0,"Insufficient numbers of talented associates could also limit our ability to grow and expand our businesses. A shortage of skilled labor could also result in higher wages that would increase our labor costs, which could reduce our profits. In addition, the efforts and abilities of our senior executives are important elements of maintaining our competitive position and driving future growth, and if we lose the services of one or more of our senior executives, we could experience challenges executing our business strategies or other adverse effects on our business."
13,MAR,MID-F2,SP004,11.0,"Insufficient numbers of talented associates could also limit our ability to grow and expand our businesses. A shortage of skilled labor could also result in higher wages that would increase our labor costs, which could reduce our profits. In addition, the efforts and abilities of our senior executives are important elements of maintaining our competitive position and driving future growth, and if we lose the services of one or more of our senior executives, we could experience challenges executing our business strategies or other adverse effects on our business."
14,BWA,F1,SP001,6.0,"Management believes that the warranty accrual is appropriate; however, actual claims incurred could differ from the original estimates, requiring adjustments to the accrual. The following table summarizes the activity in the product warranty accrual accounts: (in millions) 2019 2018 Beginning balance, January 1 $ 103 $ 112 Provisions for current period sales 36 38 Adjustments of prior estimates 9 9 Payments ( 43 ) ( 45 ) Translation adjustment and other ( 4 ) ( 4 ) Ending balance, September 30 $ 101 $ 110 The product warranty liability is classified in the Condensed Consolidated Balance Sheets as follows: September 30, December 31, (in millions) 2019 2018 Accounts payable and accrued expenses $ 54 $ 56 Other non-current liabilities 47 47 Total product warranty liability $ 101 $ 103 11 (10) Notes Payable and Long-Term Debt As of September 30, 2019 and December 31, 2018, the Company had short-term and long-term debt outstanding as follows: September 30, December 31, (in millions) 2019 2018 Short-term debt Short-term borrowings $ 33 $ 33 Long-term debt 8.00% Senior notes due 10/01/19 ($134 million par value) 134 135 4.625% Senior notes due 09/15/20 ($250 million par value) 251 251 1.80% Senior notes due 11/7/22 (€500 million par value) 542 570 3.375% Senior notes due 03/15/25 ($500 million par value) 497 497 7.125% Senior notes due 02/15/29 ($121 million par value) 119 119 4.375% Senior notes due 03/15/45 ($500 million par value) 494 494 Term loan facilities and other 5 15 Total long-term debt 2,042 2,081 Less: current portion 386 140 Long-term debt, net of current portion $ 1,656 $ 1,941 In July 2016, the Company terminated interest rate swaps which had the effect of converting $ 384 million of fixed rate notes to variable rates. The gain on the termination was recorded a"
14,BWA,F5,SP001,6.0,"In addition, the Company periodically enters into forward currency contracts in 40 order to reduce exposure to exchange rate risk related to transactions denominated in currencies other than the functional currency. The foreign currency translation adjustments contained within the Company's Condensed Consolidated Statements of Comprehensive (Loss) Income represent the foreign currency translational impacts of converting its non-U.S. dollar subsidiaries' financial statements to the Company’s reporting currency (U.S."
14,BWA,MID-F2,SP001,10.0,"Definition and Limitations of Internal Control over Financial Reporting A company’s internal control over financial reporting is a process designed to provide reasonable assurance regarding the reliability of financial reporting and the preparation of financial statements for external purposes in accordance with generally accepted accounting principles. A company’s internal control over financial reporting includes those policies and procedures that (i) pertain to the maintenance of records that, in reasonable detail, accurately and fairly reflect the transactions and dispositions of the assets of the company; (ii) provide reasonable assurance that transactions are recorded as necessary to permit preparation of financial statements in accordance with generally accepted accounting principles, and that receipts and expenditures of the company are being made only in accordance with authorizations of management and directors of the company; and (iii) provide reasonable 53 assurance regarding prevention or timely detection of unauthorized acquisition, use, or disposition of the company’s assets that could have a material effect on the financial statements. Because of its inherent limitations, internal control over financial reporting may not prevent or detect misstatements."
14,BWA,F1,SP002,10.0,"The Company is currently evaluating the impact this guidance will have on its consolidated financial statements. (3) Revenue from Contracts with Customers The Company manufactures and sells products, primarily to OEMs of light vehicles and, to a lesser extent, to other OEMs of commercial vehicles, off-highway vehicles, certain tier one vehicle systems suppliers and into the aftermarket. Although the Company may enter into long-term supply arrangements with its major customers, the prices and volumes are not fixed over the life of the arrangements, and a contract does not exist for purposes of applying ASC 606, "" Revenue from Contracts with Customers"" , until volumes are contractually known."
14,BWA,F5,SP002,10.0,"(3) Revenue from Contracts with Customers The Company manufactures and sells products, primarily to OEMs of light vehicles and, to a lesser extent, to other OEMs of commercial vehicles, off-highway vehicles, certain tier one vehicle systems suppliers and into the aftermarket. Although the Company may enter into long-term supply arrangements with its major customers, the prices and volumes are not fixed over the life of the arrangements, and a contract does not exist for purposes of applying ASC Topic 606, "" Revenue from Contracts with Customers,"" until volumes are contractually known. Revenue is recognized when performance obligations under the terms of a contract are satisfied, which generally occurs with the transfer of control of the Company's products."
14,BWA,MID-F3,SP002,10.0,"The Company does not expect this guidance to have a material impact and it will include enhanced disclosures in the Consolidated Financial Statements upon adoption. (3) Revenue from Contracts with Customers The Company manufactures and sells products, primarily to OEMs of light vehicles and, to a lesser extent, to other OEMs of commercial vehicles, off-highway vehicles, certain tier one vehicle systems suppliers and into the aftermarket. Although the Company may enter into long-term supply arrangements with its major customers, the prices and volumes are not fixed over the life of the arrangements, and a contract does not exist for purposes of applying ASC Topic 606, "" Revenue from Contracts with Customers"" , until volumes are contractually known."
14,BWA,F1,SP003,15.5,"AND CONSOLIDATED SUBSIDIARIES CONDENSED CONSOLIDATED STATEMENTS OF OPERATIONS (UNAUDITED) Three Months Ended September 30, Nine Months Ended September 30, (in millions, except per share amounts) 2019 2018 2019 2018 Net sales $ 2,492 $ 2,478 $ 7,609 $ 7,956 Cost of sales 1,968 1,963 6,053 6,270 Gross profit 524 515 1,556 1,686 Selling, general and administrative expenses 230 230 668 720 Other expense, net 18 7 63 42 Operating income 276 278 825 924 Equity in affiliates’ earnings, net of tax ( 7 ) ( 15 ) ( 25 ) ( 38 ) Interest income ( 4 ) ( 1 ) ( 9 ) ( 4 ) Interest expense 15 14 43 45 Other postretirement (income) expense ( 1 ) ( 3 ) 26 ( 8 ) Earnings before income taxes and noncontrolling interest 273 283 790 929 Provision for income taxes 66 67 230 192 Net earnings 207 216 560 737 Net earnings attributable to the noncontrolling interest, net of tax 13 12 34 36 Net earnings attributable to BorgWarner Inc. $ 194 $ 204 $ 526 $ 701 Earnings per share — basic $ 0.94 $ 0.98 $ 2.56 $ 3.36 Earnings per share — diluted $ 0.94 $ 0.98 $ 2.54 $ 3.34 Weighted average shares outstanding (millions): Basic 205.3 207.5 205.9 208.5 Diluted 206.3 208.7 206.8 209.8 See accompanying Notes to Condensed Consolidated Financial Statements. 2 BORGWARNER INC."
14,BWA,F5,SP003,16.2,"Other postretirement income of $5 million was recorded for the nine months ended September 30, 2020 as compared to expense of $26 million for the nine months ended September 30, 2019, primarily related to a non-cash settlement loss of $26 million associated with the accelerated recognition of unamortized losses. Refer to Note 13, ""Retirement Benefit Plans,"" to the Condensed Consolidated Financial Statements for more information. The Company's effective tax rate for the nine months ended September 30, 2020 was 50.5%."
14,BWA,MID-F3,SP003,17.2,"The estimated contributions to the Company's defined benefit pension plans for 2020 range from $ 10 million to $ 20 million , of which $ 5 million has been contributed through the first three months of the year. The other postretirement benefit plans, which provide medical and life insurance benefits, are unfunded plans. The components of net periodic benefit cost recorded in the Condensed Consolidated Statements of Operations are as follows: Pension benefits Other postretirement employee benefits (in millions) 2020 2019 Three Months Ended March 31, US Non-US US Non-US 2020 2019 Service cost $ — $ 5 $ — $ 5 $ — $ — Interest cost 1 2 2 3 1 1 Expected return on plan assets ( 3 ) ( 6 ) ( 3 ) ( 5 ) — — Amortization of unrecognized prior service credit — — — — ( 1 ) ( 1 ) Amortization of unrecognized loss 1 3 1 2 — — Net periodic benefit (income) cost $ ( 1 ) $ 4 $ — $ 5 $ — $ — 18 The components of net periodic benefit cost other than the service cost component are included in Other postretirement income in the Condensed Consolidated Statements of Operations."
14,BWA,F1,SP004,12.0,"For most of the Company's products, transfer of control occurs upon shipment or delivery; however, a limited number of the Company's customer arrangements for highly customized products with no alternative use provide the Company with the right to payment during the production process. As a result, for these limited arrangements, revenue is recognized as goods are produced and control transfers to the customer using the input cost-to-cost method. The Company recorded a contract asset of $ 10 million and $ 11 million at September 30, 2019 and December 31, 2018, respectively, for these arrangements."
14,BWA,F5,SP004,12.0,"For most of the Company's products, transfer of control occurs upon shipment or delivery; however, a limited number of the Company's customer arrangements for highly customized products with no alternative use provide the Company with the right to payment during the production process. As a result, for these limited arrangements, revenue is recognized as goods are produced and control transfers to the customer using the input cost-to-cost method. The Company recorded a contract asset of $ 8 million and $ 10 million at September 30, 2020 and December 31, 2019, respectively, for these arrangements."
14,BWA,MID-F2,SP004,28.0,"To maintain our profit margins, we seek price reductions from our suppliers, improved production processes to increase manufacturing efficiency, and streamlined product designs to reduce costs, and we attempt to develop new products, the benefits of which support stable or increased prices. Our ability to pass through increased raw material costs to our OEM customers is limited, with cost recovery often less than 100% and often on a delayed basis. Inability to reduce costs in an amount equal to annual price reductions, increases in raw material costs, and increases in employee wages and benefits could have an adverse effect on our business."
15,MCD,F1,SP001,13.0,"Furthermore, security incidents or breaches have from time to time occurred and may in the future occur involving our systems, the systems of the parties we communicate or collaborate with (including franchisees), or those of third party providers. These may include such things as unauthorized access, account takeovers, denial of service, computer viruses, introduction of malware or ransomware and other disruptive problems caused by hackers. Our information technology systems contain personal, financial and other information that is entrusted to us by our customers, our employees, our franchisees and other third parties, as well as financial, proprietary and other confidential information related to our business."
15,MCD,F5,SP001,13.0,"Furthermore, security incidents or breaches have from time to time occurred and may in the future occur involving our systems, the systems of the parties we communicate or collaborate with (including franchisees), or those of third party providers. These may include such things as unauthorized access, phishing attacks, account takeovers, denial of service, computer viruses, introduction of malware or ransomware and other disruptive problems caused by hackers. Our technology systems contain personal, financial and other information that is entrusted to us by our customers, our employees, our franchisees, our business customers and other third parties, as well as financial, proprietary and other confidential information related to our business."
15,MCD,MID-F2,SP001,13.0,"McDonald's Corporation 2019 Annual Report 27 Furthermore, security incidents or breaches have from time to time occurred and may in the future occur involving our systems, the systems of the parties we communicate or collaborate with (including franchisees), or those of third party providers. These may include such things as unauthorized access, phishing attacks, account takeovers, denial of service, computer viruses, introduction of malware or ransomware and other disruptive problems caused by hackers. Our technology systems contain personal, financial and other information that is entrusted to us by our customers, our employees, our franchisees, our business customers and other third parties, as well as financial, proprietary and other confidential information related to our business."
15,MCD,F1,SP002,14.0,"comparable sales increased 4.8% for the quarter and 5.0% for the nine months , reflecting national and local deal offerings and promotions, the continued positive impact from our EOTF deployment, as well as menu price increases. • International Operated segment comparable sales increased 5.6% for the quarter and 6.1% for the nine months , reflecting positive results across all markets, primarily driven by the U.K. and France."
15,MCD,F5,SP002,8.0,"The Company’s Other revenues are comprised of fees paid by franchisees to recover a portion of costs incurred by the Company for various technology platforms, revenues from brand licensing arrangements to market and sell consumer packaged goods using the McDonald’s brand, and third party revenues for the Dynamic Yield business. Sales by Company-operated restaurants are recognized on a cash basis at the time of the underlying sale and are presented net of sales tax and other sales-related taxes. Royalty revenues are based on a percent of sales and recognized at the time the underlying sales occur."
15,MCD,MID-F2,SP002,7.0,"The Company launched a framework in 2018, which includes the environment-related pillars of climate action, packaging and recycling, beef sustainability, and other sustainable sourcing efforts. These include goals and initiatives to reduce System greenhouse gas emissions, responsibly source ingredients and packaging, and increase the availability of recycling in restaurants to reduce waste, which the Company recognizes are also increasingly important to customers. The Company monitors environment-related governmental initiatives and consumer preferences, and plans to respond in a timely and appropriate manner."
15,MCD,F1,SP003,18.0,"and international regulations affecting our workforce, which includes our staff and employees working in our Company-operated restaurants. These regulations are increasingly focused on employment issues, including wage and hour, healthcare, immigration, retirement and other employee benefits and workplace practices. Claims of non-compliance with these regulations could result in liability and expense to us."
15,MCD,F5,SP003,18.0,"and international regulations affecting our workforce, which includes our staff and employees working in our Company-operated restaurants. These regulations are increasingly focused on employment issues, including wage and hour, healthcare, immigration, retirement and other employee benefits and workplace practices. Claims of non-compliance with these regulations could result in liability and expense to us."
15,MCD,MID-F2,SP003,18.0,"and international regulations affecting our workforce, which includes our staff and employees working in our Company-operated restaurants. These regulations are increasingly focused on employment issues, including wage and hour, healthcare, immigration, retirement and other employee benefits and workplace practices. Claims of non-compliance with these regulations could result in liability and expense to us."
15,MCD,F1,SP004,14.5,"Any volatility in certain commodity prices or fluctuation in labor costs could adversely affect our operating results by impacting restaurant profitability. The commodity markets for some of the ingredients we use, such as beef and chicken, are particularly volatile due to factors such as seasonal shifts, climate conditions, industry demand, international commodity markets, food safety concerns, product recalls and government regulation, all of which are beyond our control and, in many instances, unpredictable. We can only partially address future price risk through hedging and other activities, and therefore increases in commodity costs could have an adverse impact on our profitability."
15,MCD,F5,SP004,14.5,"Any volatility in certain commodity prices or fluctuation in labor costs could adversely affect our operating results by impacting restaurant profitability. The commodity markets for some of the ingredients we use, such as beef and chicken, are particularly volatile due to factors such as seasonal shifts, climate conditions, industry demand, international commodity markets, food safety concerns, product recalls and government regulation, all of which are beyond our control and, in many instances, unpredictable. We can only partially address future price risk through hedging and other activities, and therefore increases in commodity costs could have an adverse impact on our profitability."
15,MCD,MID-F2,SP004,14.5,"Any volatility in certain commodity prices or fluctuation in labor costs could adversely affect our operating results by impacting restaurant profitability. The commodity markets for some of the ingredients we use, such as beef and chicken, are particularly volatile due to factors such as seasonal shifts, climate conditions, industry demand, international commodity markets, food safety concerns, product recalls and government regulation, all of which are beyond our control and, in many instances, unpredictable. We can only partially address future price risk through hedging and other activities, and therefore increases in commodity costs could have an adverse impact on our profitability."
16,APTV,F1,SP001,6.0,"Aptiv’s derivative exposures are with counterparties with long-term investment grade credit ratings. Aptiv estimates the fair value of its derivative contracts using an income approach based on valuation techniques to convert future amounts to a single, discounted amount. Estimates of the fair value of foreign currency and commodity derivative instruments are determined using exchange traded prices and rates."
16,APTV,F5,SP001,7.0,"The number of the Company’s ordinary shares issuable upon conversion will be determined based on the volume-weighted average price per share of the Company’s ordinary shares over the 20 consecutive trading day period beginning on, and including the 21st scheduled trading day immediately before June 15, 2023. Subject to certain exceptions, at any time prior to June 15, 2023, holders of the MCPS may elect to convert each share into 1.0754 ordinary shares, subject to further anti-dilution adjustments. In the event of a fundamental change, the MCPS will convert at the fundamental change rates specified in the statement of rights, and the holders of the MCPS would be entitled to a fundamental change make-whole dividend."
16,APTV,MID-F2,SP001,13.5,"Additionally, certain of our products contain complex information technology systems designed to support today’s increasingly connected vehicles, and could be susceptible to similar interruptions, including the possibility of unauthorized access. Further, as we transition to offering more cloud-based solutions which are dependent on the Internet or other networks to operate, we may increasingly be the target of cyber threats, including computer viruses or breaches due to misconduct of employees, contractors or others who have access to our networks and systems, or those of third parties with which we do business. Although we have designed and implemented security measures to prevent and detect such unauthorized access or cyber threats from occurring, there can be no assurance that vulnerabilities will not be identified in the future, or that our security efforts will be successful."
16,APTV,F1,SP002,7.0,"These adjustments were not significant for any period presented after the acquisition date. The final purchase price and related allocation to the acquired net assets of KUM based on their estimated fair values is shown below (in millions): Assets acquired and liabilities assumed Purchase price, cash consideration, net of cash acquired $ 515 Debt and pension liabilities assumed 11 Total consideration, net of cash acquired $ 526 Property, plant and equipment $ 121 Intangible assets 110 Other assets, net 34 Identifiable net assets acquired 265 Goodwill resulting from purchase 261 Total purchase price allocation $ 526 Intangible assets primarily include amounts recognized for the fair value of customer-based assets, which will be amortized over their estimated useful lives of approximately 9 years. The estimated fair value of these assets was based on third-party valuations and management’s estimates, generally utilizing income and market approaches."
16,APTV,F5,SP002,7.0,"The acquisition was accounted for as a business combination, with the total purchase price allocated on a preliminary basis using information available, in the fourth quarter of 2019. The preliminary purchase price and related allocation to the acquired net assets of gabocom based on their estimated fair values is shown below (in millions): 33 Table of Contents Assets acquired and liabilities assumed Purchase price, cash consideration, net of cash acquired $ 311 Property, plant and equipment $ 25 Intangible assets 75 Other liabilities, net ( 11 ) Identifiable net assets acquired 89 Goodwill resulting from purchase 222 Total purchase price allocation $ 311 Intangible assets include $ 66 million recognized for the fair value of customer-based assets with estimated useful lives of approximately 9 years and $ 9 million recognized for the fair value of the acquired trade name, which has an estimated useful life of approximately 15 years. The estimated fair value of these assets was based on third-party valuations and management’s estimates, generally utilizing income and market approaches."
16,APTV,MID-F2,SP002,14.0,"Accordingly, significant changes in currency exchange rates, particularly the Euro and Chinese Yuan (Renminbi), could cause fluctuations in the reported results of our businesses’ operations that could negatively affect our results of operations. Price increases caused by currency exchange rate fluctuations may make our products less competitive or have an adverse effect on our margins. Currency exchange rate fluctuations may also disrupt the business of our suppliers by making their purchases of raw materials more expensive and more difficult to finance."
16,APTV,F1,SP003,21.0,"5 Table of Contents APTIV PLC CONSOLIDATED STATEMENTS OF CASH FLOWS (Unaudited) Nine Months Ended September 30, 2019 2018 (in millions) Cash flows from operating activities: Net income $ 768 $ 850 Adjustments to reconcile net income to net cash provided by operating activities: Depreciation 428 383 Amortization 111 91 Amortization of deferred debt issuance costs 4 5 Restructuring expense, net of cash paid 31 ( 2 ) Deferred income taxes 14 ( 73 ) Pension and other postretirement benefit expenses 29 29 Income from equity method investments, net of dividends received ( 9 ) ( 9 ) Loss on extinguishment of debt 6 — Gain on sale of assets ( 2 ) — Share-based compensation 43 33 Changes in operating assets and liabilities: Accounts receivable, net ( 173 ) ( 128 ) Inventories ( 63 ) ( 250 ) Other assets ( 140 ) ( 110 ) Accounts payable ( 19 ) 78 Accrued and other long-term liabilities ( 21 ) 86 Other, net ( 56 ) ( 58 ) Pension contributions ( 30 ) ( 35 ) Net cash provided by operating activities from continuing operations 921 890 Net cash used in operating activities from discontinued operations — ( 19 ) Net cash provided by operating activities 921 871 Cash flows from investing activities: Capital expenditures ( 619 ) ( 661 ) Proceeds from sale of property / investments 13 10 Cost of business acquisitions, net of cash acquired ( 23 ) ( 512 ) Cost of technology investments ( 4 ) — Settlement of derivatives 1 ( 6 ) Net cash used in investing activities ( 632 ) ( 1,169 ) Cash flows from financing activities: Net proceeds (repayments) under other short-term debt agreements 133 ( 11 ) Repayments under other long-term debt agreements ( 15 ) ( 8 ) Repayment of senior notes ( 654 ) — Proceeds from issuance of senior notes, net of issuance costs 641 — Contingent consideration and deferr"
16,APTV,F5,SP003,16.5,"The effects of this transaction would not materially impact the Company’s reported results for any period presented, and the transaction did not meet the criteria to be reflected as a discontinued operation. In connection with the closing of the transaction, Aptiv and the newly formed entity entered into various agreements to facilitate an orderly transition and to provide a framework for their relationship going forward, which included a transition services agreement. The transition services primarily involve Aptiv providing certain administrative services to the joint venture for a period of up to 24 months after the closing date."
16,APTV,MID-F2,SP003,18.5,"The assets and liabilities and operating results for the previously reported Powertrain Systems and Thermal Systems segments have been reclassified as discontinued operations separate from the Company’s continuing operations for all periods presented. For further information regarding discontinued operations, see Note 25. Discontinued Operations and Held For Sale to the audited consolidated financial statements included herein."
16,APTV,F1,SP004,18.2,"We will continue to work with our customers and suppliers to mitigate the impact of these inflationary pressures in the future. In addition, we expect commodity cost volatility, particularly related to copper and petroleum-based resin products, to have a continual impact on future earnings and/or operating cash flows. As such, we continually seek to mitigate both inflationary pressures and our material-related cost exposures using a number of approaches, including combining purchase requirements with customers and/or other suppliers, using alternate suppliers or product designs, negotiating cost reductions and/or commodity cost contract escalation clauses into our vehicle manufacturer supply contracts and hedging."
16,APTV,F5,SP004,18.2,"We will continue to work with our customers and suppliers to mitigate the impact of these inflationary pressures in the future. In addition, we expect commodity cost volatility, particularly related to copper and petroleum-based resin products, to have a continual impact on future earnings and/or operating cash flows. As such, we continually seek to mitigate both inflationary pressures and our material-related cost exposures using a number of approaches, including combining purchase requirements with customers and/or other suppliers, using alternate suppliers or product designs, negotiating cost reductions and/or commodity cost contract escalation clauses into our vehicle manufacturer supply contracts and hedging."
16,APTV,MID-F2,SP004,18.2,"We will continue to work with our customers and suppliers to mitigate the impact of these inflationary pressures in the future. In addition, we expect commodity cost volatility, particularly related to copper and petroleum-based resin products, to have a continual impact on future earnings and/or operating cash flows. As such, we continually seek to mitigate both inflationary pressures and our material-related cost exposures using a number of approaches, including combining purchase requirements with customers and/or other suppliers, using alternate suppliers or product designs, negotiating cost reductions and/or commodity cost contract escalation clauses into our vehicle manufacturer supply contracts and hedging."
17,CMG,F1,SP001,10.0,"Those that are binding primarily relate to commitments for food purchases and supplies, amounts owed under contractor and subcontractor agreements, orders submitted for equipment for restaurants under construction, and marketing initiatives and corporate sponsorships. Data Security Litigation In April 2017, our information security team detected unauthorized activity on the network that supports payment processing for our restaurants, and immediately began an investigation with the help of leading computer security firms. We also self-reported the issue to payment card processors and law enforcement."
17,CMG,F5,SP001,1.0,"12 Table of Contents well and is helping enhance guest access and convenience, as well as increase new restaurant sales, margins, and returns. We remain confident in the long-term opportunity to more than double the number of Chipotle restaurants in the U.S."
17,CMG,MID-F2,SP001,13.2,"Some of our guests also have experienced account takeover fraud, in which guests use the same log in credentials on multiple websites and, when a third party obtains those credentials, they can gain unauthorized access to their accounts and charge food orders to the credit card linked to the account (without accessing credit card data). We may in the future become subject to other legal proceedings for purportedly fraudulent transactions arising out of the actual or alleged theft of our consumers’ credit or debit card information or if consumer or employee information is obtained by unauthorized persons or used inappropriately. Any such claim or proceeding, or any adverse publicity resulting from such an event, may have a material adverse effect on our business and the potential of incurring significant remediation costs."
17,CMG,F1,SP002,23.0,"For the nine months ended September 30, 2019, comparable restaurant sales increased 10.3% as a result of a 6.7% increase in comparable restaurant transactions and a 3.8% increase in the average check, which includes a benefit from menu price increases that were implemented during 2018. Food, Beverage and Packaging Costs Three months ended Nine months ended September 30, Percentage September 30, Percentage 2019 2018 change 2019 2018 change (dollars in millions) (dollars in millions) Food, beverage and packaging $ 466.5 $ 409.2 14.0% $ 1,371.1 $ 1,194.2 14.8% As a percentage of revenue 33.2% 33.4% (0.2%) 33.1% 32.8% 0.3% Food, beverage and packaging costs decreased as a percentage of revenue for the three months ended September 30, 2019, primarily due to the benefit of menu price increases during 2018, partially offset by increased cost of several ingredients. Food, beverage and packaging costs increased as a percentage of revenue for the nine months ended September 30, 2019, primarily due to increased cost of several ingredients."
17,CMG,F5,SP002,20.5,"Food, Beverage and Packaging Costs Three months ended Nine months ended September 30, Percentage September 30, Percentage 2020 2019 change 2020 2019 change (dollars in millions) (dollars in millions) Food, beverage and packaging $ 517.3 $ 466.5 10.9% $ 1,434.3 $ 1,371.1 4.6% As a percentage of revenue 32.3% 33.2% (0.9%) 32.8% 33.1% (0.3%) Food, beverage and packaging costs decreased as a percentage of revenue for the three months and nine months ended September 30, 2020 compared to September 30, 2019, primarily due to the benefit of menu price increases, lower avocado costs, and to a lesser extent, lower salsa usage and waste. These decreases were partially offset by COVID-19 related impacts including elevated beef prices due to temporary shutdowns of processing plants, increased incidence of steak, and fewer sales of high margin beverages. Labor Costs Three months ended Nine months ended September 30, Percentage September 30, Percentage 2020 2019 change 2020 2019 change (dollars in millions) (dollars in millions) Labor costs $ 405.8 $ 373.6 8.6% $ 1,184.6 $ 1,090.5 8.6% As a percentage of revenue 25.3% 26.6% (1.3%) 27.1% 26.3% 0.8% Labor costs decreased as a percentage of revenue for the three months ended September 30, 2020 compared to September 30, 2019, primarily due to sales leverage and improved labor efficiency realized from digital enhancements to the restaurants."
17,CMG,MID-F4,SP002,23.5,"Food, Beverage and Packaging Costs Three months ended Six months ended June 30, Percentage June 30, Percentage 2020 2019 change 2020 2019 change (dollars in millions) (dollars in millions) Food, beverage and packaging $ 454.8 $ 483.3 (5.9%) $ 917.1 $ 904.7 1.4% As a percentage of revenue 33.3% 33.7% (0.4%) 33.0% 33.0% 0.0% Food, beverage and packaging costs decreased as a percentage of revenue for the three months ended June 30, 2020 compared to June 30, 2019, primarily due to lower avocado costs, the benefit of menu price increases in late 2019, and to a lesser extent, lower waste, freight, and paper costs. These decreases were partially offset by elevated beef prices and increased incidence of steak, bottled beverages, and burritos. Food, beverage and packaging costs remained flat as a percentage of revenue for the six months ended June 30, 2020 compared to June 30, 2019, primarily due to the benefit of menu price increases in late 2019, lower avocado costs, and, to a lesser extent, lower paper costs."
17,CMG,F1,SP003,12.8,"Corporate restructuring costs consist of the following: Three months ended Nine months ended September 30, September 30, 2019 2018 2019 2018 Employee severance and other employee transition costs (1) $ 142 $ 4,100 $ 1,648 $ 4,593 Recruitment and relocation costs (1) 1,136 3,188 5,336 3,395 Operating lease asset impairment and other office closure costs (2) - ( 1,076 ) 1,719 15,223 Third-party and other costs (1) 1,180 2,460 3,218 5,660 Stock-based compensation (1) - 6,087 134 ( 339 ) Total corporate restructuring costs $ 2,458 $ 14,759 $ 12,055 $ 28,532 (1) Recorded in general and administrative expenses on the condensed consolidated statement of income. (2) Recorded in impairment, closure costs, and asset disposals on the condensed consolidated statement of income. Changes in our corporate restructuring liabilities which are included in accrued liabilities on the condensed consolidated balance sheet were as follows: December 31, 2018 Charges Payments September 30, 2019 Employee severance and other employee transition costs $ 2,722 $ 1,648 $ ( 4,370 ) $ - Recruitment and relocation costs 224 5,336 ( 5,490 ) 70 Third-party and other costs 554 3,218 ( 3,698 ) 74 Total restructuring liability $ 3,500 $ 10,202 $ ( 13,558 ) $ 144 6."
17,CMG,F5,SP003,9.0,"As of September 30, 2020, $ 115,018 was available to be repurchased under announced repurchase authorizations. Shares repurchased are being held in treasury stock until they are reissued or retired at the discretion of the Board of Directors. No shares were repurchased during the three months ended September 30, 2020 as we have temporarily suspended our share buyback program in the midst of the coronavirus (COVID-19) pandemic."
17,CMG,MID-F3,SP003,10.0,"In March 2020 we suspended our stock buyback program and implemented a short-term cash preservation strategy, which is discussed in further detail in the “Liquidity and Capital Resource” section below. Given the level of volatility and uncertainty surrounding the future impact of COVID-19 on the broader US economy and any specific impact to our business, we have withdrawn our previously issued fiscal 2020 guidance related to comparable restaurant sales growth and new restaurant openings. The analysis that follows provides more specific details about how the COVID-19 outbreak has impacted specific financial statement items."
17,CMG,F1,SP004,21.5,"16 Table of Contents Labor Costs Three months ended Nine months ended September 30, Percentage September 30, Percentage 2019 2018 change 2019 2018 change (dollars in millions) (dollars in millions) Labor costs $ 373.6 $ 332.9 12.3% $ 1,090.5 $ 993.6 9.8% As a percentage of revenue 26.6% 27.2% (0.6%) 26.3% 27.3% (1.0%) Labor costs decreased as a percentage of revenue for the three and nine months ended September 30, 2019, primarily due to sales leverage, partially offset by wage inflation. Occupancy Costs Three months ended Nine months ended September 30, Percentage September 30, Percentage 2019 2018 change 2019 2018 change (dollars in millions) (dollars in millions) Occupancy costs $ 91.4 $ 86.7 5.4% $ 270.1 $ 258.7 4.4% As a percentage of revenue 6.5% 7.1% (0.6%) 6.5% 7.1% (0.6%) Occupancy costs decreased as a percentage of revenue for the three and nine months ended September 30, 2019, primarily due to sales leverage on a partially fixed-cost base."
17,CMG,F5,SP004,14.5,"Labor Costs Three months ended Nine months ended September 30, Percentage September 30, Percentage 2020 2019 change 2020 2019 change (dollars in millions) (dollars in millions) Labor costs $ 405.8 $ 373.6 8.6% $ 1,184.6 $ 1,090.5 8.6% As a percentage of revenue 25.3% 26.6% (1.3%) 27.1% 26.3% 0.8% Labor costs decreased as a percentage of revenue for the three months ended September 30, 2020 compared to September 30, 2019, primarily due to sales leverage and improved labor efficiency realized from digital enhancements to the restaurants. This decrease was partially offset by increased crew wages including expanded emergency leave benefits to accommodate those directly affected by COVID-19. Labor costs increased as a percentage of revenue for the nine months ended September 30, 2020 compared to September 30, 2019, primarily as a result of increased crew wages, including temporary assistance pay for our crew working during the initial months of the COVID-19 pandemic."
17,CMG,MID-F2,SP004,30.0,"Although a significant majority of our crew members make more than the federal and applicable state and local minimum wage, increases in the applicable federal or state minimum wage may have an impact on our labor costs by causing wage inflation above the minimum wage level. Additionally, many of our leases require us to pay property taxes, maintenance, and utilities, all of which are generally subject to inflationary increases. In the past we have largely been able to offset inflationary increases with menu price increases."
18,SBUX,F1,SP001,13.0,"Similar to many other retail companies and because of the prominence of our brand, we are consistently subject to attempts to compromise our information technology systems. To the extent we or a third party were to experience a material breach of our or such third parties' information technology systems that result in the unauthorized access, theft, use, destruction or other compromises of customers' or employees' data or confidential information of the Company stored in such systems, including through cyber-attacks or other external or internal methods, it could result in a material loss of revenues from the potential adverse impact to our reputation and brand, our ability to retain or attract new customers and the potential disruption to our business and plans. Such security breaches also could result in a violation of applicable U.S."
18,SBUX,F5,SP001,13.0,"Similar to other companies, the number and frequency of these attempts varies from year to year but could be exacerbated to some extent by an increase in our digital operations in our efforts to comply with state and local mandates in response to COVID-19. To the extent we or a third party were to experience a material breach of our or such third parties' information technology systems that result in the unauthorized access, theft, use, destruction or other compromises of customers' or employees' data or confidential information of the Company stored in such systems, including through cyber-attacks or other external or internal methods, it could result in a material loss of revenues from the potential adverse impact to our reputation and brand, our ability to retain or attract new customers and the potential disruption to our business and plans. Such security breaches also could result in a violation of applicable U.S."
18,SBUX,MID-F2,SP001,6.0,"Note 2: Acquisitions, Divestitures and Strategic Alliance Fiscal 2019 In the third quarter of fiscal 2019, we sold our company-operated retail business in Thailand to Coffee Concepts Thailand, a joint venture between Maxim's Caterers Limited and F&N Retail Connection Co. Ltd, converting this operation to a fully licensed market. This transaction resulted in a pre-tax gain of $ 601.9 million, which was included in net gains resulting from divestiture of certain operations on our consolidated statements of earnings."
18,SBUX,F1,SP002,9.0,"Note 5: Inventories (in millions) Sep 29, 2019 Sep 30, 2018 Coffee: Unroasted $ 656.5 $ 588.6 Roasted 276.5 281.2 Other merchandise held for sale 288.0 273.1 Packaging and other supplies 308.4 257.6 Total $ 1,529.4 $ 1,400.5 Other merchandise held for sale includes, among other items, serveware, food and tea. Inventory levels vary due to seasonality, commodity market supply and price fluctuations. As of September 29, 2019 , we had committed to purchasing green coffee totaling $ 854 million under fixed-price contracts and an estimated $ 203 million under price-to-be-fixed contracts."
18,SBUX,F5,SP002,9.5,"We purchase green coffee beans from multiple coffee-producing regions around the world and custom roast them to our exacting standards for our many blends and single origin coffees. The price of coffee is subject to significant volatility. Although most coffee trades in the commodity market, high-altitude arabica coffee of the quality sought by Starbucks tends to trade on a negotiated basis at a premium above the “C” coffee commodity price."
18,SBUX,MID-F2,SP002,8.5,"The resulting gains or losses are recorded in AOCI and are subsequently reclassified to cost of sales when the hedged exposure affects net earnings. 10 Table of Contents To mitigate the price uncertainty of a portion of our future purchases, including dairy products, diesel fuel and other commodities, we enter into swap contracts, futures and collars that are not designated as hedging instruments. The resulting gains and losses are recorded in interest income and other, net to help offset price fluctuations on our beverage, food, packaging and transportation costs, which are included in cost of sales on our consolidated statements of earnings."
18,SBUX,F1,SP003,15.0,"The offsetting lease financing obligations are recorded in other long-term liabilities, with the current portion recorded in accrued occupancy costs within accrued liabilities on our consolidated balance sheets. These assets and obligations are amortized in depreciation and amortization and interest expense, respectively, on our consolidated statements of earnings based on the terms of the related lease agreements. Asset Retirement Obligations We recognize a liability for the fair value of required asset retirement obligations (“ARO”) when such obligations are incurred."
18,SBUX,F5,SP003,14.0,"49 Table of Contents STARBUCKS CORPORATION CONSOLIDATED STATEMENTS OF CASH FLOWS (in millions) Fiscal Year Ended Sep 27, 2020 Sep 29, 2019 Sep 30, 2018 OPERATING ACTIVITIES: Net earnings including noncontrolling interests $ 924.7 $ 3,594.6 $ 4,518.0 Adjustments to reconcile net earnings to net cash provided by operating activities: Depreciation and amortization 1,503.2 1,449.3 1,305.9 Deferred income taxes, net ( 25.8 ) ( 1,495.4 ) 714.9 Income earned from equity method investees ( 280.7 ) ( 250.6 ) ( 242.8 ) Distributions received from equity method investees 227.7 216.8 226.8 Gain resulting from acquisition of joint venture — — ( 1,376.4 ) Net gain resulting from divestiture of certain retail operations — ( 622.8 ) ( 499.2 ) Stock-based compensation 248.6 308.0 250.3 Goodwill impairments — 10.5 37.6 Non-cash lease cost 1,197.6 — — Loss on retirement and impairment of assets 454.4 142.6 75.6 Other 24.5 45.3 13.4 Cash provided by/(used in) changes in operating assets and liabilities: Accounts receivable ( 2.7 ) ( 197.7 ) 131.0 Inventories ( 10.9 ) ( 173.0 ) ( 41.2 ) Prepaid expenses and other current assets ( 317.5 ) 922.0 ( 839.5 ) Income taxes payable ( 1,214.6 ) 1,237.1 146.0 Accounts payable ( 210.8 ) 31.9 391.6 Deferred revenue 31.0 ( 30.5 ) 7,109.4 Operating lease liability ( 1,231.4 ) — — Other operating assets and liabilities 280.5 ( 141.1 ) 16.4 Net cash provided by operating activities 1,597.8 5,047.0 11,937.8 INVESTING ACTIVITIES: Purchases of investments ( 443.9 ) ( 190.4 ) ( 191.9 ) Sales of investments 186.7 298.3 459.0 Maturities and calls of investments 73.7 59.8 45.3 Acquisitions, net of cash acquired — — ( 1,311.3 ) Additions to property, plant and equipment ( 1,483.6 ) ( 1,806.6 ) ( 1,976.4 ) Net proceeds from the divestiture of certain operations — 6"
18,SBUX,MID-F4,SP003,14.0,"5 Table of Contents STARBUCKS CORPORATION CONSOLIDATED STATEMENTS OF CASH FLOWS (in millions, unaudited) Three Quarters Ended Jun 28, 2020 Jun 30, 2019 OPERATING ACTIVITIES: Net earnings including noncontrolling interests $ 532.0 $ 2,792.2 Adjustments to reconcile net earnings to net cash provided by operating activities: Depreciation and amortization 1,124.0 1,083.6 Deferred income taxes, net 20.0 ( 1,243.5 ) Income earned from equity method investees ( 182.3 ) ( 174.1 ) Distributions received from equity method investees 165.6 163.7 Net gain resulting from divestiture of certain retail operations — ( 622.8 ) Stock-based compensation 188.0 255.4 Goodwill impairments — 10.5 Non-cash lease costs 902.4 — Loss on retirement and impairment of assets 124.6 50.5 Other 63.7 71.8 Cash provided by/(used in) changes in operating assets and liabilities: Accounts receivable 13.4 ( 70.1 ) Inventories ( 51.7 ) ( 140.5 ) Prepaid expenses and other current assets ( 492.1 ) 831.6 Income taxes payable ( 1,224.5 ) 1,045.4 Accounts payable ( 320.3 ) ( 15.1 ) Deferred revenue 92.0 ( 32.4 ) Operating lease liability ( 918.2 ) — Other operating assets and liabilities 70.5 ( 67.4 ) Net cash provided by operating activities 107.1 3,938.8 INVESTING ACTIVITIES: Purchases of investments ( 297.4 ) ( 176.3 ) Sales of investments 133.5 281.7 Maturities and calls of investments 10.0 57.5 Additions to property, plant and equipment ( 1,138.4 ) ( 1,280.7 ) Net proceeds from the divestiture of certain operations — 684.2 Other ( 39.4 ) ( 72.9 ) Net cash used in investing activities ( 1,331.7 ) ( 506.5 ) FINANCING ACTIVITIES: Proceeds from issuance of short-term debt 1,157.2 — Repayments of short-term debt ( 220.7 ) — Proceeds from issuance of long-term debt 4,727.6 1,996.0 Repayments of long-term debt — ("
18,SBUX,F1,SP004,13.0,"• Changes in the availability of and the cost of labor could adversely affect our business. Increases in labor costs, including wages and benefits, which, in a retail business such as ours, are two of our most significant costs, both domestically and internationally, including those increases triggered by regulatory actions regarding wages, scheduling and benefits; increased health care and workers’ compensation insurance costs and increased wages and costs of other benefits necessary to attract and retain high quality employees with the right skill sets. Furthermore, the growth of our business can make it increasingly difficult to locate and hire sufficient numbers of key employees, to maintain an effective system of internal controls for a globally dispersed enterprise and to train employees worldwide to deliver a consistently high-quality product and customer experience which could materially harm our business and results of operations."
18,SBUX,F5,SP004,15.0,"To help protect the health and welfare of our partners, we incurred incremental labor costs, including paying the wages and benefits to partners who were either unable or uncomfortable working from mid-March through May, a temporary wage increase for partners who continued working during this period and additional benefits to furloughed or separated partners resulting from reduced store hours. The incremental wages incurred were partially offset by qualified tax credits provided by the Coronavirus Aid, Relief and Economic Security Act (“CARES Act”) and the Canada Emergency Wage Subsidy (“CEWS”). In June 2020, we announced a plan to optimize our North America store portfolio, primarily in dense, metropolitan markets, by blending store formats to better cater to changing customer tastes and preferences."
18,SBUX,MID-F4,SP004,10.0,"Partners who were able to work during this period received a temporary wage increase as a recognition of their service. The incremental salaries and wages incurred were partially offset by qualified tax credits provided by the Coronavirus Aid, Relief, and Economic Security Act (“CARES Act”) and the Canada Emergency Wage Subsidy (“CEWS”). As we began re-opening stores, we realigned labor schedules and hours due to reduced customer traffic and demand, which required a portion of our retail store partners to be furloughed or separated from the Company and resulted in additional benefit payments to impacted partners."
19,WHR,F1,SP001,8.2,"The Brazilian tax authorities have sought clarification before the Brazilian Supreme Court (in a leading case involving another taxpayer) of certain matters, including the amount of these credits (i.e., the gross rate or net credit amount), and certain other matters that could affect the rights of Brazilian taxpayers regarding these credits, and a hearing is scheduled for December 2019. If the Brazilian tax authorities challenge our rights to these credits, we may become subject to new litigation related to credits already monetized and/or disallowance of further credit monetization. Based on the opinions of our tax and legal advisors, we have not accrued any amounts related to potential future litigation regarding these credits."
19,WHR,F5,SP001,8.2,"The decrease in in terest and sundry income for the three months ended September 30, 2020 was primarily due to the unfavorable impact of foreign currency. The decrease in interest and sundry income for the nine months ended September 30, 2020 was primarily due to the prior year impact of the recognized gain of $180 million related to Brazil indirect tax credits that we are entitled to monetize in future periods, which reflects $196 million of monetizable indirect tax credits, net of related fees. For additional information, see Note 7 to the Consolidated Condensed Financial Statements."
19,WHR,MID-F2,SP001,13.2,"Our information systems, or those of our third-party service providers, have been in the past and could be in the future impacted by inappropriate or mistaken activity of parties intent on extracting or corrupting information or disrupting business processes. Such unauthorized access could disrupt our business and could result in the loss of assets. Cyber attacks are becoming more sophisticated and include malicious software, attempts to gain unauthorized access to data, and other electronic security breaches that could lead to disruptions in critical systems, unauthorized release of confidential or otherwise protected information, and corruption of data."
19,WHR,F1,SP002,9.0,"Assets and liabilities measured at fair value are based on a market valuation approach using prices and other relevant information generated by market transactions involving identical or comparable assets or liabilities. As a basis for considering such assumptions, a three-tiered fair value hierarchy is established, which prioritizes the inputs used in measuring fair value as follows: (Level 1) observable inputs such as quoted prices in active markets; (Level 2) inputs, other than the quoted prices in active markets that are observable, either directly or indirectly; and (Level 3) unobservable inputs in which there is little or no market data, which require the reporting entity to develop its own assumptions. 23 The non-recurring fair values represent only those assets whose carrying values were adjusted to fair value during the reporting period."
19,WHR,F5,SP002,7.5,"(10) FAIR VALUE MEASUREMENTS Fair value is measured based on an exit price, representing the amount that would be received to sell an asset or paid to transfer a liability in an orderly transaction between market participants. As such, fair value is a market-based measurement that should be determined based on assumptions market participants would use in pricing an asset or liability. Assets and liabilities measured at fair value are based on a market valuation approach using prices and other relevant information generated by market transactions involving identical or comparable assets or liabilities."
19,WHR,MID-F4,SP002,12.0,"As such, fair value is a market-based measurement that should be determined based on assumptions market participants would use in pricing an asset or liability. Assets and liabilities measured at fair value are based on a market valuation approach using prices and other relevant information generated by market transactions involving identical or comparable assets or liabilities. As a basis for considering such assumptions, a three-tiered fair value hierarchy is established, which prioritizes the inputs used in measuring fair value as follows: (Level 1) observable inputs such as quoted prices in active markets; (Level 2) inputs, other than the quoted prices in active markets that are observable, either directly or indirectly; and (Level 3) unobservable inputs in which there is little or no market data, which require the reporting entity to develop its own assumptions."
19,WHR,F1,SP003,13.5,"Our total short-term outstanding bank indebtedness under guarantees was $ 19 million at September 30, 2019 and $ 21 million at December 31, 2018 . 17 ( 9 ) PENSION AND OTHER POSTRETIREMENT BENEFIT PLANS The following table summarizes the components of net periodic pension cost and the cost of other postretirement benefits for the periods presented: Three Months Ended September 30, United States Pension Benefits Foreign Pension Benefits Other Postretirement Benefits Millions of dollars 2019 2018 2019 2018 2019 2018 Service cost $ 1 $ 1 $ 1 $ 1 $ 2 $ 2 Interest cost 30 30 5 5 4 3 Expected return on plan assets ( 44 ) ( 43 ) ( 6 ) ( 8 ) — — Amortization: Actuarial loss 11 14 2 2 — — Prior service credit ( 1 ) ( 1 ) — — ( 2 ) ( 3 ) Settlement and curtailment (gain) loss 10 — — 1 — 4 Net periodic cost $ 7 $ 1 $ 2 $ 1 $ 4 $ 6 Nine Months Ended September 30, United States Pension Benefits Foreign Pension Benefits Other Postretirement Benefits Millions of dollars 2019 2018 2019 2018 2019 2018 Service cost $ 2 $ 2 $ 4 $ 4 $ 5 $ 5 Interest cost 92 89 17 17 12 10 Expected return on plan assets ( 133 ) ( 128 ) ( 21 ) ( 25 ) — — Amortization: Actuarial loss 35 40 6 7 — — Prior service credit ( 2 ) ( 2 ) — — ( 7 ) ( 2 ) Settlement and curtailment (gain) loss 10 — 1 ( 2 ) ( 7 ) 4 Net periodic cost $ 4 $ 1 $ 7 $ 1 $ 3 $ 17 The following table summarizes the net periodic cost recognized in operating profit and interest and sundry (income) expense for the periods presented: Three Months Ended September 30, United States Pension Benefits Foreign Pension Benefits Other Postretirement Benefits Millions of dollars 2019 2018 2019 2018 2019 2018 Operating profit (loss) $ 1 $ 1 $ 1 $ 1 $ 2 $ 2 Interest and sundry (income) expense 6 — 1 — 2 4 Net periodic benefit cost $ 7 $ 1 $ 2 $ 1 $ 4 $ 6 Nin"
19,WHR,F5,SP003,16.5,"For additional information, see Note 7 to the Consolidated Condensed Financial Statements. 38 Pension and Other Postretirement Benefit Plans During the third quarter, the Company announced changes to a postretirement medical benefit program for certain groups of retirees. The total annualized net earnings impact of these plan amendments is approximately $35 million."
19,WHR,MID-F2,SP003,15.8,"47 WHIRLPOOL CORPORATION CONSOLIDATED STATEMENTS OF COMPREHENSIVE INCOME (LOSS) Year Ended December 31, (Millions of dollars) 2019 2018 2017 Net earnings (loss) $ 1,198 $ ( 159 ) $ 337 Other comprehensive income (loss), before tax: Foreign currency translation adjustments 54 ( 272 ) 32 Derivative instruments: Net gain (loss) arising during period 71 77 ( 84 ) Less: reclassification adjustment for gain (loss) included in net earnings (loss) 88 107 ( 80 ) Derivative instruments, net ( 17 ) ( 30 ) ( 4 ) Marketable securities: Net gain (loss) arising during period — — 6 Marketable securities, net — — 6 Defined benefit pension and postretirement plans: Prior service (cost) credit arising during period 9 ( 5 ) ( 16 ) Net gain (loss) arising during period ( 6 ) ( 102 ) ( 51 ) Less: amortization of prior service credit (cost) and actuarial (loss) ( 49 ) ( 59 ) ( 52 ) Defined benefit pension and postretirement plans, net 52 ( 48 ) ( 15 ) Other comprehensive income (loss), before tax 89 ( 350 ) 19 Income tax benefit (expense) related to items of other comprehensive income (loss) ( 12 ) 5 50 Other comprehensive income (loss), net of tax $ 77 $ ( 345 ) $ 69 Comprehensive income (loss) $ 1,275 $ ( 504 ) $ 406 Less: comprehensive income (loss), available to noncontrolling interests 14 26 ( 13 ) Comprehensive income (loss) available to Whirlpool $ 1,261 $ ( 530 ) $ 419 The accompanying notes are an integral part of these Consolidated Financial Statements. 48 WHIRLPOOL CORPORATION CONSOLIDATED BALANCE SHEETS At December 31, (Millions of dollars) 2019 2018 Assets Current assets Cash and cash equivalents $ 1,952 $ 1,498 Accounts receivable, net of allowance of $132 and $136, respectively 2,198 2,210 Inventories 2,438 2,533 Prepaid and other current assets 810 839 Assets held for sale — 8"
19,WHR,F1,SP004,12.5,"tariffs was a component of increased raw material costs during the quarter ended September 30, 2019 . We expect these and other tariffs to impact material and freight costs in future quarters, which could require us to modify our current business practices and could have a material adverse effect on our financial statements in any particular reporting period. Brexit In 2016, the UK held a referendum, the outcome of which was an expressed public desire to exit the European Union (“Brexit”), which has resulted in greater uncertainty related to the free movement of goods, services, people and capital between the UK and the EU."
19,WHR,F5,SP004,12.5,"tariffs increased raw material costs during 2019 and 2020. We expect these and other tariffs to impact material and freight costs in future quarters, which could require us to modify our current business practices and could have a material adverse effect on our financial statements in any particular reporting period. Brexit In 2016, the UK held a referendum, the outcome of which was an expressed public desire to exit the European Union (“Brexit”), which has resulted in greater uncertainty related to the free movement of goods, services, people and capital between the UK and the EU."
19,WHR,MID-F2,SP004,26.0,"The sources and prices of the primary materials (such as steel, resins, and base metals) used to manufacture our products and components containing those materials are susceptible to significant global and regional price fluctuations due to supply/demand trends, transportation costs, labor costs, government regulations and tariffs, changes in currency exchange rates, price controls, the economic climate, and other unforeseen circumstances. For example, we experienced continued inflation in raw materials and certain manufactured components during 2019, which negatively impacted our operating results. In addition, we enter into commodity swap contracts to hedge the price risk associated with certain commodities purchases."
20,F,F1,SP001,7.0,"On March 8, 2013, U.S. Customs and Border Protection (“CBP”) ruled that Transit Connects imported as passenger wagons and later converted into cargo vans are subject to the 25% duty applicable to cargo vehicles, rather than the 2.5% duty applicable to passenger vehicles. As a result of the ruling, CBP is requiring Ford to pay the 25% duty upon importation of Transit Connects that will be converted to cargo vehicles, and is seeking the difference in duty rates for prior imports."
20,F,F5,SP001,8.0,"Accumulated depreciation reflects early termination losses on operating leases due to customer default events for all periods presented. For additional information, refer to the “Critical Accounting Estimates - Accumulated Depreciation on Vehicles Subject to Operating Leases” section of Item 7 of Part II of our 2019 Form 10-K Report • Exchange: ◦ Reflects changes in EBT driven by the effects of converting functional currency income to U.S. dollars • Other: ◦ Primarily includes operating expenses, other revenue, insurance expenses, and other income at prior period exchange rates ◦ Changes in operating expenses are primarily driven by salaried personnel costs, facilities costs, and costs associated with the origination and servicing of customer contracts ◦ In general, other income changes are primarily driven by changes in earnings related to market valuation adjustments to derivatives (primarily related to movements in interest rates) and other miscellaneous items 47 Item 2."
20,F,MID-F2,SP001,10.0,"FS-1 Definition and Limitations of Internal Control over Financial Reporting A company’s internal control over financial reporting is a process designed to provide reasonable assurance regarding the reliability of financial reporting and the preparation of financial statements for external purposes in accordance with generally accepted accounting principles. A company’s internal control over financial reporting includes those policies and procedures that (i) pertain to the maintenance of records that, in reasonable detail, accurately and fairly reflect the transactions and dispositions of the assets of the company; (ii) provide reasonable assurance that transactions are recorded as necessary to permit preparation of financial statements in accordance with generally accepted accounting principles, and that receipts and expenditures of the company are being made only in accordance with authorizations of management and directors of the company; and (iii) provide reasonable assurance regarding prevention or timely detection of unauthorized acquisition, use, or disposition of the company’s assets that could have a material effect on the financial statements. Because of its inherent limitations, internal control over financial reporting may not prevent or detect misstatements."
20,F,F1,SP002,7.5,"DEBT The carrying value of Automotive, Ford Credit, and Other debt was as follows (in millions): Automotive December 31, 2018 September 30, 2019 Debt payable within one year Short-term $ 614 $ 512 Long-term payable within one year U.S. Department of Energy Advanced Technology Vehicles Manufacturing (“DOE ATVM”) Incentive Program 591 591 Other debt 1,125 519 Unamortized (discount)/premium ( 16 ) — Total debt payable within one year 2,314 1,622 Long-term debt payable after one year Public unsecured debt securities (a) 9,033 9,783 DOE ATVM Incentive Program 1,470 1,027 Delayed draw term loan (b) — 1,500 Other debt 1,026 562 Adjustments Unamortized (discount)/premium ( 224 ) ( 164 ) Unamortized issuance costs ( 72 ) ( 93 ) Total long-term debt payable after one year 11,233 12,615 Total Automotive $ 13,547 $ 14,237 Fair value of Automotive debt (c) $ 13,319 $ 14,806 Ford Credit Debt payable within one year Short-term $ 14,705 $ 13,541 Long-term payable within one year Unsecured debt 14,373 14,854 Asset-backed debt 22,130 24,496 Adjustments Unamortized (discount)/premium 2 — Unamortized issuance costs ( 16 ) ( 19 ) Fair value adjustments (d) ( 15 ) ( 20 ) Total debt payable within one year 51,179 52,852 Long-term debt payable after one year Unsecured debt 52,409 55,651 Asset-backed debt 36,844 30,209 Adjustments Unamortized (discount)/premium — ( 2 ) Unamortized issuance costs ( 195 ) ( 200 ) Fair value adjustments (d) ( 171 ) 764 Total long-term debt payable after one year 88,887 86,422 Total Ford Credit $ 140,066 $ 139,274 Fair value of Ford Credit debt (c) $ 138,809 $ 140,110 Other Long-term debt payable within one year $ — $ 130 Long-term debt payable after one year Unsecured debt 604 474 Adjustments Unamortized (discount)/premium ( 3 ) ( 3 ) Unamortized issuance costs ("
20,F,F5,SP002,7.5,"DEBT The carrying value of Automotive, Ford Credit, and Other debt was as follows (in millions): December 31, 2019 September 30, 2020 Automotive Debt payable within one year Short-term $ 315 $ 807 Long-term payable within one year U.S. Department of Energy Advanced Technology Vehicles Manufacturing (“DOE ATVM”) Incentive Program (a) 591 148 Other debt 540 414 Unamortized (discount)/premium ( 1 ) ( 1 ) Total debt payable within one year 1,445 1,368 Long-term debt payable after one year (b) Public unsecured debt securities (c) 10,583 18,583 Delayed draw term loan 1,500 1,500 DOE ATVM Incentive Program (a) 880 1,101 Other debt (d) 547 1,611 Unamortized (discount)/premium ( 161 ) ( 239 ) Unamortized issuance costs ( 116 ) ( 193 ) Total long-term debt payable after one year 13,233 22,363 Total Automotive $ 14,678 $ 23,731 Fair value of Automotive debt (e) $ 15,606 $ 25,793 Ford Credit Debt payable within one year Short-term $ 13,717 $ 10,231 Long-term payable within one year Unsecured debt 15,062 18,568 Asset-backed debt 23,609 20,619 Unamortized (discount)/premium 1 3 Unamortized issuance costs ( 17 ) ( 18 ) Fair value adjustments (f) ( 1 ) 44 Total debt payable within one year 52,371 49,447 Long-term debt payable after one year Unsecured debt 55,148 49,946 Asset-backed debt 32,162 32,326 Unamortized (discount)/premium 6 ( 1 ) Unamortized issuance costs ( 197 ) ( 202 ) Fair value adjustments (f) 539 1,557 Total long-term debt payable after one year 87,658 83,626 Total Ford Credit $ 140,029 $ 133,073 Fair value of Ford Credit debt (e) $ 141,678 $ 132,647 Other Long-term debt payable within one year $ 130 $ 180 Long-term debt payable after one year Unsecured debt 474 295 Unamortized (discount)/premium and issuance costs ( 4 ) ( 4 ) Total long-term debt payable after one year"
20,F,MID-F3,SP002,9.8,"42 Item 2. Management’s Discussion and Analysis of Financial Condition and Results of Operations (Continued) Definitions and Information Regarding Automotive Causal Factors In general, we measure year-over-year change in Automotive segment EBIT using the causal factors listed below, with net pricing and cost variances calculated at present-period volume and mix and exchange: • Market Factors (exclude the impact of unconsolidated affiliate wholesale units): ◦ Volume and Mix – primarily measures EBIT variance from changes in wholesale unit volumes (at prior-year average contribution margin per unit) driven by changes in industry volume, market share, and dealer stocks, as well as the EBIT variance resulting from changes in product mix, including mix among vehicle lines and mix of trim levels and options within a vehicle line ◦ Net Pricing – primarily measures EBIT variance driven by changes in wholesale unit prices to dealers and marketing incentive programs such as rebate programs, low-rate financing offers, special lease offers, and stock adjustments on dealer inventory • Cost: ◦ Contribution Costs – primarily measures EBIT variance driven by per-unit changes in cost categories that typically vary with volume, such as material costs (including commodity and component costs), warranty expense, and freight and duty costs ◦ Structural Costs – primarily measures EBIT variance driven by absolute change in cost categories that typically do not have a directly proportionate relationship to production volume. Structural costs include the following cost categories: ▪ Manufacturing, Including Volume-Related – consists primarily of costs for hourly and salaried manufacturing personnel, plant overhead (such as utilities and taxes), and new product launch expense."
20,F,F1,SP003,13.0,"NOTE 4. OTHER INCOME/(LOSS) The amounts included in Other income/(loss), net for the periods ended September 30 were as follows (in millions): Third Quarter First Nine Months 2018 2019 2018 2019 Net periodic pension and other postretirement employee benefits (OPEB) income/(cost), excluding service cost $ 378 $ ( 21 ) $ 1,284 $ 362 Investment-related interest income 169 202 482 612 Interest income/(expense) on income taxes ( 5 ) ( 5 ) 28 ( 26 ) Realized and unrealized gains/(losses) on cash equivalents, marketable securities, and other investments ( 76 ) 199 136 79 Gains/(Losses) on changes in investments in affiliates ( 14 ) 44 44 46 Gains/(Losses) on extinguishment of debt — ( 1 ) — ( 54 ) Royalty income 115 91 387 283 Other 38 25 111 132 Total $ 605 $ 534 $ 2,472 $ 1,434 NOTE 5. INCOME TAXES For interim tax reporting, we estimate one single effective tax rate for tax jurisdictions not subject to a valuation allowance, which is applied to the year-to-date ordinary income/(loss)."
20,F,F5,SP003,18.2,"These costs could be affected by volume for operating pattern actions such as overtime, line-speed, and shift schedules ▪ Engineering – consists primarily of costs for engineering personnel, prototype materials, testing, and outside engineering services ▪ Spending-Related – consists primarily of depreciation and amortization of our manufacturing and engineering assets, but also includes asset retirements and operating leases ▪ Advertising and Sales Promotions – includes costs for advertising, marketing programs, brand promotions, customer mailings and promotional events, and auto shows ▪ Administrative and Selling – includes primarily costs for salaried personnel and purchased services related to our staff activities and selling functions, as well as associated information technology costs ▪ Pension and OPEB – consists primarily of past service pension costs and other postretirement employee benefit costs • Exchange – primarily measures EBIT variance driven by one or more of the following: (i) transactions denominated in currencies other than the functional currencies of the relevant entities, (ii) effects of converting functional currency income to U.S. dollars, (iii) effects of remeasuring monetary assets and liabilities of the relevant entities in currencies other than their functional currency, or (iv) results of our foreign currency hedging • Other – includes a variety of items, such as parts and services earnings, royalties, government incentives, and compensation-related changes In addition, definitions and calculations used in this report include: • Wholesales and Revenue – wholesale unit volumes include all Ford and Lincoln badged units (whether produced by Ford or by an unconsolidated affiliate) that are sold to dealerships, units manufactured by Ford that are"
20,F,MID-F3,SP003,18.2,"These costs could be affected by volume for operating pattern actions such as overtime, line-speed, and shift schedules ▪ Engineering – consists primarily of costs for engineering personnel, prototype materials, testing, and outside engineering services ▪ Spending-Related – consists primarily of depreciation and amortization of our manufacturing and engineering assets, but also includes asset retirements and operating leases ▪ Advertising and Sales Promotions – includes costs for advertising, marketing programs, brand promotions, customer mailings and promotional events, and auto shows ▪ Administrative and Selling – includes primarily costs for salaried personnel and purchased services related to our staff activities and selling functions, as well as associated information technology costs ▪ Pension and OPEB – consists primarily of past service pension costs and other postretirement employee benefit costs • Exchange – primarily measures EBIT variance driven by one or more of the following: (i) transactions denominated in currencies other than the functional currencies of the relevant entities, (ii) effects of converting functional currency income to U.S. dollars, (iii) effects of remeasuring monetary assets and liabilities of the relevant entities in currencies other than their functional currency, or (iv) results of our foreign currency hedging • Other – includes a variety of items, such as parts and services earnings, royalties, government incentives, and compensation-related changes In addition, definitions and calculations used in this report include: • Wholesales and Revenue – wholesale unit volumes include all Ford and Lincoln badged units (whether produced by Ford or by an unconsolidated affiliate) that are sold to dealerships, units manufactured by Ford that are"
20,F,F1,SP004,9.5,"Commodity Price Risk. The net fair value of commodity forward contracts (including adjustments for credit risk) as of September 30, 2019 , was a liability of $72 million, compared with a liability of $62 million at December 31, 2018 . The potential decrease in fair value from a 10% adverse change in the underlying commodity prices, in U.S."
20,F,F5,SP004,9.5,"Commodity Price Risk. The net fair value of commodity forward contracts (including adjustments for credit risk) as of September 30, 2020, was an asset of $3 million, compared with a liability of $24 million at December 31, 2019. The potential decrease in fair value from a 10% adverse change in the underlying commodity prices would have been $114 million at September 30, 2020, compared with $112 million at December 31, 2019."
20,F,MID-F2,SP004,12.0,"Employee Bonus and Lump-Sum Payments Effective November 15, 2019, we signed a new agreement with the International Union, United Automobile, Aerospace, and Agricultural Implement Workers of America (“UAW”) covering approximately 56,000 employees in the United States. The agreement established wages, benefits, and a variety of bonus payments for covered employees over a four-year period. Performance-based and inflation-protection employee bonuses are accrued throughout the period in which services are provided and the bonuses are earned."
21,TJX,F1,SP001,0.0,tjx:MerchandisePurchaseCommitmentsMember tjx:ConversionOfAustralianDollarToUsDollarMember 2019-02-02
21,TJX,F5,SP001,5.0,"The Company established several global task force teams focused on a broad range of strategies to navigate the Company through this global health crisis. Globally, the Company has put in place practices designed to help protect the health and well-being of its Associates and customers, including social distancing protocols (which included occupancy limits and reducing in-store inventory levels), access to personal protective equipment and enhanced cleaning efforts. For example, upon reopening its stores, the Company installed protective shields at registers, encouraged social distancing through regular in-store announcements, signage, and markers in our queue lines, implemented new processes for handling merchandise returns, and instituted new cleaning regimens, including enhanced cleaning of high-touch surfaces throughout the day."
21,TJX,MID-F3,SP001,13.0,"Such damage, disruption or compromise could materially impair our ability to operate our business or otherwise result in material impacts on our operating results. In addition, the global regulatory environment surrounding information security and privacy is increasingly demanding, and unauthorized access of personal or sensitive information could result in regulatory enforcement actions, class actions, contract liability, or other forms of material legal liability. Any successful compromise or disruption of our information technology systems could result in material reputational harm and impact our customers’ willingness to shop in our stores or online and/or our suppliers’ willingness to do business with us."
21,TJX,F1,SP002,8.5,"TJX’s investments are primarily high-grade commercial paper, institutional money market funds and time deposits with major banks. TJX does not make adjustments to quotes or prices obtained from brokers or pricing services but does assess the credit risk of counterparties and will adjust final valuations when appropriate. Where independent pricing services provide fair values, TJX obtains an understanding of the methods used in pricing."
21,TJX,F5,SP002,8.5,"TJX does not make adjustments to quotes or prices obtained from brokers or pricing services but does assess the credit risk of counterparties and will adjust final valuations when appropriate. Where independent pricing services provide fair values, TJX obtains an understanding of the methods used in pricing. As such, these instruments are classified within Level 2."
21,TJX,MID-F3,SP002,10.0,"TJX’s policy is to treat shipping costs as part of our fulfillment center costs within our operating expenditures. As a result, shipping fee revenues received is recognized when control of the goods transfer to the customer and is recorded as net sales. Shipping and handling costs incurred by TJX are included in cost of sales, including buying and occupancy costs."
21,TJX,F1,SP003,15.0,"5 THE TJX COMPANIES, INC. CONSOLIDATED STATEMENT OF SHAREHOLDERS’ EQUITY (UNAUDITED) IN THOUSANDS Thirteen Weeks Ended Common Stock Shares Par Value $1 Additional Paid-In Capital Accumulated Other Comprehensive Loss Retained Earnings Total Balance, May 4, 2019 1,212,668 $ 1,212,668 $ — $ ( 633,282 ) $ 4,552,509 $ 5,131,895 Net income — — — — 758,962 758,962 Other comprehensive loss, net of tax — — — ( 79,543 ) — ( 79,543 ) Cash dividends declared on common stock — — — — ( 278,624 ) ( 278,624 ) Recognition of share-based compensation — — 29,668 — — 29,668 Issuance of common stock under Stock Incentive Plan, net of shares used to pay tax withholdings 1,952 1,952 40,759 — — 42,711 Common stock repurchased and retired ( 5,687 ) ( 5,687 ) ( 70,427 ) — ( 226,343 ) ( 302,457 ) Balance, August 3, 2019 1,208,933 $ 1,208,933 $ — $ ( 712,825 ) $ 4,806,504 $ 5,302,612 Thirteen Weeks Ended Common Stock Shares Par Value $1 Additional Paid-In Capital Accumulated Other Comprehensive Loss Retained Earnings Total Balance, May 5, 2018 1,250,405 $ 1,250,405 $ — $ ( 555,530 ) $ 4,567,533 $ 5,262,408 Net income — — — — 739,626 739,626 Other comprehensive loss, net of tax — — — ( 42,868 ) — ( 42,868 ) Cash dividends declared on common stock — — — — ( 242,328 ) ( 242,328 ) Recognition of share-based compensation — — 25,912 — — 25,912 Issuance of common stock under Stock Incentive Plan, net of shares used to pay tax withholdings 3,882 3,882 76,982 — ( 1,941 ) 78,923 Common stock repurchased and retired ( 12,754 ) ( 12,754 ) ( 102,894 ) — ( 478,952 ) ( 594,600 ) Balance, August 4, 2018 1,241,533 $ 1,241,533 $ — $ ( 598,398 ) $ 4,583,938 $ 5,227,073 The accompanying notes are an integral part of the unaudited consolidated financial statements. 6 THE TJX COMPANIES, INC."
21,TJX,F5,SP003,15.0,"7 THE TJX COMPANIES, INC. CONSOLIDATED STATEMENT OF SHAREHOLDERS’ EQUITY (UNAUDITED) IN THOUSANDS Twenty-Six Weeks Ended Common Stock Shares Par Value $ 1 Additional Paid-In Capital Accumulated Other Comprehensive Loss Retained Earnings Total Balance, February 1, 2020 1,199,100 $ 1,199,100 $ — $ ( 673,171 ) $ 5,422,283 $ 5,948,212 Net loss — — — — ( 1,101,709 ) ( 1,101,709 ) Other comprehensive (loss), net of tax — — — ( 49,770 ) — ( 49,770 ) Recognition (reversal) of share-based compensation — — 59,482 — ( 31,835 ) 27,647 Issuance of common stock under Stock Incentive Plan, net of shares used to pay tax withholdings 3,348 3,348 34,765 — ( 424 ) 37,689 Common stock repurchased and retired ( 3,387 ) ( 3,387 ) ( 25,715 ) — ( 172,398 ) ( 201,500 ) Balance, August 1, 2020 1,199,061 $ 1,199,061 $ 68,532 $ ( 722,941 ) $ 4,115,917 $ 4,660,569 Twenty-Six Weeks Ended Common Stock Shares Par Value $ 1 Additional Paid-In Capital Accumulated Other Comprehensive Loss Retained Earnings Total Balance February 2, 2019 1,217,183 $ 1,217,183 $ — $ ( 630,321 ) $ 4,461,744 $ 5,048,606 Net income — — — — 1,459,140 1,459,140 Cumulative effect of accounting change — — — — 403 403 Other comprehensive (loss), net of tax — — — ( 82,504 ) — ( 82,504 ) Cash dividends declared on common stock — — — — ( 557,860 ) ( 557,860 ) Recognition of share-based compensation — — 55,400 — — 55,400 Issuance of common stock under Stock Incentive Plan, net of shares used to pay tax withholdings 5,094 5,094 74,084 — — 79,178 Common stock repurchased and retired ( 13,344 ) ( 13,344 ) ( 129,484 ) — ( 556,923 ) ( 699,751 ) Balance, August 3, 2019 1,208,933 $ 1,208,933 $ — $ ( 712,825 ) $ 4,806,504 $ 5,302,612 The accompanying notes are an integral part of the unaudited consolidated financial statements. 8 THE TJX COMP"
21,TJX,MID-F3,SP003,26.8,"In addition, based on information available to TJX, the Pension Protection Act Zone Status for each of the Legacy Plan of the National Retirement Fund and the Legacy Plan of the UNITE HERE Retirement Fund is Critical and rehabilitation plans have been implemented. The risks of participating in multiemployer pension plans are different from the risks of single-employer pension plans in certain respects, including the following: (a) assets contributed to the multiemployer plan by one employer may be used to provide benefits to employees of other participating employers; (b) if a participating employer stops contributing to the plan, the unfunded obligations of the plan may be borne by the remaining participating employers; (c) if we cease to have an obligation to contribute to a multiemployer plan in which we had been a contributing employer, or in certain other circumstances, we may be required to pay to the plan an amount based on our allocable share of the underfunded status of the plan, referred to as a withdrawal liability. Note J."
21,TJX,F1,SP004,17.2,"For derivatives that qualify for hedge accounting, changes in the fair value of the derivatives are either recorded in shareholders’ equity as a component of other comprehensive income or are recognized currently in earnings, along with an offsetting adjustment against the basis of the item being hedged. Diesel Fuel Contracts TJX hedges portions of its estimated notional diesel requirements based on the diesel fuel expected to be consumed by independent freight carriers transporting TJX’s inventory. Independent freight carriers transporting TJX’s inventory charge TJX a mileage surcharge based on the price of diesel fuel."
21,TJX,F5,SP004,23.0,"Administration has imposed tariffs on imports from China. We continue to monitor the developments very closely and have seen margin pressure based on the tariffs currently in place on the goods sourced directly from China. The impact on vendor and competitor pricing, consumer demand, potential tariff pass-throughs and the fluctuation of the Chinese currency remains uncertain."
21,TJX,MID-F2,SP004,23.0,"Administration has imposed, and continues to propose additional tariffs on imports from China. We continue to monitor the developments very closely and have started to see margin pressure based on the tariffs currently in place on the goods sourced directly from China. The impact on vendor and competitor pricing, consumer demand, potential tariff pass-throughs and the fluctuation of the Chinese currency is uncertain."
22,DPZ,F1,SP001,0.0,NO KEYWORD-CANDIDATE PASSAGE
22,DPZ,F5,SP001,3.0,"We have also made additional operating changes to respond to changes in consumer behavior resulting from COVID-19, including offering contactless delivery and carryout options to our customers. While it is not possible at this time to estimate the full impact that COVID-19 could have on our business going forward, the continued spread of the virus and the measures taken by governments or by us in response have disrupted our operations and could disrupt our supply chain, including our access to face coverings and gloves for use in our operations, which could adversely impact our business, financial condition and results of operations. The COVID-19 pandemic and mitigation measures have also had an adverse impact on global economic conditions, which could have an adverse effect on our business and financial condition."
22,DPZ,MID-F2,SP001,11.0,"A cyber incident is considered to be any adverse event that threatens the confidentiality, integrity or availability of information resources. More specifically, a cyber incident is an intentional attack or an unintentional event that can include gaining unauthorized access to systems to disrupt operations, corrupt data or steal confidential information about customers, franchisees, suppliers or employees. A number of retailers and other companies have recently experienced serious cyber incidents and breaches of their information technology systems."
22,DPZ,F1,SP002,10.0,"Provision for Income Taxes Provision for income taxes increased $8.7 million, or 57.5%, in the third quarter of 2019 and increased $10.2 million, or 23.3%, in the three fiscal quarters of 2019. The effective tax rate increased to 21.7% in the third quarter of 2019 and increased to 16.6% in the three fiscal quarters of 2019 as compared to 15.3% in the third quarter of 2018 and 14.9% in the three fiscal quarters of 2018. Higher pre-tax income and lower excess tax benefits from equity-based compensation contributed to higher tax expense in both the third quarter and the three fiscal quarters of 2019."
22,DPZ,F5,SP002,11.0,"Our market basket pricing to stores increased 1.9% during the three fiscal quarters of 2020, which resulted in an estimated $28.1 million increase in supply chain revenues. International Franchise Royalties and Fee Revenues Revenues from international franchise royalties and fees were flat in the third quarter of 2020 and decreased $3.9 million, or 2.4%, in the three fiscal quarters of 2020. The impact of changes in foreign currency exchange rates negatively impacted revenue from international royalties and fees by $0.7 million in the third quarter of 2020 and $4.3 million in the three fiscal quarters of 2020."
22,DPZ,MID-F3,SP002,11.8,"franchise stores open during the year and an increase in market basket pricing to stores. Our market basket pricing to stores increased 2.9% during the first quarter of 2020, which resulted in an estimated $15.9 million increase in supply chain revenue. International Franchise Royalties and Fee Revenues Revenues from international franchise royalties and fees increased $2.9 million, or 5.3%, in the first quarter of 2020."
22,DPZ,F1,SP003,9.0,"This repurchase program replaces the remaining availability of approximately $53.6 million under the Company’s existing $750.0 million share repurchase program. Authorization for the repurchase program may be modified, suspended, or discontinued at any time. The repurchase of shares in any particular period and the actual amount of such purchases remain at the discretion of the Board of Directors, and no assurance can be given that shares will be repurchased in the future."
22,DPZ,F5,SP003,11.2,"The Company’s Board of Directors authorized a share repurchase program to repurchase up to $1.0 billion of the Company’s common stock on October 4, 2019. During the first week of the first quarter of 2020, we repurchased and retired 271,064 shares of our common stock under our Board of Directors-approved share repurchase program for a total of approximately $79.6 million. We did not repurchase and retire any shares of our common stock during the remainder of the first quarter or during the second or third quarters of 2020."
22,DPZ,MID-F4,SP003,11.2,"21 Table of Contents During the first week of the first quarter of 2020, we repurchased and retired 271,064 shares of our common stock under our Board of Directors-approved share repurchase program for a total of approximately $79.6 million. We did not repurchase and retire any shares of our common stock during the remainder of the first quarter or during the second quarter of 2020. As of June 14, 2020, the Company had a total remaining authorized amount for share repurchases of approximately $326.6 million."
22,DPZ,F1,SP004,8.2,• Labor costs decreased 2.2 percentage points to 28.1% in the third quarter of 2019 and decreased 0.4 percentage points to 29.6% in the three fiscal quarters of 2019. The Second Quarter Store Sale contributed to the reduction in labor costs as a percentage of store revenues in both the third quarter and three fiscal quarters of 2019 due to the high labor rates in the market in which the sold stores operated.
22,DPZ,F5,SP004,10.0,"The COVID-19 pandemic and mitigation measures have also had an adverse impact on global economic conditions, which could have an adverse effect on our business and financial condition. The Company’s sales and operating results may be affected by uncertain or changing economic and market conditions arising in connection with and in response to the COVID-19 pandemic, including inflation, deflation, prolonged weak consumer demand, political instability or other changes. The significance of the operational and financial impact to the Company will depend on how long and widespread the disruptions caused by COVID-19, and the corresponding response to contain the virus and treat those affected by it, prove to be."
22,DPZ,MID-F2,SP004,18.0,"Factors such as inflation, increased food costs, increased labor and employee health and benefit costs, increased rent costs and increased energy costs may adversely affect our operating costs. Most of the factors affecting costs are beyond our control and, in many cases, we may not be able to pass along these increased costs to our customers or franchisees. Most ingredients used in our pizza, particularly cheese, are subject to significant price fluctuations as a result of seasonality, weather, demand and other factors."
23,HLT,F1,SP001,1.0,"The effects of Brexit will depend on the final terms on which the U.K. will leave the E.U., including the terms of any trade agreements that will dictate the U.K.’s access to E.U. markets either during any transitional period or more permanently."
23,HLT,F5,SP001,3.2,"As a result, some properties in our development pipeline may not enter our system when we anticipated, or at all, and new hotels may enter our pipeline at a slower rate than in the past, thereby negatively affecting our overall growth. Likewise, if we or our hotel owners or franchisees are unable to access capital to make physical improvements to our hotels, the quality of our hotels may suffer, which may negatively impact our reputation and guest loyalty, and our market share may suffer as a result. We may be required to raise additional capital in the future, and our access to and cost of financing will depend on, among other things, global economic conditions, conditions in the global financing markets, the availability of sufficient amounts of financing, our prospects and our credit ratings."
23,HLT,MID-F2,SP001,11.0,"Any third-party security incident could compromise the integrity or availability of or result in the theft of, confidential or otherwise sensitive data, which could negatively impact our operations. Unauthorized access to data and other confidential or proprietary information may be obtained through break-ins, network breaches by unauthorized parties, employee theft or misuse, or other misconduct. The occurrence of any of the foregoing could negatively affect our reputation, our competitive position and our financial performance, and we could face lawsuits and potential liability."
23,HLT,F1,SP002,9.8,"Average Daily Rate (""ADR"") ADR represents hotel room revenue divided by the total number of room nights sold for a given period. ADR measures average room price attained by a hotel, and ADR trends provide useful information concerning the pricing environment and the nature of the customer base of a hotel or group of hotels. ADR is a commonly used performance measure in the industry, and 32 we use ADR to assess pricing levels that we are able to generate by type of customer, as changes in rates charged to customers have a different effect on overall revenues and incremental profitability than changes in occupancy, as described above."
23,HLT,F5,SP002,9.8,"Occupancy levels also help us determine achievable average daily rate pricing levels as demand for hotel rooms increases or decreases. Average Daily Rate (""ADR"") ADR represents hotel room revenue divided by the total number of room nights sold for a given period. ADR measures average room price attained by a hotel, and ADR trends provide useful information concerning the pricing environment and the nature of the customer base of a hotel or group of hotels."
23,HLT,MID-F2,SP002,9.8,"ADR measures average room price attained by a hotel, and ADR trends provide useful information concerning the pricing environment and the nature of the customer base of a hotel or group of hotels. ADR is a commonly used performance measure in the industry, and we use ADR to assess pricing levels that we are able to generate by type of customer, as changes in rates charged to customers have a different effect on overall revenues and incremental profitability than changes in occupancy, as described above. 47 Revenue per Available Room (""RevPAR"") RevPAR is calculated by dividing hotel room revenue by the total number of room nights available to guests for a given period."
23,HLT,F1,SP003,14.8,"EBITDA and Adjusted EBITDA EBITDA reflects net income (loss), excluding interest expense, a provision for income taxes and depreciation and amortization. Adjusted EBITDA is calculated as EBITDA, as previously defined, further adjusted to exclude certain items, including gains, losses, revenues and expenses in connection with: (i) asset dispositions for both consolidated and unconsolidated equity investments; (ii) foreign currency transactions; (iii) debt restructurings and retirements; (iv) furniture, fixtures and equipment (""FF&E"") replacement reserves required under certain lease agreements; (v) reorganization costs; (vi) share-based compensation expense; (vii) non-cash impairment losses; (viii) severance, relocation and other expenses; (ix) amortization of contract acquisition costs; (x) the net effect of reimbursable costs included in other revenues and expenses from managed and franchised properties; and (xi) other items. We believe that EBITDA and Adjusted EBITDA provide useful information to investors about us and our financial condition and results of operations for the following reasons: (i) these measures are among the measures used by our management team to evaluate our operating performance and make day-to-day operating decisions and (ii) these measures are frequently used by securities analysts, investors and other interested parties as a common performance measure to compare results or estimate valuations across companies in our industry."
23,HLT,F5,SP003,14.8,"22 EBITDA and Adjusted EBITDA EBITDA reflects net income (loss), excluding interest expense, income tax benefit (expense) and depreciation and amortization. Adjusted EBITDA is calculated as EBITDA, as previously defined, further adjusted to exclude certain items, including gains, losses, revenues and expenses in connection with: (i) asset dispositions for both consolidated and unconsolidated equity investments; (ii) foreign currency transactions; (iii) debt restructurings and retirements; (iv) furniture, fixtures and equipment (""FF&E"") replacement reserves required under certain lease agreements; (v) reorganization, severance, relocation and other related expenses; (vi) share-based compensation; (vii) non-cash impairment; (viii) amortization of contract acquisition costs; (ix) the net effect of reimbursable costs included in other revenues and other expenses from managed and franchised properties; and (x) other items. We believe that EBITDA and Adjusted EBITDA provide useful information to investors about us and our financial condition and results of operations for the following reasons: (i) these measures are among the measures used by our management team to evaluate our operating performance and make day-to-day operating decisions and (ii) these measures are frequently used by securities analysts, investors and other interested parties as a common performance measure to compare results or estimate valuations across companies in our industry."
23,HLT,MID-F2,SP003,16.0,"While all of our material financing arrangements indexed to LIBOR provide procedures for determining an alternative base rate in the event that LIBOR is discontinued, there can be no assurances as to whether such alternative base rate will be more or less favorable than LIBOR. We intend to monitor developments with respect to the phasing out of LIBOR and will work to minimize the impact of any LIBOR transition. The consequences of these developments cannot be entirely predicted, but could include an increase in the cost of our variable rate indebtedness."
23,HLT,F1,SP004,0.0,NO KEYWORD-CANDIDATE PASSAGE
23,HLT,F5,SP004,0.0,NO KEYWORD-CANDIDATE PASSAGE
23,HLT,MID-F2,SP004,12.0,"Staffing shortages in various parts of the world also could hinder our ability to grow and expand our businesses. Because payroll costs are a major component of the operating expenses at our hotels and our franchised hotels, a shortage of skilled labor could also require higher wages that would increase labor costs, which could adversely affect our results of operations and the results of hotels that we manage on behalf of third-party owners. Additionally, increase in minimum wage rates could increase costs and reduce profits for us and our franchisees."
24,LB,F1,SP001,7.0,"Restructuring Activities La Senza On January 6, 2019, in an effort to increase shareholder value and in order to focus on its larger core businesses, the Company divested its ownership interest in La Senza to an affiliate of Regent LP, a global private equity firm. Regent LP assumed La Senza’s operating assets and liabilities in exchange for potential future consideration upon the sale or other monetization of La Senza, as defined in the agreement. In the fourth quarter of 2018, the Company recognized a pre-tax loss on the divestiture of $ 99 million , primarily related to $ 45 million of accumulated foreign currency translation adjustments reclassified into earnings that were previously recognized as a component of equity, as well as losses related to the transfer of the net working capital and long-lived store assets to the buyer."
24,LB,F5,SP001,6.0,"Since the global COVID-19 crisis began, we have taken prudent actions to manage expenses and to maintain our solid cash position and financial flexibility through the pandemic, including: • Furloughing most store associates as of April 5 during their temporary store closure, while continuing to provide healthcare benefits for eligible associates; • Suspending associate merit increases; • Temporarily reducing salaries for senior vice presidents and above by 20%; • Temporarily suspending cash compensation for all members of the Board of Directors; • Reducing 2020 forecasted capital expenditures from $550 million to approximately $250 million ; • Reducing Spring (first and second quarter) inventory receipts versus last year by approximately 45% at Victoria's Secret and PINK, and by approximately 20% at Bath & Body Works; • Suspending the quarterly cash dividend beginning in the second quarter of fiscal 2020; • Suspending most store and select office rent payments during the temporary closures. We are in active discussions with our landlords to negotiate with respect to these rent payments and go-forward occupancy costs; • Converting the revolving credit facility to an asset-backed loan facility and issuing $1.25 billion in new notes; and • Extending payment terms to vendors. Looking toward the second half of the year, we will remain disciplined in expense and inventory management, and focused on staying close to our customer while delivering compelling products."
24,LB,MID-F3,SP001,13.0,"Any significant compromise or breach of our data security, media reports about such an incident, whether accurate or not, or our failure to make adequate or timely disclosures to the public or law enforcement agencies following any such event, whether due to delayed discovery or a failure to follow existing protocols, could significantly damage our reputation with our customers, associates, investors and other third parties, cause the disclosure of personal, confidential, proprietary or sensitive customer, associate, third-party or company information, cause interruptions to our operations and distraction to our management, cause our customers to stop shopping with us and result in significant legal, regulatory and financial liabilities and lost revenues. While we train our associates and have implemented systems, processes and confidential security measures to protect our physical facilities and information technology systems against unauthorized access and prevent data loss, there is no guarantee that these procedures are adequate to safeguard against all data security breaches. Despite these measures, we may be vulnerable to targeted or random security breaches, phishing attacks, denial of service attacks, acts of vandalism, computer viruses, malware, ransomware, misplaced or lost data, programming and/or human errors or similar events."
24,LB,F1,SP002,10.0,"Bath & Body Works For year-to-date 2019 , the gross profit increase was due to higher merchandise margin dollars related to the increase in net sales, partially offset by higher occupancy expenses due to investments in store real estate and increases in supply chain and sourcing costs. The gross profit rate increase was driven by occupancy leverage on higher net sales, partially offset by increases in supply chain and sourcing costs. Victoria's Secret and Bath & Body Works International For year-to-date 2019 , the gross profit increase was primarily due to higher merchandise margin dollars related to higher net sales in Greater China, partially offset by higher occupancy expenses due to investments in store real estate in Greater China."
24,LB,F5,SP002,10.0,"The gross profit rate decrease was driven by the lease asset impairment charges and buying and occupancy deleverage on lower net sales. General, Administrative and Store Operating Expenses For year-to-date 2020 , our general, administrative and store operating expenses decreased $314 million to $1.274 billion due to declines in store selling payroll, supplies, credit card fees and marketing expenses as a result of the COVID-19-related store closures, partially offset by severance and related costs associated with headcount reductions totaling $81 million and increased credit card fees in our direct businesses. The general, administrative and store operating expense rate increased to 32.1% from 28.7% due to deleverage on lower net sales and the severance and related costs."
24,LB,MID-F2,SP002,10.0,"General, Administrative and Store Operating Expenses For the third quarter of 2019 , our general, administrative and store operating expenses increased $18 million to $ 892 million due to a $30 million goodwill impairment charge related to Greater China and higher selling expenses related to higher sales volume at Bath & Body Works, partially offset by declines due to the elimination of the La Senza and Henri Bendel businesses. The general, administrative and store operating expense rate increased to 33.3% from 31.5% due to the goodwill impairment charge and deleverage on lower net sales. Other Income and Expense Interest Expense The following table provides the average daily borrowings and average borrowing rates for the third quarter of 2019 and 2018 : Third Quarter 2019 2018 Average daily borrowings (in millions) $ 5,614 $ 5,844 Average borrowing rate (in percentages) 6.6 % 6.6 % For the third quarter of 2019 , our interest expense decreased $4 million to $92 million due to lower average daily borrowings."
24,LB,F1,SP003,16.5,"Asset Retirement Obligations The Company has asset retirement obligations related to certain company-owned international stores that contractually obligate the Company to remove leasehold improvements at the end of a lease. The Company’s liability for asset retirement obligations totaled $ 19 million as of August 3, 2019 and $ 15 million as of August 4, 2018 . These liabilities are included in Other Long-term Liabilities on the Consolidated Balance Sheets."
24,LB,F5,SP003,11.2,14. Retirement Benefits The Company sponsors a tax-qualified defined contribution retirement plan for substantially all its associates within the U.S. Participation is available to associates who meet certain age and service requirements.
24,LB,MID-F3,SP003,15.8,"The Company recorded $ 21 million and $ 26 million of finance lease assets, net of accumulated amortization, in Property and Equipment, Net on the February 1, 2020 and February 2, 2019 Consolidated Balance Sheets, respectively. Additionally, the Company recorded finance lease liabilities of $ 8 million in Accrued Expenses and Other and $ 13 million in Other Long-term Liabilities on the February 1, 2020 Consolidated Balance Sheet, and $ 8 million in Accrued Expenses and Other and $ 19 million in Other Long-term Liabilities on the February 2, 2019 Consolidated Balance Sheet. Asset Retirement Obligations The Company has asset retirement obligations related to certain company-owned international stores that contractually obligate the Company to remove leasehold improvements at the end of a lease."
24,LB,F1,SP004,0.0,NO KEYWORD-CANDIDATE PASSAGE
24,LB,F5,SP004,4.0,"On March 27, 2020, the U.S. government enacted the Coronavirus Aid, Relief, and Economic Security Act (“CARES Act”) which, among other things, provides employer payroll tax credits for wages paid to employees who are unable to work during the coronavirus outbreak and options to defer payroll tax payments. Based on the Company's evaluation of the CARES Act, it qualifies for certain employer payroll tax credits, which will offset store operating expenses."
24,LB,MID-F3,SP004,15.0,"Our results may be affected by fluctuations in product input costs. Product input costs, including freight, labor and raw materials, fluctuate. These fluctuations may result in an increase in our production costs."
25,UA,F1,SP001,10.0,"However, because of the inherent uncertainty as to the outcome of these proceedings, the Company is unable at this time to estimate the possible impact of the outcome of these matters. Data Incident In 2018, an unauthorized third party acquired data associated with the Company’s Connected Fitness users’ accounts for the Company’s MyFitnessPal application and website. Consumer class action lawsuits in connection with this incident remain pending, and the Company has received inquiries regarding the incident from certain government regulators and agencies."
25,UA,F5,SP001,10.0,"The Company and the Executives maintain that their actions were appropriate and are pursuing the Wells Notice process, and also are engaging in a dialogue with the SEC Staff to work toward a resolution of this matter. Data Incident In 2018, an unauthorized third party acquired data associated with the Company's Connected Fitness users' accounts for the Company's MyFitnessPal application and website. The Company has faced consumer class action lawsuits associated with this incident and has received inquiries regarding the incident from certain government regulators and agencies."
25,UA,MID-F2,SP001,12.0,"Hackers and data thieves are increasingly sophisticated and operate large scale and complex automated attacks. Any breach of our data security or that of our service providers could result in an unauthorized release or transfer of customer, consumer, vendor, user or employee information, or the loss of valuable business data or 18 Table of Contents cause a disruption in our business. These events could give rise to unwanted media attention, damage our reputation, damage our customer, consumer or user relationships and result in lost sales, fines or lawsuits."
25,UA,F1,SP002,9.0,"5 Table of Contents Under Armour, Inc. and Subsidiaries` Unaudited Consolidated Statements of Cash Flows (In thousands) Nine Months Ended September 30, 2019 2018 Cash flows from operating activities Net income (loss) $ 107,443 $ ( 50,520 ) Adjustments to reconcile net income (loss) to net cash provided by operating activities Depreciation and amortization 140,443 135,029 Unrealized foreign currency exchange rate gain 12,885 9,350 Loss on disposal of property and equipment 2,884 3,378 Impairment charges — 9,930 Amortization of bond premium 190 190 Stock-based compensation 38,048 32,445 Excess tax benefit (loss) from stock-based compensation arrangements — ( 3 ) Deferred income taxes 23,827 ( 9,965 ) Changes in reserves and allowances ( 22,778 ) ( 239,073 ) Changes in operating assets and liabilities: Accounts receivable ( 187,585 ) ( 23,846 ) Inventories 123,364 ( 30,390 ) Prepaid expenses and other assets 73,753 ( 97,519 ) Other non-current assets 5,939 ( 1,596 ) Accounts payable ( 67,336 ) ( 37,353 ) Accrued expenses and other liabilities ( 52,466 ) 113,297 Customer refund liability ( 88,710 ) 304,685 Income taxes payable and receivable ( 7,433 ) 778 Net cash provided by operating activities 102,468 118,817 Cash flows from investing activities Purchases of property and equipment ( 105,767 ) ( 121,439 ) Sale of property and equipment — 11,285 Purchases of other assets ( 1,273 ) ( 4,861 ) Purchase of equity method investment — ( 39,208 ) Net cash used in investing activities ( 107,040 ) ( 154,223 ) Cash flows from financing activities Proceeds from long term debt and revolving credit facility 25,000 465,000 Payments on long term debt and revolving credit facility ( 162,817 ) ( 580,000 ) Employee taxes paid for shares withheld for income taxes ( 4,088 ) ( 2,743 ) Proceeds"
25,UA,F5,SP002,9.0,"Gross profit as a percentage of net revenues, or gross margin, increased 100 basis points to 47.8% compared to 46.8% in 2019. The increase in gross margin percentage was primarily driven by the following: 41 Table of Contents • an approximate 240 basis point increase driven by channel mix, primarily due to a lower percentage of off-price sales within our wholesale channel and a higher percentage of direct-to-consumer sales, led by e-commerce; and • an approximate 60 basis point increase driven by supply chain initiatives primarily related to product cost improvements. The increase was partially offset by an approximate 190 basis point decrease driven by COVID-19 related pricing and discounting impacts."
25,UA,MID-F2,SP002,15.0,"Our industry is subject to significant pricing pressure caused by many factors, including intense competition, consolidation in the retail industry, pressure from retailers to reduce the costs of products and changes in consumer demand. These factors may cause us to reduce our prices to retailers and consumers or engage in more promotional activity than we anticipate, which could negatively impact our margins and cause our profitability to decline if we are unable to offset price reductions with comparable reductions in our operating costs. In addition, our ability to achieve short-term growth targets may be negatively impacted if we are unwilling to engage in promotional activity on a scale similar to that of our competitors and we are unable to simultaneously offset declining promotional activity with increased sales at premium price points."
25,UA,F1,SP003,15.5,"17-cv-00388-RDB (the “Consolidated Action”). On August 4, 2017, the lead plaintiff in the Consolidated Action, North East Scotland Pension Fund, joined by named plaintiff Bucks County 13 Table of Contents Employees Retirement Fund, filed a consolidated amended complaint (the “Amended Complaint”) against the Company, the Company’s Chief Executive Officer and former Chief Financial Officers Lawrence Molloy and Brad Dickerson. The Amended Complaint alleges violations of Section 10(b) (and Rule 10b-5) of the Securities Exchange Act of 1934, as amended (the “Exchange Act”) and Section 20(a) control person liability under the Exchange Act against the officers named in the Amended Complaint, claiming that the defendants made material misstatements and omissions regarding, among other things, the Company's growth and consumer demand for certain of the Company's products."
25,UA,F5,SP003,15.5,"In re Under Armour Securities Litigation On March 23, 2017, three separate securities cases previously filed against the Company in the United States District Court for the District of Maryland (the “District Court”) were consolidated under the caption In re Under Armour Securities Litigation, Case No. 17-cv-00388-RDB (the “Consolidated Securities Action”). On August 4, 2017, the lead plaintiff in the Consolidated Securities Action, Aberdeen City Council as Administrating Authority for the North East Scotland Pension Fund (“Aberdeen”), joined by named plaintiff Bucks County Employees Retirement Fund (“Bucks County”), filed a consolidated amended complaint (the “Amended Complaint”) against the Company, the Company’s then-Chief Executive Officer, Kevin Plank, and former Chief Financial Officers Lawrence Molloy and Brad Dickerson."
25,UA,MID-F2,SP003,15.5,"In re Under Armour Securities Litigation On March 23, 2017, three separate securities cases previously filed against the Company in the United States District Court for the District of Maryland (the “District Court”) were consolidated under the caption In re Under Armour Securities Litigation , Case No. 17-cv-00388-RDB (the “Consolidated Action”). On August 4, 2017, the lead plaintiff in the Consolidated Action, North East Scotland Pension Fund, joined by named plaintiff Bucks County Employees Retirement Fund, filed a consolidated amended complaint (the “Amended Complaint”) against the Company, the Company’s then-Chief Executive Officer, Kevin Plank, and former Chief Financial Officers Lawrence Molloy and Brad Dickerson."
25,UA,F1,SP004,10.2,"Our Connected Fitness revenues consist of digital advertising, digital fitness platform licenses and subscriptions from our Connected Fitness business. Cost of goods sold consists primarily of product costs, inbound freight and duty costs, outbound freight costs, handling costs to make products floor-ready to customer specifications, royalty payments to endorsers based on a predetermined percentage of sales of selected products and write downs for inventory obsolescence. In general, as a percentage of net revenues, we expect cost of goods sold associated with our apparel and accessories to be lower than that of our footwear."
25,UA,F5,SP004,10.2,"Our Connected Fitness revenues consist of digital advertising, digital fitness platform licenses and subscriptions from our Connected Fitness business. Cost of goods sold consists primarily of product costs, inbound freight and duty costs, outbound freight costs, handling costs to make products floor-ready to customer specifications, royalty payments to endorsers based on a predetermined percentage of sales of selected products and write downs for inventory obsolescence. In general, as a percentage of net revenues, we expect cost of goods sold associated with our apparel and accessories to be lower than that of our footwear."
25,UA,MID-F2,SP004,20.0,"Refer to ""Management's Discussion and Analysis of Financial Condition and Results of Operations - Critical Accounting Policies and Estimates - Allowance for Doubtful Accounts"" for further discussion on our policies. Inflation Inflationary factors such as increases in the cost of our product and overhead costs may adversely affect our operating results. Although we do not believe that inflation has had a material impact on our financial position or results of operations in recent periods, a high rate of inflation in the future may have an adverse effect on our ability to maintain current levels of gross margin and selling, general and administrative expenses as a percentage of net revenues if the selling prices of our products do not increase with these increased costs."
26,PVH,F1,SP001,6.0,"The applicable margin for borrowings under the TLA facilities and the revolving credit facilities is subject to adjustment (i) after the date of delivery of the compliance certificate and financial statements, with respect to each of the Company’s fiscal quarters, based upon the Company’s net leverage ratio or (ii) after the date of delivery of notice of a change in the Company’s public debt rating by Standard & Poor’s or Moody’s. The Company entered into interest rate swap agreements designed with the intended effect of converting notional amounts of its variable rate debt obligation to fixed rate debt. Under the terms of the agreements, for the outstanding notional amount, the Company’s exposure to fluctuations in the one-month London interbank offered rate (“LIBOR”) is eliminated and the Company pays a fixed rate plus the current applicable margin."
26,PVH,F5,SP001,6.0,"The applicable margin for borrowings under the TLA facilities and the revolving credit facilities is subject to adjustment (i) after the date of delivery of the compliance certificate and financial statements, with respect to each of the Company’s fiscal quarters, based upon the Company’s net leverage ratio or (ii) after the date of delivery of notice of a change in the Company’s public debt rating by Standard & Poor’s or Moody’s. 23 The Company entered into interest rate swap agreements designed with the intended effect of converting notional amounts of its variable rate debt obligation to fixed rate debt. Under the terms of the agreements, for the outstanding notional amount, the Company’s exposure to fluctuations in the one-month London interbank offered rate (“LIBOR”) is eliminated and the Company pays a fixed rate plus the current applicable margin."
26,PVH,MID-F3,SP001,10.0,"Definition and Limitations of Internal Control Over Financial Reporting A company’s internal control over financial reporting is a process designed to provide reasonable assurance regarding the reliability of financial reporting and the preparation of financial statements for external purposes in accordance with generally accepted accounting principles. A company’s internal control over financial reporting includes those policies and procedures that (1) pertain to the maintenance of records that, in reasonable detail, accurately and fairly reflect the transactions and dispositions of the assets of the company; (2) provide reasonable assurance that transactions are recorded as necessary to permit preparation of financial statements in accordance with generally accepted accounting principles, and that receipts and expenditures of the company are being made only in accordance with authorizations of management and directors of the company; and (3) provide reasonable assurance regarding prevention or timely detection of unauthorized acquisition, use, or disposition of the company’s assets that could have a material effect on the financial statements. Because of its inherent limitations, internal control over financial reporting may not prevent or detect misstatements."
26,PVH,F1,SP002,9.0,"INDEX SAFE HARBOR STATEMENT UNDER THE PRIVATE SECURITIES LITIGATION REFORM ACT OF 1995: Forward-looking statements in this Quarterly Report on Form 10-Q, including, without limitation, statements relating to our future revenue, earnings and cash flows, plans, strategies, objectives, expectations and intentions, are made pursuant to the safe harbor provisions of the Private Securities Litigation Reform Act of 1995. Investors are cautioned that such forward-looking statements are inherently subject to risks and uncertainties, many of which cannot be predicted with accuracy and some of which might not be anticipated, including, without limitation, (i) our plans, strategies, objectives, expectations and intentions are subject to change at any time at our discretion; (ii) we may be considered to be highly leveraged and we use a significant portion of our cash flows to service our indebtedness, as a result of which we might not have sufficient funds to operate our businesses in the manner we intend or have operated in the past; (iii) the levels of sales of our apparel, footwear and related products, both to our wholesale customers and in our retail stores, the levels of sales of our licensees at wholesale and retail, and the extent of discounts and promotional pricing in which we and our licensees and other business partners are required to engage, all of which can be affected by weather conditions, changes in the economy, fuel prices, reductions in travel, fashion trends, consolidations, repositionings and bankruptcies in the retail industries, repositionings of brands by our licensors, and other factors; (iv) our ability to manage our growth and inventory, including our ability to realize benefits from acquisitions ; (v) quota restrictions, the imposition of safeguard contr"
26,PVH,F5,SP002,7.0,"Interest on the notes is payable in euros. We paid €3 million ($3 million based on exchange rates in effect on the payment date) of fees in connection with the issuance of the additional €175 million notes. We may redeem some or all of these notes at any time prior to April 15, 2024 by paying a “make whole” premium plus any accrued and unpaid interest."
26,PVH,MID-F3,SP002,9.0,"• Retail — principally consists of the distribution and sale of apparel, accessories and related products under the CALVIN KLEIN brands in our stores in North America, Europe, the Asia-Pacific region and Brazil, as well as on the calvinklein .com sites we operate in over 35 countries. Our stores in North America are primarily located in premium outlet centers. In Europe, the Asia-Pacific region and Brazil, we operate full-price and outlet stores and concession locations."
26,PVH,F1,SP003,15.5,"Under the individual participants’ agreements, the participants in the program will receive a predetermined amount during the ten years following the attainment of age 65 , provided that prior to the termination of employment with the Company, the participant has been in the plan for at least ten years and has attained age 55 . – A plan for certain employees resident in the United States who meet certain age and service requirements that provides benefits for compensation in excess of Internal Revenue Service earnings limits and requires payments to vested employees upon, or shortly after, employment termination or retirement. The Company refers to these three plans as its “SERP Plans.” The components of net benefit cost recognized were as follows: Pension Plans Pension Plans Thirteen Weeks Ended Twenty-Six Weeks Ended (In millions) 8/4/19 8/5/18 8/4/19 8/5/18 Service cost $ 8.5 $ 8.6 $ 16.7 $ 16.9 Interest cost 7.1 6.5 14.0 13.0 Expected return on plan assets ( 10.1 ) ( 10.1 ) ( 20.2 ) ( 20.1 ) Total $ 5.5 $ 5.0 $ 10.5 $ 9.8 13 SERP Plans SERP Plans Thirteen Weeks Ended Twenty-Six Weeks Ended (In millions) 8/4/19 8/5/18 8/4/19 8/5/18 Service cost $ 1.4 $ 1.6 $ 2.9 $ 2.9 Interest cost 1.1 1.0 2.1 2.0 Total $ 2.5 $ 2.6 $ 5.0 $ 4.9 The Company also provides certain postretirement health care and life insurance benefits to certain retirees resident in the United States."
26,PVH,F5,SP003,17.2,"Retirees contribute to the cost of the applicable plan, both of which are unfunded and frozen. The Company refers to these two plans as its “Postretirement Plans.” Net benefit cost related to the Postretirement Plans was immaterial for the thirteen and twenty-six weeks ended August 2, 2020 and August 4, 2019. The components of net benefit cost are recorded in the Company's Consolidated Statements of Operations as follows: (i) the service cost component is recorded in selling, general and administrative (“SG&A”) expenses, (ii) the Speedo deconsolidation gain component is recorded in other noncash (gain) loss, and (iii) the other components are recorded in non-service related pension and postretirement income."
26,PVH,MID-F2,SP003,17.0,"These increases were offset slightly by the absence in 2019 of costs that were recorded in the third quarter of 2018 in connection with the TH China acquisition, consisting of noncash amortization of short-lived assets. Non-Service Related Pension and Postretirement Income Non-service related pension and postretirement income in the third quarter of 2019 was $2 million as compared to $3 million in the third quarter of the prior year. Equity in Net Income of Unconsolidated Affiliates The equity in net income of unconsolidated affiliates was $3 million in the third quarter of 2019 as compared to $6 million in the third quarter of the prior year."
26,PVH,F1,SP004,8.0,"The 100 basis point decrease in gross margin was principally driven by a gross margin decline in our North America businesses, principally due to more promotional selling as compared to the prior year period, and inventory markdowns recorded in connection with the Calvin Klein restructuring. We currently expect that gross margin for the full year 2019 will increase slightly as compared to 2018 primarily due to the impact of expected faster growth in our Tommy Hilfiger International and Calvin Klein International segments than in our North America segments, as our International segments generally carry higher gross margins, largely offset by an expected gross margin decline in our Tommy Hilfiger North America business due to more promotional selling and an expected negative impact of tariffs imposed and expected to be imposed on goods imported from China into the United States. 43 SG&A Expenses SG&A expenses in the twenty-six weeks ended August 4, 2019 were $2.316 billion, or 49.1% of total revenue, as compared to $2.124 billion, or 45.7% of total revenue, in the twenty-six week period of the prior year."
26,PVH,F5,SP004,7.0,"Gross Profit Gross profit is calculated as total revenue less cost of goods sold and gross margin is calculated as gross profit divided by total revenue. Included as cost of goods sold are costs associated with the production and procurement of product, such as inbound freight costs, purchasing and receiving costs and inspection costs. Also included as cost of goods sold are the amounts recognized on foreign currency forward exchange contracts as the underlying inventory hedged by such forward exchange contracts is sold."
26,PVH,MID-F3,SP004,16.0,"In addition, higher costs in sourcing from other countries, including because others in the industry are looking to move production for the same reason, may make the move price-prohibitive. We may not be able to pass the entire cost increase resulting from the tariffs onto consumers or could choose not to. Any increase in prices to consumers could have an adverse impact on our direct sales to consumers, as well as sales by our wholesale customers and our licensees."
27,LVS,F1,SP001,0.0,NO KEYWORD-CANDIDATE PASSAGE
27,LVS,F5,SP001,6.0,"The Londoner Macao will feature new attractions and features internally and externally from London, including some of London’s most recognizable landmarks, such as the Houses of Parliament and Big Ben. We will add approximately 370 luxury suites in the Londoner Court, and the prior Holiday Inn-branded rooms and suites were converted to approximately 600 London-themed suites, referred to as The Londoner Hotel. We are utilizing suites as they are completed on a simulation basis for trial and feedback purposes."
27,LVS,MID-F2,SP001,10.8,"In addition, the Second Development Agreement contemplates that for a period of not less than 10 years commencing no sooner than March 1, 2022, the rate of casino tax applicable to MBS will not exceed specified tiered rates; there shall not be more than two casino licenses in force under the Casino Control Act at any time prior to January 1, 2031; and for a period of five years from the date of the Second Development Agreement, the entry levy payable by a Singapore citizen or permanent resident for entry into the casino will not exceed SGD 150 for a 24-hour period and SGD 3,000 for a 12-month period. The Second Development Agreement also provides for MBS to be entitled to compensation by STB for any losses or damages suffered under certain conditions and events related to the above-described benefits and entitlements. The Second Development Agreement further provides MBS must maintain compliance with the material terms of the Second Development Agreement to obtain the above-described benefits and entitlements."
27,LVS,F1,SP002,7.0,"In connection with the Development Agreement, MBS entered into a lease with the STB for the parcels of land underlying the project. In April 2019 and in connection with the lease, MBS provided various governmental agencies in Singapore the required premiums, deposits, stamp duty, goods and services tax and other fees in an aggregate amount of approximately SGD 1.54 billion (approximately $1.14 billion at exchange rates in effect at the time of the transaction). During the three months ended September 30, 2019, we amended our 2012 Singapore Credit Facility to provide for the financing of the development and construction costs, fees and other expenses related to the MBS Expansion Project."
27,LVS,F5,SP002,10.0,The change from prior period was due primarily to a $34 million decrease in foreign transaction losses driven by the impact of foreign currency exchange rate decrease of 488 basis points on U.S. dollar denominated debt held by SCL and a $9 million decrease in foreign currency transaction losses driven by the impact of the foreign currency exchange rate increase of 48 basis points on Singapore dollar denominated intercompany debt reported in U.S. dollars.
27,LVS,MID-F4,SP002,10.0,"Other Factors Affecting Earnings Other expense was $3 million for the three months ended June 30, 2020, compared to other income of $20 million for the three months ended June 30, 2019. The change from the prior year period was due primarily to a $21 million decrease in foreign currency transaction gains driven by the impact of foreign currency exchange rate increase of 312 basis points on U.S. dollar denominated debt held by Sands China Ltd."
27,LVS,F1,SP003,15.5,"Consolidated adjusted property EBITDA is net income before stock-based compensation expense, corporate expense, pre-opening expense, development expense, depreciation and amortization, amortization of leasehold interests in land, gain or loss on disposal or impairment of assets, interest, other income or expense, gain on sale of Sands Bethlehem, gain or loss on modification or early retirement of debt and income taxes. Consolidated adjusted property EBITDA is a supplemental non-GAAP financial measure used by management, as well as industry analysts, to evaluate operations and operating performance. In particular, management utilizes consolidated adjusted property EBITDA to compare the operating profitability of its operations with those of its competitors, as well as a basis for determining certain incentive compensation."
27,LVS,F5,SP003,15.5,"Loss on disposal or impairment of assets increased $47 million compared to the three months ended September 30, 2019, primarily due to asset disposals and demolition costs related to The Londoner Macao. Segment Adjusted Property EBITDA The following table summarizes information related to our segments (see “Item 1 — Financial Statements — Notes to Condensed Consolidated Financial Statements — Note 7 — Segment Information” for a reconciliation of consolidated adjusted property EBITDA to net income/loss): Three Months Ended September 30, 2020 2019 Percent Change (Dollars in millions) Macao: The Venetian Macao $ (78) $ 342 (122.8) % Sands Cotai Central (71) 169 (142.0) % The Parisian Macao (40) 120 (133.3) % The Plaza Macao and Four Seasons Hotel Macao (15) 75 (120.0) % Sands Macao (26) 52 (150.0) % Ferry Operations and Other (3) (3) — (233) 755 (130.9) % Marina Bay Sands 70 435 (83.9) % Las Vegas Operating Properties (40) 93 (143.0) % Consolidated adjusted property EBITDA (1) $ (203) $ 1,283 (115.8) % __________________________ (1) Consolidated adjusted property EBITDA, which is a non-GAAP financial measure, is used by management as the primary measure of the operating performance of our segments. Consolidated adjusted property EBITDA is net income/loss before stock-based compensation expense, corporate expense, pre-opening expense, development expense, depreciation and amortization, amortization of leasehold interests in land, gain or loss on disposal or impairment of assets, interest, other income or expense, gain on sale of Sands Bethlehem, gain or loss on modification or early retirement of debt and income 35 Table of Contents taxes."
27,LVS,MID-F2,SP003,15.5,"AND SUBSIDIARIES NOTES TO CONSOLIDATED FINANCIAL STATEMENTS - (CONTINUED) Year Ended December 31, 2019 2018 2017 (In millions) Intersegment Revenues Macao: The Venetian Macao $ 4 $ 4 $ 5 Ferry Operations and Other 27 25 23 31 29 28 Marina Bay Sands 4 9 8 Las Vegas Operating Properties 206 209 200 Total intersegment revenues $ 241 $ 247 $ 236 Year Ended December 31, 2019 2018 2017 (In millions) Adjusted Property EBITDA Macao: The Venetian Macao $ 1,407 $ 1,378 $ 1,133 Sands Cotai Central 726 759 633 The Parisian Macao 544 484 413 The Plaza Macao and Four Seasons Hotel Macao 345 262 233 Sands Macao 175 178 174 Ferry Operations and Other ( 8 ) 18 21 3,189 3,079 2,607 Marina Bay Sands 1,661 1,690 1,755 United States: Las Vegas Operating Properties 487 394 391 Sands Bethlehem (1) 52 116 147 539 510 538 Consolidated adjusted property EBITDA (2) 5,389 5,279 4,900 Other Operating Costs and Expenses Stock-based compensation (3) ( 14 ) ( 12 ) ( 14 ) Corporate ( 313 ) ( 202 ) ( 173 ) Pre-opening ( 34 ) ( 6 ) ( 8 ) Development ( 24 ) ( 12 ) ( 13 ) Depreciation and amortization ( 1,165 ) ( 1,111 ) ( 1,171 ) Amortization of leasehold interests in land ( 51 ) ( 35 ) ( 37 ) Loss on disposal or impairment of assets ( 90 ) ( 150 ) ( 20 ) Operating income 3,698 3,751 3,464 Other Non-Operating Costs and Expenses Interest income 74 59 16 Interest expense, net of amounts capitalized ( 555 ) ( 446 ) ( 327 ) Other income (expense) 23 26 ( 94 ) Gain on sale of Sands Bethlehem 556 — — Loss on modification or early retirement of debt ( 24 ) ( 64 ) ( 5 ) Income tax (expense) benefit ( 468 ) ( 375 ) 209 Net income $ 3,304 $ 2,951 $ 3,263 111 Table of Contents LAS VEGAS SANDS CORP. AND SUBSIDIARIES NOTES TO CONSOLIDATED FINANCIAL STATEMENTS - (CONTINUED) _________________________ (1) The Company com"
27,LVS,F1,SP004,8.0,"Lessee The Company has operating and finance leases for various real estate (including the Macao and Singapore leasehold interests in land) and equipment. Certain of our lease agreements include rental payments based on a percentage of sales over specified contractual amounts, rental payments adjusted periodically for inflation and rental payments based on usage. The Company’s leases include options to extend the lease term one month to 40 years ."
27,LVS,F5,SP004,6.0,"27 Table of Contents The following are the key measurements we use to evaluate operating revenues: Casino revenue measurements for Macao and Singapore: Macao and Singapore table games are segregated into two groups: Rolling Chip play (composed of VIP players) and Non-Rolling Chip play (mostly non-VIP players). The volume measurement for Rolling Chip play is non-negotiable gaming chips wagered and lost. The volume measurement for Non-Rolling Chip play is table games drop (“drop”), which is net markers issued (credit instruments), cash deposited in the table drop boxes and gaming chips purchased and exchanged at the cage."
27,LVS,MID-F2,SP004,8.0,"After allocation to the other revenue types for products and services provided to patrons as part of a wagering contract, the residual amount is recorded to casino revenue as soon as the wager is settled. As all wagers have similar characteristics, the Company accounts for its gaming contracts collectively on a portfolio basis versus an individual basis. Hotel revenue recognition criteria are met at the time of occupancy."
28,AAP,F1,SP001,5.0,"2. Significant Accounting Policies: Revenues The following table summarizes disaggregated revenue from contracts with customers by product group: Twelve Weeks Ended Forty Weeks Ended October 5, 2019 October 6, 2018 October 5, 2019 October 6, 2018 Percentage of Net sales, by product group: Parts and batteries 68 % 67 % 67 % 66 % Accessories and chemicals 20 19 21 20 Engine maintenance 11 13 11 13 Other 1 1 1 1 Total 100 % 100 % 100 % 100 % We had no material contract assets, contract liabilities or costs to obtain and fulfill contracts recorded on the condensed consolidated balance sheets as of October 5, 2019 and December 29, 2018 . Recently Issued Accounting Pronouncements We adopted Accounting Standards Update (“ASU”) 2016-02, Leases (Topic 842) (“ASU 2016-02”), as of December 30, 2018, using the alternative transition method provided in ASU 2018-11, Leases (Topic 842): Targeted Improvements ."
28,AAP,F5,SP001,5.0,"and Subsidiaries Notes to the Condensed Consolidated Financial Statements (Unaudited) 2. Significant Accounting Policies Revenues The following table summarizes disaggregated revenue from contracts with customers by product group: Twelve Weeks Ended Forty Weeks Ended October 3, 2020 October 5, 2019 October 3, 2020 October 5, 2019 Percentage of Net sales, by product group: Parts and batteries 67 % 68 % 66 % 67 % Accessories and chemicals 20 20 21 21 Engine maintenance 12 11 12 11 Other 1 1 1 1 Total 100 % 100 % 100 % 100 % Recently Issued Accounting Pronouncements During the first quarter of 2020, we adopted Financial Accounting Standard Board (“FASB”) Accounting Standards Update 2016-13 (“ASU 2016-13”), Financial Instruments - Credit Losses (Topic 326): Measurement of Credit Losses on Financial Instruments , which required us to measure all expected credit losses for financial instruments held at the reporting date based on historical experience, current conditions and reasonable supportable forecasts. This replaced the existing incurred loss model and is applicable to the measurement of credit losses on financial assets, including trade receivables."
28,AAP,MID-F2,SP001,11.0,"While we have experienced threats to our data and systems, including phishing attacks, to date we are not aware that we have experienced a material cyber-security breach that has in any manner hindered our operational capabilities. Unauthorized parties may in the future obtain access to our data or the data of our customers, suppliers or Team Members or may otherwise cause damage to or interfere with our equipment, our data and/or our network including our supply chain. While the Company maintains insurance coverage that may, subject to policy terms and conditions, cover certain aspects of cyber risks, such insurance coverage may be insufficient to cover losses in any particular situation."
28,AAP,F1,SP002,6.0,"and Subsidiaries Notes to the Condensed Consolidated Financial Statements (Unaudited) We elected the package of practical expedients permitted under the transition guidance within the new standard. In addition, as a practical expedient relating to our facility and vehicle leases, we elected not to separate lease components from nonlease components. The adoption of ASU 2016-02 resulted in the recording of lease assets and lease liabilities of $ 2.4 billion as of December 30, 2018."
28,AAP,F5,SP002,14.0,"• Gross profit margin for the third quarter of 2020 was 44.4% of Net sales, an increase of 63 basis points as compared to the third quarter of 2019. This increase was primarily due to favorable channel mix, including growth in our DIY Omnichannel business, supply chain efficiencies and favorable pricing actions. • SG&A expenses for the third quarter of 2020 were 34.3% of Net sales, a favorable impact of 202 basis points as compared to the third quarter of 2019."
28,AAP,MID-F2,SP002,7.0,"Our ability to find qualified suppliers who can supply products in a timely and efficient manner that meet our standards can be challenging. Suppliers may also fail to invest adequately in design, production or distribution facilities, may reduce their customer incentives, advertising and promotional activities or change their pricing policies. If we encounter any of these issues with our suppliers, our business, financial condition, results of operations and cash flows could be adversely impacted."
28,AAP,F1,SP003,14.5,"Significant Accounting Policies: Revenues The following table summarizes disaggregated revenue from contracts with customers by product group: Twelve Weeks Ended Forty Weeks Ended October 5, 2019 October 6, 2018 October 5, 2019 October 6, 2018 Percentage of Net sales, by product group: Parts and batteries 68 % 67 % 67 % 66 % Accessories and chemicals 20 19 21 20 Engine maintenance 11 13 11 13 Other 1 1 1 1 Total 100 % 100 % 100 % 100 % We had no material contract assets, contract liabilities or costs to obtain and fulfill contracts recorded on the condensed consolidated balance sheets as of October 5, 2019 and December 29, 2018 . Recently Issued Accounting Pronouncements We adopted Accounting Standards Update (“ASU”) 2016-02, Leases (Topic 842) (“ASU 2016-02”), as of December 30, 2018, using the alternative transition method provided in ASU 2018-11, Leases (Topic 842): Targeted Improvements . Using the alternative transition method, we applied the transition requirements at the effective date of ASU 2016-02 with the impact of initially applying ASU 2016-02 recognized as a cumulative-effect adjustment to retained earnings in the first quarter of 2019."
28,AAP,F5,SP003,12.8,"2 Table of Contents Advance Auto Parts, Inc. and Subsidiaries Condensed Consolidated Statements of Operations (In thousands, except per share data) (Unaudited) Twelve Weeks Ended Forty Weeks Ended October 3, 2020 October 5, 2019 October 3, 2020 October 5, 2019 Net sales $ 2,541,928 $ 2,312,106 $ 7,741,190 $ 7,596,389 Cost of sales, including purchasing and warehousing costs 1,413,457 1,300,180 4,343,272 4,270,412 Gross profit 1,128,471 1,011,926 3,397,918 3,325,977 Selling, general and administrative expenses 871,660 839,598 2,799,837 2,774,936 Operating income 256,811 172,328 598,081 551,041 Other, net: Interest expense ( 11,925 ) ( 8,443 ) ( 37,590 ) ( 32,062 ) Loss on early redemptions of senior unsecured notes ( 48,022 ) — ( 48,022 ) ( 10,756 ) Other income (expense), net 674 ( 3,145 ) ( 2,198 ) 9,484 Total other, net ( 59,273 ) ( 11,588 ) ( 87,810 ) ( 33,334 ) Income before provision for income taxes 197,538 160,740 510,271 517,707 Provision for income taxes 50,062 37,071 129,247 126,718 Net income $ 147,476 $ 123,669 $ 381,024 $ 390,989 Basic earnings per common share $ 2.14 $ 1.76 $ 5.51 $ 5.48 Weighted average common shares outstanding 68,965 70,381 69,097 71,351 Diluted earnings per common share $ 2.13 $ 1.75 $ 5.50 $ 5.46 Weighted average common shares outstanding 69,267 70,664 69,325 71,643 Condensed Consolidated Statements of Comprehensive Income (In thousands) (Unaudited) Twelve Weeks Ended Forty Weeks Ended October 3, 2020 October 5, 2019 October 3, 2020 October 5, 2019 Net income $ 147,476 $ 123,669 $ 381,024 $ 390,989 Other comprehensive income (loss): Changes in net unrecognized other postretirement benefit costs, net of tax of $26, $32, $29 and $40 ( 73 ) ( 92 ) ( 80 ) ( 66 ) Currency translation adjustments 5,298 ( 5,289 ) ( 4,065 ) 5,397 Total other"
28,AAP,MID-F2,SP003,15.8,"Guarantor Subsidiaries Non-Guarantor Subsidiaries Eliminations Consolidated Net income $ 423,847 $ 425,680 $ 44,941 $ ( 470,621 ) $ 423,847 Other comprehensive loss: Changes in net unrecognized other postretirement benefit costs — ( 294 ) — — ( 294 ) Currency translation adjustments — — ( 18,945 ) — ( 18,945 ) Equity in other comprehensive loss of subsidiaries ( 19,239 ) ( 18,945 ) — 38,184 — Total other comprehensive loss ( 19,239 ) ( 19,239 ) ( 18,945 ) 38,184 ( 19,239 ) Comprehensive income $ 404,608 $ 406,441 $ 25,996 $ ( 432,437 ) $ 404,608 Condensed Consolidating Statement of Comprehensive Income For the Year Ended December 30, 2017 (in thousands) Advance Auto Parts, Inc. Guarantor Subsidiaries Non-Guarantor Subsidiaries Eliminations Consolidated Net income $ 475,505 $ 475,089 $ 57,616 $ ( 532,705 ) $ 475,505 Other comprehensive income: Changes in net unrecognized other postretirement benefit costs — ( 194 ) — — ( 194 ) Currency translation adjustments — — 14,941 — 14,941 Equity in other comprehensive income of subsidiaries 14,747 14,941 — ( 29,688 ) — Total other comprehensive income 14,747 14,747 14,941 ( 29,688 ) 14,747 Comprehensive income $ 490,252 $ 489,836 $ 72,557 $ ( 562,393 ) $ 490,252 63 Table of Contents Condensed Consolidating Statement of Cash Flows For the Year Ended December 28, 2019 (in thousands) Advance Auto Parts, Inc. Guarantor Subsidiaries Non-Guarantor Subsidiaries Eliminations Consolidated Net cash provided by operating activities $ — $ 845,364 $ 21,545 $ — $ 866,909 Cash flows from investing activities: Purchases of property and equipment — ( 268,342 ) ( 1,787 ) — ( 270,129 ) Purchase of an indefinite-lived intangible asset — ( 201,519 ) — — ( 201,519 ) Proceeds from sales of property and equipment — 8,708 1 — 8,709 Net cash used in invest"
28,AAP,F1,SP004,4.0,"These improvements were partially offset by our investment in IT projects. The increase in SG&A for the forty weeks ended October 5, 2019 was primarily driven by our investment in IT projects, increases in minimum wages and planned merit increases. These increases were partially offset by factors discussed above."
28,AAP,F5,SP004,0.0,NO KEYWORD-CANDIDATE PASSAGE
28,AAP,MID-F2,SP004,12.0,"If we encounter any of these issues with our suppliers, our business, financial condition, results of operations and cash flows could be adversely impacted. Deterioration of general macro-economic conditions, including unemployment, inflation or deflation, consumer debt levels, high fuel and energy costs, could have a negative impact on our business, financial condition, results of operations and cash flows due to impacts on our suppliers, customers and operating costs. Our business depends on developing and maintaining close relationships with our suppliers and on our suppliers’ ability and willingness to sell quality products to us at favorable prices and terms."
29,POOL,F1,SP001,6.0,"These interest rate swap contracts will terminate on November 20, 2019. In July 2016, we entered into a forward-starting interest rate swap contract, which will convert the Credit Facility’s variable interest rate to a fixed rate of 1.1425% on a notional amount of $150.0 million. The contract becomes effective on November 20, 2019 and terminates on November 20, 2020."
29,POOL,F5,SP001,6.0,"We have entered into forward-starting interest rate swap contracts to extend the hedged period for future interest payments on our variable rate borrowings. These swap contracts will convert the variable interest rate to a fixed interest rate on our variable rate borrowings. The following table provides details related to each of our forward-starting interest rate swap contracts: Derivative Inception Date Effective Date Termination Date Notional Amount (in millions) Fixed Interest Rate Forward-starting interest rate swap 1 May 7, 2019 November 20, 2020 September 29, 2022 $ 75.0 2.0925 % Forward-starting interest rate swap 2 July 25, 2019 November 20, 2020 September 29, 2022 $ 75.0 1.5500 % Forward-starting interest rate swap 3 February 5, 2020 February 26, 2021 February 28, 2025 $ 150.0 1.3800 % Forward-starting interest rate swap 4 March 9, 2020 September 29, 2022 February 26, 2027 $ 150.0 0.7400 % Forward-starting interest rate swap 5 March 9, 2020 February 28, 2025 February 26, 2027 $ 150.0 0.8130 % Failure of our swap counterparties would result in the loss of any potential benefit to us under our swap agreements."
29,POOL,MID-F2,SP001,11.0,"Our numerous procedures and protocols designed to mitigate cybersecurity risks (including processes to timely notify appropriate personnel for assessment and resolution and company-wide training programs), our investments in information technology security and our updates to our business continuity plan may not prevent or effectively mitigate adverse consequences from cybersecurity risks. The failure to maintain security over and prevent unauthorized access to our data, our customers’ personal information, including credit card information, or data belonging to our suppliers, could put us at a competitive disadvantage. Such a breach could result in damage to our reputation and subject us to potential litigation, liability, fines and penalties, resulting in a possible material adverse impact on our financial condition and results of operations."
29,POOL,F1,SP002,16.0,"Sales to these customers represented approximately 5% of our consolidated net sales for the third quarter of 2019 and increased 17% compared to the third quarter of 2018. Gross Profit Three Months Ended September 30, (in millions) 2019 2018 Change Gross profit $ 257.9 $ 235.0 $ 22.9 10% Gross margin 28.7 % 29.0 % Gross margin in the third quarter of 2018 reflected benefits from strategic inventory purchases ahead of vendor price increases resulting in a comparative decline in the third quarter of 2019. 19 Operating Expenses Three Months Ended September 30, (in millions) 2019 2018 Change Operating expenses $ 153.4 $ 142.7 $ 10.7 8% Operating expenses as a % of net sales 17.1 % 17.6 % Operating expenses increased 8% in the third quarter of 2019 compared to the third quarter of 2018, with base business operating expenses up approximately 5% compared to the same period last year, reflecting increases in variable labor and freight costs."
29,POOL,F5,SP002,5.0,The three levels of the fair value hierarchy under the accounting guidance are described below: Level 1 Inputs to the valuation methodology are unadjusted quoted prices for identical assets or liabilities in active markets. Level 2 Inputs to the valuation methodology include: • quoted prices for similar assets or liabilities in active markets; • quoted prices for identical or similar assets or liabilities in inactive markets; • inputs other than quoted prices that are observable for the asset or liability; or • inputs that are derived principally from or corroborated by observable market data by correlation or other means. Level 3 Inputs to the valuation methodology are unobservable and significant to the fair value measurement.
29,POOL,MID-F2,SP002,23.0,"We generally pass industry price increases through our supply chain and may make strategic volume inventory purchases ahead of vendor price increases in order to obtain favorable pricing. We estimate that annual price inflation between 2017 and 2018 was consistent with the ten-year average. In 2018, several manufacturers announced and implemented a mid-season price increase to offset raw material, transportation and labor inflation, which resulted in price inflation that was approximately 2% above the historical range as we sold through the products in 2019."
29,POOL,F1,SP003,16.2,"Retained Deficit We account for the retirement of treasury shares as a reduction of retained earnings (deficit). As of September 30, 2019, the Retained deficit on our Consolidated Balance Sheets reflects cumulative net income, the cumulative impact of adjustments for changes in accounting pronouncements, treasury share retirements since the inception of our share repurchase programs of $ 1.4 billion and cumulative dividends of $ 556.9 million. Accumulated Other Comprehensive Loss The table below presents the components of our Accumulated other comprehensive loss balance (in thousands): September 30, December 31, 2019 2018 2018 Foreign currency translation adjustments $ ( 13,156 ) $ ( 9,692 ) $ ( 12,422 ) Unrealized (losses) gains on interest rate swaps, net of tax (1) ( 649 ) 2,057 1,425 Accumulated other comprehensive loss $ ( 13,805 ) $ ( 7,635 ) $ ( 10,997 ) (1) In February 2018, the Financial Accounting Standards Board (FASB) issued guidance that allows entities the option to reclassify the tax effects related to items in accumulated other comprehensive income (loss) to retained earnings (deficit) if deemed to be stranded in accumulated other comprehensive income (loss) due to U.S."
29,POOL,F5,SP003,18.5,"4 POOL CORPORATION Consolidated Statements of Changes in Stockholders’ Equity (Unaudited) (In thousands) Common Stock Additional Paid-In Retained Earnings Accumulated Other Comprehensive Shares Amount Capital (Deficit) Loss Total Balance at December 31, 2019 40,074 $ 40 $ 485,239 $ ( 64,740 ) $ ( 10,359 ) $ 410,180 Net income — — — 30,912 — 30,912 Foreign currency translation — — — — ( 5,430 ) ( 5,430 ) Interest rate swaps, net of the change in taxes of $ 2,837 — — — — ( 8,510 ) ( 8,510 ) Repurchases of common stock, net of retirements ( 362 ) — — ( 66,619 ) — ( 66,619 ) Share-based compensation — — 3,654 — — 3,654 Issuance of stock under share-based compensation plans 219 — 6,358 — — 6,358 Declaration of cash dividends — — — ( 22,147 ) — ( 22,147 ) Balance at March 31, 2020 39,931 40 495,251 ( 122,594 ) ( 24,299 ) 348,398 Net income — — — 157,555 — 157,555 Foreign currency translation — — — — 2,134 2,134 Interest rate swaps, net of the change in taxes of $ 855 — — — — ( 2,567 ) ( 2,567 ) Repurchases of common stock, net of retirements ( 19 ) — — ( 3,584 ) — ( 3,584 ) Share-based compensation — — 3,567 — — 3,567 Issuance of stock under share-based compensation plans 130 — 4,453 — — 4,453 Declaration of cash dividends — — — ( 23,165 ) — ( 23,165 ) Balance at June 30, 2020 40,042 40 503,271 8,212 ( 24,732 ) 486,791 Net income — — — 119,098 — 119,098 Foreign currency translation — — — — 2,976 2,976 Interest rate swaps, net of the change in taxes of $( 51 ) — — — — 154 154 Repurchases of common stock, net of retirements ( 20 ) — — ( 5,990 ) — ( 5,990 ) Share-based compensation — — 3,874 — — 3,874 Issuance of shares under share-based compensation plans 131 — 5,885 — — 5,885 Declaration of cash dividends — — — ( 23,287 ) — ( 23,287 ) Balance at September 30, 2020 40,153 $ 40"
29,POOL,MID-F4,SP003,18.5,"4 POOL CORPORATION Consolidated Statements of Changes in Stockholders’ Equity (Unaudited) (In thousands) Common Stock Additional Paid-In Retained Earnings Accumulated Other Comprehensive Shares Amount Capital (Deficit) Loss Total Balance at December 31, 2019 40,074 $ 40 $ 485,239 $ ( 64,740 ) $ ( 10,359 ) $ 410,180 Net income — — — 30,912 — 30,912 Foreign currency translation — — — — ( 5,430 ) ( 5,430 ) Interest rate swaps, net of the change in taxes of $ 2,837 — — — — ( 8,510 ) ( 8,510 ) Repurchases of common stock, net of retirements ( 362 ) — — ( 66,619 ) — ( 66,619 ) Share-based compensation — — 3,654 — — 3,654 Issuance of stock under share-based compensation plans 219 — 6,358 — — 6,358 Declaration of cash dividends — — — ( 22,147 ) — ( 22,147 ) Balance at March 31, 2020 39,931 40 495,251 ( 122,594 ) ( 24,299 ) 348,398 Net income — — — 157,555 — 157,555 Foreign currency translation — — — — 2,134 2,134 Interest rate swaps, net of the change in taxes of $ 855 — — — — ( 2,567 ) ( 2,567 ) Repurchases of common stock, net of retirements ( 19 ) — — ( 3,584 ) — ( 3,584 ) Share-based compensation — — 3,567 — — 3,567 Issuance of stock under share-based compensation plans 130 — 4,453 — — 4,453 Declaration of cash dividends — — — ( 23,165 ) — ( 23,165 ) Balance at June 30, 2020 40,042 $ 40 $ 503,271 $ 8,212 $ ( 24,732 ) $ 486,791 5 Common Stock Additional Paid-In Retained Accumulated Other Comprehensive Shares Amount Capital Deficit Loss Total Balance at December 31, 2018 39,506 $ 40 $ 453,193 $ ( 218,646 ) $ ( 10,997 ) $ 223,590 Net income — — — 32,637 — 32,637 Foreign currency translation — — — — 214 214 Interest rate swaps, net of the change in taxes of $ 90 — — — — ( 269 ) ( 269 ) Repurchases of common stock, net of retirements ( 155 ) ( 1 ) — ( 23,096 ) — ( 23,097 ) Share"
29,POOL,F1,SP004,12.0,"Gross Profit Three Months Ended September 30, (in millions) 2019 2018 Change Gross profit $ 257.9 $ 235.0 $ 22.9 10% Gross margin 28.7 % 29.0 % Gross margin in the third quarter of 2018 reflected benefits from strategic inventory purchases ahead of vendor price increases resulting in a comparative decline in the third quarter of 2019. 19 Operating Expenses Three Months Ended September 30, (in millions) 2019 2018 Change Operating expenses $ 153.4 $ 142.7 $ 10.7 8% Operating expenses as a % of net sales 17.1 % 17.6 % Operating expenses increased 8% in the third quarter of 2019 compared to the third quarter of 2018, with base business operating expenses up approximately 5% compared to the same period last year, reflecting increases in variable labor and freight costs. Operating expense growth was also impacted approximately 1% from an extra selling day in the third quarter of 2019 compared to the third quarter of 2018 and 1% from incremental costs incurred related to the opening of new locations."
29,POOL,F5,SP004,10.0,"We also expect to use cash for the payment of cash dividends as and when declared by our Board of Directors (the Board). The following summarizes our current expectations for 2021: • We expect sales growth in 2021 to be impacted by the following factors and assumptions: ◦ normal weather patterns; ◦ continued elevated demand for residential pool products, driven by home-centric trends influenced by the COVID-19 pandemic; ◦ a benefit from delayed projects depending on our customers’ building capacity, including the availability of labor, and weather; ◦ estimated 2% growth in the installed base of pools; ◦ estimated 4% growth from acquisitions completed throughout 2020; and ◦ inflationary product cost increases of approximately 2% to 3% (compared to our historical average of 1% to 2%). • We expect performance-based compensation for the full year of 2021 to normalize and decrease by $15.0 million to $20.0 million compared to the full year of 2020."
29,POOL,MID-F2,SP004,16.0,"There is also a greater risk that we may not be able to access products in a timely and efficient manner. Fluctuations in other factors relating to international trade, such as tariffs, transportation costs and inflation are additional risks for our international operations. 13 Changes in tax laws and accounting standards related to tax matters have caused, and may in the future cause, fluctuations in our effective tax rate."
30,LKQ,F1,SP001,6.0,"We hold interest rate swaps to hedge the variable rates on a portion of our credit agreement borrowings, with the effect of fixing the interest rates on the respective notional amounts. In addition, we hold cross currency swaps that contain an interest rate swap component and a foreign currency forward contract component that, when combined with related intercompany financing arrangements, effectively convert variable rate U.S. dollar-denominated borrowings into fixed rate euro-denominated borrowings."
30,LKQ,F5,SP001,6.0,"We hold interest rate swaps to hedge the variable rates on a portion of our credit agreement borrowings, with the effect of fixing the interest rates on the respective notional amounts. In addition, we hold cross currency swaps that contain an interest rate swap component and a foreign currency forward contract component that, when combined with related intercompany financing arrangements, effectively convert variable rate U.S. dollar-denominated borrowings into fixed rate euro-denominated borrowings."
30,LKQ,MID-F2,SP001,10.0,"Definition and Limitations of Internal Control over Financial Reporting A company’s internal control over financial reporting is a process designed to provide reasonable assurance regarding the reliability of financial reporting and the preparation of financial statements for external purposes in accordance with accounting principles generally accepted in the United States of America (""generally accepted accounting principles""). A company’s internal control over financial reporting includes those policies and procedures that (1) pertain to the maintenance of records that, in reasonable detail, accurately and fairly reflect the transactions and dispositions of the assets of the company; (2) provide reasonable assurance that transactions are recorded as necessary to permit preparation of financial statements in accordance with generally accepted accounting principles, and that receipts and expenditures of the company are being made only in accordance with authorizations of management and directors of the company; and (3) provide reasonable assurance regarding prevention or timely detection of unauthorized acquisition, use, or disposition of the company’s assets that could have a material effect on the financial statements. Because of its inherent limitations, internal control over financial reporting may not prevent or detect misstatements."
30,LKQ,F1,SP002,16.0,"We hedge our exposure to foreign currency fluctuations related to a portion of inventory purchases in our Europe operations, but the notional amount and fair value of these foreign currency forward contracts at September 30, 2019 were immaterial. We do not currently attempt to hedge foreign currency exposure related to our foreign currency denominated inventory purchases in our North America operations, and we may not be able to pass on any resulting price increases to our customers. Other than with respect to a portion of our foreign currency denominated inventory purchases, we do not hold derivative contracts to hedge foreign currency risk."
30,LKQ,F5,SP002,7.5,"Segment EBITDA increa sed $39 million, or 23.2%, in the third quarter of 2020 compared to the prior year period. The increase in Segment EBITDA was primarily due to operational efficiency and rightsizing actions and favorable precious metals pricing. Additionally, net sequential increases in scrap steel prices in our salvage and self service operations had a favorable impact of $5 million on Segment EBITDA during the three months ended September 30, 2020, compared to an $8 million unfavorable impact during the three months ended September 30, 2019 resulting from net sequential decreases in scrap steel prices."
30,LKQ,MID-F2,SP002,10.0,"The Euro Notes (2026/28) are redeemable, in whole or in part, at any time at a redemption price of 100 % of the principal amount thereof, plus accrued and unpaid interest, if any, to the redemption date plus a ""make whole"" premium. On or after April 1, 2021, we may redeem some or all of the 2026 notes at the applicable redemption prices set forth in the Euro Notes (2026/28) Indenture. On or after April 1, 2023, we may redeem some or all of the 2028 notes at the applicable redemption prices set forth in the Euro Notes (2026/28) Indenture."
30,LKQ,F1,SP003,19.2,"Financial Statements LKQ CORPORATION AND SUBSIDIARIES Unaudited Condensed Consolidated Statements of Income (In thousands, except per share data) Three Months Ended Nine Months Ended September 30, September 30, 2019 2018 2019 2018 Revenue $ 3,147,773 $ 3,122,378 $ 9,496,249 $ 8,873,893 Cost of goods sold 1,947,444 1,925,180 5,840,469 5,460,845 Gross margin 1,200,329 1,197,198 3,655,780 3,413,048 Selling, general and administrative expenses 892,124 879,150 2,687,024 2,472,085 Restructuring and acquisition related expenses 8,929 6,614 20,613 26,546 Impairment of net assets held for sale ( 3,601 ) — 44,919 — Depreciation and amortization 71,513 76,701 213,349 196,322 Operating income 231,364 234,733 689,875 718,095 Other expense (income): Interest expense, net of interest income 31,976 40,860 103,949 107,647 Other income, net ( 5,939 ) ( 6,959 ) ( 15,523 ) ( 9,414 ) Total other expense, net 26,037 33,901 88,426 98,233 Income from continuing operations before provision for income taxes 205,327 200,832 601,449 619,862 Provision for income taxes 57,747 46,068 165,122 156,427 Equity in earnings (losses) of unconsolidated subsidiaries 4,232 ( 20,284 ) ( 33,745 ) ( 18,326 ) Income from continuing operations 151,812 134,480 402,582 445,109 Net income from discontinued operations 781 — 1,179 — Net income 152,593 134,480 403,761 445,109 Less: net (loss) income attributable to continuing noncontrolling interest ( 46 ) 378 2,321 1,040 Less: net income attributable to discontinued noncontrolling interest 376 — 568 — Net income attributable to LKQ stockholders $ 152,263 $ 134,102 $ 400,872 $ 444,069 Basic earnings per share: (1) Income from continuing operations $ 0.49 $ 0.42 $ 1.29 $ 1.42 Net income from discontinued operations 0.00 — 0.00 — Net income 0.50 0.42 1.30 1.42 Less: net (l"
30,LKQ,F5,SP003,17.0,"1 PART I FINANCIAL INFORMATION Item 1. Financial Statements LKQ CORPORATION AND SUBSIDIARIES Unaudited Condensed Consolidated Statements of Income (In thousands, except per share data) Three Months Ended Nine Months Ended September 30, September 30, 2020 2019 2020 2019 Revenue $ 3,047,684 $ 3,147,773 $ 8,674,942 $ 9,496,249 Cost of goods sold 1,849,142 1,947,444 5,251,520 5,840,469 Gross margin 1,198,542 1,200,329 3,423,422 3,655,780 Selling, general and administrative expenses 813,893 892,124 2,451,073 2,687,024 Restructuring and acquisition related expenses 20,495 8,929 52,415 20,613 (Gain) loss on disposal of businesses and impairment of net assets held for sale ( 503 ) ( 3,601 ) 1,733 44,919 Depreciation and amortization 68,655 71,513 199,897 213,349 Operating income 296,002 231,364 718,304 689,875 Other expense (income): Interest expense, net of interest income 25,182 32,104 76,729 104,077 (Gain) loss on debt extinguishment — ( 128 ) 12,751 ( 128 ) Other expense (income), net 2,492 ( 5,939 ) ( 9,304 ) ( 15,523 ) Total other expense, net 27,674 26,037 80,176 88,426 Income from continuing operations before provision for income taxes 268,328 205,327 638,128 601,449 Provision for income taxes 78,510 57,747 180,790 165,122 Equity in earnings (losses) of unconsolidated subsidiaries 4,113 4,232 1,980 ( 33,745 ) Income from continuing operations 193,931 151,812 459,318 402,582 Net income (loss) from discontinued operations — 781 ( 638 ) 1,179 Net income 193,931 152,593 458,680 403,761 Less: net income (loss) attributable to continuing noncontrolling interest 448 ( 46 ) 1,166 2,321 Less: net income attributable to discontinued noncontrolling interest — 376 103 568 Net income attributable to LKQ stockholders $ 193,483 $ 152,263 $ 457,411 $ 400,872 Basic earnings per share: ("
30,LKQ,MID-F2,SP003,19.2,"64 LKQ CORPORATION AND SUBSIDIARIES Consolidated Statements of Income (In thousands, except per share data) Year Ended December 31, 2019 2018 2017 Revenue $ 12,506,109 $ 11,876,674 9,736,909 Cost of goods sold 7,654,315 7,301,817 5,937,286 Gross margin 4,851,794 4,574,857 3,799,623 Selling, general and administrative expenses 3,580,300 3,352,731 2,715,407 Restructuring and acquisition related expenses 36,979 32,428 19,672 Impairment of net assets held for sale and goodwill 47,102 33,244 — Depreciation and amortization 290,770 274,213 219,546 Operating income 896,643 882,241 844,998 Other expense (income): Interest expense 138,504 146,377 101,640 (Gain) loss on debt extinguishment ( 128 ) 1,350 456 Interest income and other income, net ( 32,755 ) ( 8,917 ) ( 23,725 ) Total other expense, net 105,621 138,810 78,371 Income from continuing operations before provision for income taxes 791,022 743,431 766,627 Provision for income taxes 215,330 191,395 235,560 Equity in (losses) earnings of unconsolidated subsidiaries ( 32,277 ) ( 64,471 ) 5,907 Income from continuing operations 543,415 487,565 536,974 Net income (loss) from discontinued operations 1,619 ( 4,397 ) ( 6,746 ) Net income 545,034 483,168 530,228 Less: net income (loss) attributable to continuing noncontrolling interest 2,800 3,050 ( 3,516 ) Less: net income attributable to discontinued noncontrolling interest 974 — — Net income attributable to LKQ stockholders $ 541,260 $ 480,118 $ 533,744 Basic earnings per share: (1) Income from continuing operations $ 1.75 $ 1.55 $ 1.74 Net income (loss) from discontinued operations 0.01 ( 0.01 ) ( 0.02 ) Net income 1.76 1.54 1.72 Less: net income (loss) attributable to continuing noncontrolling interest 0.01 0.01 ( 0.01 ) Less: net income attributable to discontinued noncontro"
30,LKQ,F1,SP004,14.0,"operations. (2) The increase in segment operating expenses as a percentage of revenue was primarily due to a 0.3% increase in personnel expenses, principally as a result of the timing of bonus accrual revisions and the negative leverage effect driven by lower sales growth compared to average wage inflation. Transformation expenses related to the 1 LKQ Europe program had an unfavorable impact of 0.1% on the three months ended September 30, 2019 compared to the prior year period."
30,LKQ,F5,SP004,9.5,"(1) The increase in gross margin primarily reflects a favorable impact of 0.8% due to freight income, reflecting higher shipping and handling fees tied to increased usage of third party carriers (the offsetting delivery cost is a component of freight expense as mentioned below in the operating expenses discussion), partially offset by an unfavorable impact of 0.4% driven by higher product cost due to lower supplier discounts received in the current year compared to the prior year period. (2) The decrease in segment operating expenses reflects a favorable impact of 1.1% in personnel costs primarily due to reduced headcount and reduced hours, partially offset by an unfavorable impact of 0.9% in freight, vehicle and fuel expenses due to an increased use of third party freight. 49 Nine Months Ended September 30, 2020 Compared to Nine Months Ended September 30, 2019 North America Third Party Revenue ."
30,LKQ,MID-F2,SP004,15.0,"operations primarily as a result of decreased costs related to the national distribution facility, primarily due to expenses related to temporary service issues in 2018 that did not reoccur in 2019, as well as decreased inventory reserves, partially offset by (iii) a 0.3% unfavorable impact related to our Benelux and Italy operations, principally due to higher inventory write-offs and lower prices, and (iv) several individually immaterial factors that had an unfavorable impact of 0.2% in the aggregate. (2) The increase in segment operating expenses was primarily due to (i) a 0.4% increase in personnel expenses principally as a result of the negative leverage effect and wage inflation due to low unemployment partially offset by a decrease from other personnel-related costs, including salaries and wages and non-incentive benefits, primarily due to reduced headcount, and (ii) a 0.2% increase in transformation expenses related to the 1 LKQ Europe program. Specialty Third Party Revenue ."
31,HAS,F1,SP001,5.0,"The amendments in this update align cost capitalization of episodic television series production costs with that of film production cost capitalization. In addition, this update addresses impairment testing procedures with regard to film groups, when a film or license agreement is expected to be monetized with other films and/or license agreements. The intention of this update is to align accounting treatment with changes in production and distribution models within the entertainment industry and to provide increased transparency of information provided to users of financial statements about produced and licensed content."
31,HAS,F5,SP001,7.0,"Dollars Total As of September 27, 2020 $ 57,317 73,125 130,442 The following table represents the movements in production financing and other related loans acquired as a result of the eOne Acquisition during the first nine months of 2020: Production Financing Other Loans Total December 30, 2019 $ 209,651 9,102 218,753 Drawdowns 38,871 22,853 61,724 Repayments ( 124,824 ) ( 22,668 ) ( 147,492 ) Foreign exchange differences ( 2,254 ) ( 289 ) ( 2,543 ) Balance at September 27, 2020 $ 121,444 8,998 130,442 (8) eOne Investments in Productions and Investments in Acquired Content Rights In connection with the Company's acquisition of eOne, the Company acquired eOne's library of television and film and music content rights, which amounted to $ 619,545 as of September 27, 2020 and was recorded in other assets within the Company's consolidated balance sheets. Investments in productions and investments in acquired content rights are predominantly monetized on a title-by-title basis and are recorded in the consolidated balance sheets to the extent they are considered recoverable against future revenues. These amounts are being amortized to program cost amortization using a model that reflects the consumption of the asset as it is released through various channels including broadcast licenses, theatrical release and home entertainment."
31,HAS,MID-F2,SP001,10.0,"Definition and Limitations of Internal Control Over Financial Reporting A company’s internal control over financial reporting is a process designed to provide reasonable assurance regarding the reliability of financial reporting and the preparation of financial statements for external purposes in accordance with generally accepted accounting principles. A company’s internal control over financial reporting includes those policies and procedures that (1) pertain to the maintenance of records that, in reasonable detail, accurately and fairly reflect the transactions and dispositions of the assets of the company; (2) provide reasonable assurance that transactions are recorded as necessary to permit preparation of financial statements in accordance with generally accepted accounting principles, and that receipts and expenditures of the company are being made only in accordance with authorizations of management and directors of the company; and (3) provide reasonable assurance regarding prevention or timely detection of unauthorized acquisition, use, or disposition of the company’s assets that could have a material effect on the financial statements. 110 Table of Contents Because of its inherent limitations, internal control over financial reporting may not prevent or detect misstatements."
31,HAS,F1,SP002,6.5,"The Company’s option agreement relates to an equity method investment in Discovery Family Channel (""Discovery""). The option agreement is included in other liabilities at September 29, 2019 , September 30, 2018 and December 30, 2018 , and is valued using an option pricing model based on the fair value of the related investment. Inputs used in the option pricing model include the volatility and fair value of the underlying company which are considered unobservable inputs as they reflect the Company's own assumptions about the inputs that market participants would use in pricing the asset or liability."
31,HAS,F5,SP002,6.0,"These leases have remaining lease terms of 1 to 18 years, some of which include options to extend lease terms or options to terminate current lease terms at certain times, subject to notice requirements set out in the lease agreement. Payments under certain of the lease agreements may be subject to adjustment based on a consumer price index or other inflationary indices. The lease liability for such lease agreements as of the adoption date, was based on fixed payments as of the adoption date."
31,HAS,MID-F3,SP002,6.5,"The Company’s option agreement relates to an equity method investment in Discovery Family Channel (""Discovery""). The option agreement is included in other liabilities at March 29, 2020 , March 31, 2019 and December 29, 2019 , and is valued using an option pricing model based on the fair value of the related investment. Inputs used in the option pricing model include the volatility and fair value of the underlying company which are considered unobservable inputs as they reflect the Company's own assumptions about the inputs that market participants would use in pricing the asset or liability."
31,HAS,F1,SP003,13.5,"The components of the net periodic cost of the Company's terminated U.S. Pension Plan, remaining defined benefit pension plan and other postretirement plans for the quarters and nine months ended September 29, 2019 and September 30, 2018 are as follows: Quarter Ended Pension Postretirement September 29, 2019 September 30, 2018 September 29, 2019 September 30, 2018 Service cost $ 325 678 311 189 Interest cost 821 3,997 316 292 Expected return on assets ( 476 ) ( 5,190 ) — — Settlement — — — — Net amortization and deferrals 598 2,971 5 42 Net periodic benefit cost $ 1,268 2,456 632 523 Nine Months Ended Pension Postretirement September 29, 2019 September 30, 2018 September 29, 2019 September 30, 2018 Service cost 2,170 2,030 667 566 Interest cost 7,939 11,993 948 877 Expected return on assets ( 7,642 ) ( 15,569 ) — — Settlement 110,777 — — — Net amortization and deferrals 7,906 8,913 15 127 Net periodic benefit cost 121,150 7,367 1,630 1,570 During the nine months ended September 29, 2019 , the Company made cash contributions of $ 1,880 to its remaining defined benefit pension plans. During fiscal 2019 , the Company expects to make cash contributions to its remaining defined benefit pension plans of approximately $ 2,100 in the aggregate."
31,HAS,F5,SP003,13.0,"These diversified offerings span film, television and music production and sales, family programming, merchandising and licensing, and digital content. Over time, the Company plans to transition towards reflecting all of its entertainment operations in the eOne segment. The Company also expects to shift the consumer product and digital licensing business and toy and game sales related to the eOne preschool brands, to legacy Hasbro segments, including related toy and game operations into the Company's geographic commercial segments in late 2021 and 2022."
31,HAS,MID-F3,SP003,16.5,"Over time, the Company plans to transition towards reflecting all of its entertainment operations within the eOne segment. The Company also expects to shift the consumer product and digital licensing business and toy and game sales related to the eOne preschool brands to legacy Hasbro segments; including related toy and game operations into the Company's geographic commercial segments in late 2021 and 2022. In addition to the eOne segment, the Company's brand architecture now reflects the addition of the TV, Film and Entertainment brand portfolio which consists of legacy eOne film and TV revenues."
31,HAS,F1,SP004,8.0,"The operating profit decrease in the third quarter of 2019 was driven by lower revenues and increases in Partner Brand sales, which carry higher royalty expenses and result in lower operating profit. In addition, the segment recorded higher shipping and warehousing expenses as a result of implemented and proposed tariffs on U.S. products."
31,HAS,F5,SP004,11.5,"Demand has been and may be further impacted due to consumers’ lower discretionary income due to reduced or limited work or unemployment, which has increased dramatically due to the coronavirus. It is also a possibility that one or more countries may, in reaction to the coronavirus outbreak, place tariffs or other restrictions on products coming from China. As we discuss elsewhere in our risk factors, any tariffs or other restrictions, placed on products we source from China or another significant location for our global supply chain, and imported into significant markets for our products could harm our revenues and earnings."
31,HAS,MID-F2,SP004,18.0,"These international operations, including operations in emerging markets, have unique consumer preferences and business climates, present additional challenges and are subject to risks that may significantly harm our sales, increase our costs or otherwise damage our business, including: • Currency conversion risks and currency fluctuations; • The imposition of tariffs, quotas, border adjustment taxes or other protectionist measures; • Potential challenges to our transfer pricing determinations and other aspects of our cross border transactions, which can materially increase our taxes and other costs of doing business; • Political instability, civil unrest and economic instability; • Greater difficulty enforcing intellectual property rights and weaker laws protecting such rights; • Complications in complying with different laws in varying jurisdictions and in dealing with changes in governmental policies and the evolution of laws and regulations and related enforcement; • Difficulties understanding the retail climate, consumer trends, local customs and competitive conditions in foreign markets which may be quite different from the U.S.; • Natural disasters and the greater difficulty and cost in recovering therefrom; • Transportation delays and interruptions; • Difficulties in moving materials and products from one country to another, including port congestion, strikes and other transportation delays and interruptions; • Increased investment and operational complexity to make our products compatible with systems in various countries and compliant with local laws; and • Changes in international labor costs and other costs of doing business internationally. Tariffs increase the costs of our products and can lower sales. The current tariff environment, particularly the impos"
32,LOW,F1,SP001,6.0,"The Company must repay the aggregate principal amount of loans outstanding under the 364-Day Credit Agreement on the termination date in effect at such time (currently September 8, 2020). The Company may elect to convert all of the loans outstanding under the 364-Day Credit Agreement on the termination date into a term loan which the Company shall repay in full on the first anniversary date of the termination date. Borrowings under the 364-Day Credit Agreement will bear interest calculated according to a Base Rate or a Eurocurrency Rate plus an applicable margin."
32,LOW,F5,SP001,1.0,"Dividends paid per share increased from $1.51 per share for the nine months ended November 1, 2019, to $1.65 per share for the nine months ended October 30, 2020. Capital Resources We expect to continue to have access to the capital markets on both a short-term and long-term basis when needed for liquidity purposes by issuing commercial paper or new long-term debt. The availability and the borrowing costs of these funds could be adversely affected, however, by a downgrade of our debt ratings or a deterioration of certain financial ratios."
32,LOW,MID-F2,SP001,12.0,"In the event that our systems are breached or damaged for any reason, we may also suffer loss or unavailability of data and interruptions to our business operations while such breach or damage is being remedied. Should these events occur, the unauthorized disclosure, loss or unavailability of data and disruption to our business may have a material adverse effect on our reputation, drive existing and potential customers away and lead to financial losses from remedial actions, or potential liability, including possible litigation and punitive damages. A security breach resulting in the unauthorized release of data from our information systems or our third-party service providers’ information systems could also materially increase the costs we already incur to protect against such risks and require dedication of substantial resources to manage the aftermath of such a breach."
32,LOW,F1,SP002,9.0,"When quoted prices in active markets were available, investments were classified within Level 1 of the fair value hierarchy. When quoted prices in active markets were not available, fair values were determined using pricing models, and the inputs to those pricing models were based on observable market inputs. The inputs to the pricing models were typically benchmark yields, reported trades, broker-dealer quotes, issuer spreads and benchmark securities, among others."
32,LOW,F5,SP002,8.8,"When available, quoted prices were used to determine fair value. When quoted prices in active markets were available, investments were classified within Level 1 of the fair value hierarchy. When quoted prices in active markets were not available, fair values were determined using pricing models, and the inputs to those pricing models were based on observable market inputs."
32,LOW,MID-F3,SP002,9.0,"When quoted prices in active markets were available, investments were classified within Level 1 of the fair value hierarchy. When quoted prices in active markets were not available, fair values were determined using pricing models, and the inputs to those pricing models were based on observable market inputs. The inputs to the pricing models were typically benchmark yields, reported trades, broker-dealer quotes, issuer spreads, and benchmark securities, among others."
32,LOW,F1,SP003,14.8,"Expenses associated with long-lived asset impairment, accelerated depreciation, discontinued projects, severance, and lease obligations, are included in selling, general and administrative expense in the consolidated statement of current and retained earnings. Inventory adjustments to net realizable value are included in cost of sales in the consolidated statement of current and retained earnings. 2019 Canada Restructuring During the third quarter of fiscal 2019, the Company began a strategic review of its Canadian operations, and as a result, recognized pre-tax charges of $ 53 million associated with long-lived asset impairment."
32,LOW,F5,SP003,11.0,"Interest expense for the first nine months of 2020 increased primarily due to the same factors that impacted interest expense for the third quarter. Loss on Extinguishment of Debt – During the third quarter of 2020, we repurchased and retired $3.0 billion aggregate principal amount of our outstanding debt resulting in a loss on extinguishment of debt of $1.1 billion. 22 Table of Contents Income Tax Provision – Our effective income tax rates were 22.6% and 24.0% for the three months ended October 30, 2020, and November 1, 2019, respectively."
32,LOW,MID-F2,SP003,11.2,"In 2019, we paid approximately $1.1 billion to retire scheduled debts at maturity. In 2018, we paid approximately $250 million to retire scheduled debts at maturity. Our ratio of debt to capital (equity plus debt) was 90.7% and 81.7% as of January 31, 2020 , and February 1, 2019 , respectively."
32,LOW,F1,SP004,8.0,"The gross margin increase for the quarter resulted from our prior year inventory rationalization efforts to eliminate less productive SKUs 28 Table of Contents and reduce clutter in our stores, which negatively impacted the prior year gross margin and drove approximately 170 basis points of improvement, and product mix, which increased margin approximately 35 basis points. Gross margin was negatively impacted approximately 40 basis points due to tariff pressure, 20 basis points due to supply chain costs associated with new facilities, transportation and customer deliveries, and 20 basis points associated with increased inventory shrink. Gross margin as a percentage of sales decreased 35 basis points in the first nine months of 2019 compared to 2018."
32,LOW,F5,SP004,6.0,"At the onset of the pandemic, the Company implemented a number of measures to facilitate a safer store environment and to provide support for its associates, customers and community. During the first quarter, the Company expanded associate benefits in response to COVID-19 to provide additional paid time off, special payments to hourly associates, temporary wage increases and other benefits. During the second and third quarters of 2020, the Company provided additional bonus payments to hourly associates, in addition to continued enhanced cleaning protocols and charitable contributions."
32,LOW,MID-F2,SP004,11.0,"We source a large number of our products from foreign manufacturers, with China being the dominant import source. The current United States administration has enacted, and signaled the possibility of additional, changes in certain tax and trade policies, tariffs and other regulations affecting trade between the United States and other countries, such as the imposition of additional tariffs or duties on imported products and the exit or renegotiation of certain trade agreements and the rules of the World Trade Organization. While it is not possible to predict the long term impacts such changes may have, because we source a large percentage of our merchandise from outside the United States, future changes in tax or trade policies, tariffs or trade relations could adversely affect our business, results of operations, effective income tax rate, liquidity and net income."
33,RL,F1,SP001,8.0,"The shares of Class A Common Stock issued by the Company in such conversions are exempt from registration pursuant to Section 3(a)(9) of the Securities Act of 1933, as amended. 67 During the fiscal quarter ended September 28, 2019 , the stockholder set forth in the table below converted shares of Class B Common Stock into Class A Common on the date set forth below: Stockholder That Converted Class B Common Stock to Class A Common Stock Date of Conversion Number of Shares Converted/ Received Lauren Family, L.L.C. August 15, 2019 500,004 (b) Not Applicable (c) Stock Repurchases The following table sets forth the repurchases of shares of the Company's Class A common stock during the three months ended September 28, 2019 : Total Number of Shares Purchased Average Price Paid per Share Total Number of Shares Purchased as Part of Publicly Announced Plans or Programs Approximate Dollar Value of Shares That May Yet be Purchased Under the Plans or Programs (a) (millions) June 30, 2019 to July 27, 2019 730 (b) $ 113.98 — $ 1,080 July 28, 2019 to August 24, 2019 1,292,106 (c) 94.06 1,276,112 960 August 25, 2019 to September 28, 2019 1,367,953 (d) 95.21 1,363,583 830 2,660,789 2,639,695 (a) Repurchases of shares of Class A common stock are subject to overall business and market conditions."
33,RL,F5,SP001,6.0,"The shares of Class A Common Stock issued by the Company in such conversions are exempt from registration pursuant to Section 3(a)(9) of the Securities Act of 1933, as amended. No shares of the Company's Class B common stock were converted into Class A common stock during the three months ended September 26, 2020 . (b) Not Applicable (c) Stock Repurchases The following table sets forth the repurchases of shares of the Company's Class A common stock during the three months ended September 26, 2020 : Total Number of Shares Purchased (a) Average Price Paid per Share Total Number of Shares Purchased as Part of Publicly Announced Plans or Programs Approximate Dollar Value of Shares That May Yet be Purchased Under the Plans or Programs (b) (millions) June 28, 2020 to July 25, 2020 — $ — — $ 580 July 26, 2020 to August 22, 2020 23,933 69.66 — 580 August 23, 2020 to September 26, 2020 744 75.53 — 580 24,677 — (a) Represents shares surrendered to or withheld by the Company in satisfaction of withholding taxes in connection with the vesting of awards issued under its long-term stock incentive plans."
33,RL,MID-F3,SP001,12.0,"Any perceived or actual electronic or physical security breach involving the misappropriation, loss, or other unauthorized disclosure of confidential or personally identifiable information, including penetration of our network security, whether by us or by a third party, could disrupt our business, severely damage our reputation and our relationships with our customers or employees, expose us to risks of litigation, significant fines and penalties, and liability, and result in deterioration in our customers' and employees' confidence in us, and adversely affect our business, results of operations, and financial condition. Since we do not control third-party service providers and cannot guarantee that no electronic or physical computer break-ins and security breaches will occur in the future, any perceived or actual unauthorized disclosure of personally identifiable information regarding our employees, customers or website visitors could harm our reputation and credibility, result in lost sales, impair our ability to attract website visitors, and/or reduce our ability to attract and retain employees and customers. As these threats develop and grow, we may find it necessary to make significant further investments to protect data and our infrastructure, including the implementation of new computer systems or upgrades to existing systems, deployment of additional personnel and protection-related technologies, engagement of third-party consultants, and training of employees."
33,RL,F1,SP002,14.0,"and China, we are actively reviewing and acting upon options to mitigate our exposure to the resulting tariffs, including diverting production to and sourcing from other countries, driving productivity within our existing supplier base, and taking pricing actions. We are also closely monitoring the latest developments regarding Brexit and are assessing risks and opportunities and developing strategies to mitigate our exposure in the event of a ""hard"" Brexit (i.e., if the United Kingdom exits the European Union without having a final withdrawal agreement in place). We will continue to monitor these conditions and trends and evaluate and adjust our operating strategies and foreign currency and cost management opportunities to help mitigate the related impact on our results of operations, while remaining focused on the long-term growth of our business and protecting and elevating the value of our brand."
33,RL,F5,SP002,7.0,"To the extent the Company invests in bonds, such investments are also classified as available-for-sale and recorded at fair value in its consolidated balance sheets based on quoted prices in active markets. The Company's derivative financial instruments are recorded at fair value in its consolidated balance sheets and are valued using pricing models that are primarily based on market observable external inputs, including spot and forward currency exchange rates, benchmark interest rates, and discount rates consistent with the instrument's tenor, and consider the impact of the Company's own credit risk, if any. Changes in counterparty credit risk are also considered in the valuation of derivative financial instruments."
33,RL,MID-F3,SP002,9.5,"Any of these outcomes could have a material adverse effect on our business, results of operations, and financial condition. Additionally, our industry is subject to significant pricing pressure caused by many factors, including intense competition and a highly promotional retail environment, consolidation in the retail industry, pressure from retailers to reduce the costs of products, and changes in consumer spending patterns. Although we continue to limit our promotional activity in connection with our quality of sales initiatives, these factors may cause us to reduce our sales prices to retailers and consumers, which could cause our gross margin to decline if we are unable to appropriately manage inventory levels and/or otherwise offset price reductions with comparable reductions in our costs."
33,RL,F1,SP003,12.8,"(b) Based on Level 2 measurements. Unrealized gains or losses resulting from changes in the fair value of the Company's debt instruments do not result in the realization or expenditure of cash, unless the debt is retired prior to its maturity. 26 RALPH LAUREN CORPORATION NOTES TO CONSOLIDATED FINANCIAL STATEMENTS (Continued) Non-financial Assets and Liabilities The Company's non-financial assets, which primarily consist of goodwill, other intangible assets, property and equipment, and lease-related ROU assets, are not required to be measured at fair value on a recurring basis, and instead are reported at carrying value in its consolidated balance sheet."
33,RL,F5,SP003,14.8,"15 RALPH LAUREN CORPORATION NOTES TO CONSOLIDATED FINANCIAL STATEMENTS (Continued) Cash Flow Hedges The Company uses forward foreign currency exchange contracts to mitigate its risk related to exchange rate fluctuations on inventory transactions made in an entity's non-functional currency. To the extent designated as cash flow hedges, related gains or losses on such instruments are initially deferred in equity as a component of AOCI and are subsequently recognized within cost of goods sold in the consolidated statements of operations when the related inventory is sold. If a derivative instrument is dedesignated or if hedge accounting is discontinued because the instrument is not expected to be highly effective in hedging the designated exposure, any further gains (losses) are recognized in earnings each period within other income (expense), net."
33,RL,MID-F2,SP003,17.5,"There are also concerns regarding the United Kingdom's recent withdrawal from the European Union, commonly referred to as ""Brexit."" Although the United Kingdom ceased to be a member of the European Union effective January 31, 2020, it has now entered a ""transition period"" during which its existing trading relationship with the European Union will remain in place and it will continue to follow the European Union's rules. Negotiations during the transition period to determine the United Kingdom's future relationship with the European Union, including terms of trade, are expected to be complex. It is not clear at this time what, if any, agreements will be reached by the current December 31, 2020 transition period deadline and the resulting impact on consumer sentiment."
33,RL,F1,SP004,7.5,"The U.S. and China have imposed significant new tariffs on each other related to the importation of certain product categories, and additional tariffs have been proposed. More recently, escalating protests in Hong Kong have resulted in a significant decline in local retail traffic and tourism and forced temporary store closures."
33,RL,F5,SP004,0.0,NO KEYWORD-CANDIDATE PASSAGE
33,RL,MID-F3,SP004,12.0,"However, if the U.S. decides to impose additional tariffs on apparel or other of our goods imported from China, there can be no assurance that we will be able to offset all related increased costs, which could be material to our business operations as approximately 25% of our products are sourced from China. There have also been recent changes to U.S."
34,VFC,F1,SP001,6.0,"The Company will recognize $ 13.0 million of total incremental compensation cost related to the adjustment of the VF equity awards, of which $ 0.3 million and $ 12.3 million were recognized during the three and six months ended September 2019 , respectively. In connection with the spin-off, stock options to purchase 756,709 shares of VF Common Stock, 52,018 performance-based RSUs, 79,187 nonperformance-based RSUs and 112,763 restricted shares of VF Common Stock were converted into Kontoor Brands equity awards. Incentive Equity Awards Granted During the six months ended September 2019 , VF granted stock options to employees and nonemployee members of VF's Board of Directors to purchase 1,478,107 shares of its Common Stock at a weighted average exercise price of $ 84.31 per share."
34,VFC,F5,SP001,5.0,"There is significant uncertainty around retail store openings and the extent to which stores may remain open if and where there is a resurgence in COVID-19, and the duration and severity of any related restrictions. Some of the impacts of the COVID-19 pandemic on our business have included, and could continue to include, the following: • significant reductions in demand and significant volatility in demand for our products by consumers and customers resulting in reduced orders, order cancellations, lower revenues, higher discounts, increased inventories, decreased value of inventories and lower gross margins, which continue to be caused by, among other things: the inability of consumers to purchase our products due to illness, quarantine or other restrictions or out of fear of exposure to COVID-19, phased reopenings and reclosures of our owned stores as well as stores of our customers or reduced store hours across the Americas, Europe and Asia Pacific due to a resurgence of COVID-19, significant declines in consumer retail store traffic to stores that have reopened, or financial hardship and unemployment, shifts in demand away from consumer discretionary products and reduced options for marketing and promotion of products or other restrictions in connection with the COVID-19 pandemic; • significant uncertainty and turmoil in global economic and financial market conditions causing, among other things: decreased consumer confidence and decreased consumer spending, now and in the mid and long-term, inability to access financing in the credit and capital markets (including the commercial paper market) at reasonable rates (or at all) in the event we, our customers or suppliers find it desirable to do so, increased exposure to fluctuations in foreign currency exchange rates r"
34,VFC,MID-F3,SP001,13.2,"Accordingly, if unauthorized parties gain access to our networks or databases, or those of our third-party service providers, they may be able to steal, publish, delete or modify our private and sensitive information, including credit card information and personal information. We have implemented systems and processes designed to protect against unauthorized access to or use of personal information, and rely on encryption and authentication technology to effectively secure transmission of confidential customer information, including credit card information. Despite these security measures, there is no guarantee that they are adequate and our facilities and systems and those of our third-party service providers may be vulnerable and unable to anticipate or detect security breaches and data loss."
34,VFC,F1,SP002,16.0,"Operating margin decreased 80 and 40 basis points in the three and six months ended September 2019 , respectively, compared to the 2018 periods due to relocation costs, higher product costs and increased investments in direct-to-consumer, product innovation, demand creation and technology. The declines in both periods were partially offset by leverage of operating expenses on higher revenues and increased pricing. The decrease in the six months ended September 2019 was also partially offset by a gain of approximately $11 million on the sale of office real estate and related assets in connection with the relocation of VF's global headquarters and certain brands to Denver, Colorado during the first quarter."
34,VFC,F5,SP002,8.0,"The decrease in the six months ended September 2020 was partially offset by a favorable mix shift to higher margin businesses and channels. Selling, general and administrative expenses as a percentage of total revenues increased during both the three and six months ended September 2020 compared to the 2019 periods, primarily reflecting lower leverage of operating expenses due to decreased revenues as a result of the negative impact of COVID-19 and continued investments in direct-to-consumer and digital strategic growth initiatives. Selling, general and administrative expenses decreased $168.9 million and $411.2 million in the three and six months ended September 2020, respectively, compared to the 2019 periods, primarily due to cost controls taken in response to COVID-19 and payroll relief from the CARES Act and other governmental packages."
34,VFC,MID-F2,SP002,16.0,"The decrease in both periods reflects certain higher product costs, increased investments in direct-to-consumer and demand creation and declines in the occupational work businesses. These decreases were partially offset by increased pricing and lower transaction and deal-related costs from the acquisition of the Williamson-Dickie business. On January 21, 2020, VF announced that it is considering the divestiture of the occupational portion of its Work segment."
34,VFC,F1,SP003,23.5,"Revenue and related expense items associated with the transition services were recorded in the Other category, and operating expense reimbursements were recorded within the corporate and other expenses line item, in the reconciliation of segment revenues and segment profit in Note 15 . VF Corporation Q2 FY20 Form 10-Q 16 Summarized Discontinued Operations Financial Information The following table summarizes the major line items for the Jeans business and Nautica ® brand business that are included in the income (loss) from discontinued operations, net of tax line item in the Consolidated Statements of Income: Three Months Ended September Six Months Ended September (In thousands) 2019 2018 2019 2018 Net revenues $ — $ 687,996 $ 335,203 $ 1,360,920 Cost of goods sold — 405,210 203,124 799,604 Selling, general and administrative expenses — 169,103 152,798 335,034 Interest, net — 1,308 ( 552 ) 2,277 Other income (expense), net — ( 2,085 ) ( 667 ) ( 3,054 ) Income (loss) from discontinued operations before income taxes — 112,906 ( 21,938 ) 225,505 Gain on the sale of discontinued operations before income taxes — — — 4,206 Total income (loss) from discontinued operations before income taxes — 112,906 ( 21,938 ) 229,711 Income tax expense (a) — ( 21,909 ) ( 26,090 ) ( 39,720 ) Income (loss) from discontinued operations, net of tax $ — $ 90,997 $ ( 48,028 ) $ 189,991 (a) Income tax expense for the six months ended September 2019 includes additional tax expense on nondeductible transaction costs and uncertain tax positions. The following table summarizes the carrying amounts of major classes of assets and liabilities of discontinued operations for each of the periods presented: (In thousands) September 2019 March 2019 September 2018 Cash and equivalents $ — $ 97,892 $ 85,993 Acco"
34,VFC,F5,SP003,19.2,"3 VF Corporation Q2 FY21 Form 10-Q Table of Contents VF CORPORATION Consolidated Statements of Operations (Unaudited) Three Months Ended September Six Months Ended September (In thousands, except per share amounts) 2020 2019 2020 2019 Net revenues $ 2,608,324 $ 3,179,758 $ 3,684,617 $ 5,230,412 Costs and operating expenses Cost of goods sold 1,282,406 1,456,317 1,789,357 2,352,601 Selling, general and administrative expenses 1,005,970 1,174,879 1,822,121 2,233,284 Total costs and operating expenses 2,288,376 2,631,196 3,611,478 4,585,885 Operating income 319,948 548,562 73,139 644,527 Interest income 3,176 4,424 4,489 10,968 Interest expense ( 34,107 ) ( 20,810 ) ( 63,369 ) ( 42,937 ) Other income (expense), net 4,644 ( 1,771 ) ( 33,543 ) 3,783 Income (loss) from continuing operations before income taxes 293,661 530,405 ( 19,284 ) 616,341 Income tax expense (benefit) 50,415 ( 94,972 ) 15,212 ( 74,309 ) Income (loss) from continuing operations 243,246 625,377 ( 34,496 ) 690,650 Income from discontinued operations, net of tax 13,476 23,624 5,605 7,572 Net income (loss) $ 256,722 $ 649,001 $ ( 28,891 ) $ 698,222 Earnings (loss) per common share - basic Continuing operations $ 0.62 $ 1.57 $ ( 0.09 ) $ 1.74 Discontinued operations 0.03 0.06 0.01 0.02 Total earnings (loss) per common share - basic $ 0.66 $ 1.63 $ ( 0.07 ) $ 1.76 Earnings (loss) per common share - diluted Continuing operations $ 0.62 $ 1.55 $ ( 0.09 ) $ 1.72 Discontinued operations 0.03 0.06 0.01 0.02 Total earnings (loss) per common share - diluted $ 0.66 $ 1.61 $ ( 0.07 ) $ 1.74 Weighted average shares outstanding Basic 389,219 397,751 388,957 397,239 Diluted 391,180 402,261 390,986 402,088 See notes to consolidated financial statements. VF Corporation Q2 FY21 Form 10-Q 4 Table of Contents VF CORPORATION Con"
34,VFC,MID-F2,SP003,20.2,"The results of the Nautica ® brand business recorded in the income (loss) from discontinued operations, net of tax line item in the Consolidated Statements of Income were income of $ 0.4 million (reflecting a $ 0.4 million decrease in the estimated loss on sale) and $ 0.8 million (including a $ 5.4 million decrease in the estimated loss on sale) for the three and nine months ended December 2018 , respectively. Under the terms of the transition services agreement, the Company provided certain services for periods up to 12 months from the closing date of the transaction. Revenue and related expense items associated with the transition services were recorded in the Other category, and operating expense reimbursements were recorded within the corporate and other expenses line item, in the reconciliation of segment revenues and segment profit in Note 15 ."
34,VFC,F1,SP004,8.0,dollars. All references to foreign currency amounts also reflect the impact of foreign currency-denominated transactions in countries with highly inflationary economies. VF’s most significant foreign currency exposure relates to business conducted in euro-based countries.
34,VFC,F5,SP004,5.0,"The CARES Act, among other things, provides employer payroll tax credits for wages paid to employees unable to work during the COVID-19 pandemic and options to defer payroll tax payments. Other foreign government programs available to VF also provide certain payroll tax credits and wage subsidies. The Company recognized $17.3 million and $67.7 million during the three and six months ended September 2020, respectively, as a result of relief from the CARES Act and other governmental packages, which were recorded as a reduction in selling, general and administrative expenses."
34,VFC,MID-F3,SP004,26.0,"Prices of purchased finished products also depend on wage rates in Asia and other geographic areas where our independent contractors are located, as well as freight costs from those regions. Inflation can also have a long-term impact on us because increasing costs of materials and labor may impact our ability to maintain satisfactory margins. For example, the cost of the materials, that are used in our manufacturing process, such as oil-related commodity prices and other raw materials, such as cotton, dyes and chemical and other costs, such as fuel, energy and utility costs, can fluctuate as a result of inflation and other factors."
35,TPR,F1,SP001,5.0,"Tapestry owns the Coach, Kate Spade and Stuart Weitzman brands. The Company’s primary product offerings, manufactured by third-party suppliers, include women’s and men’s bags, small leather goods, footwear, ready-to-wear including outerwear, watches, weekend and travel accessories, scarves, eyewear, fragrance, jewelry and other lifestyle products. The Coach segment includes global sales of Coach products to customers through Coach operated stores, including the Internet and concession shop-in-shops, and sales to wholesale customers and through independent third party distributors."
35,TPR,F5,SP001,5.0,"Tapestry owns the Coach, Kate Spade and Stuart Weitzman brands. The Company’s primary product offerings, manufactured by third-party suppliers, include women’s and men’s bags, small leather goods, footwear, ready-to-wear including outerwear, watches, weekend and travel accessories, scarves, eyewear, fragrance, jewelry and other lifestyle products. The Coach segment includes global sales of Coach products to customers through Coach operated stores, including the Internet and concession shop-in-shops, and sales to wholesale customers and through independent third party distributors."
35,TPR,MID-F4,SP001,14.0,"Any misappropriation of confidential or personal information gathered, stored or used by us, be it intentional or accidental, could have a material impact on the operation of our business, including severely damaging our reputation and our relationships with our customers, employees and investors. We may also incur significant costs implementing additional security measures to protect against new or enhanced data security or privacy threats, or to comply with current and new state, federal and international laws governing the unauthorized disclosure of confidential and personal information which are continuously being enacted and proposed such as the General Data Protection Regulation in the E.U. and the California Consumer Privacy Act in California, U.S.A., as well as increased cyber security protection costs such as organizational changes, Covid-19 employee and visitor health checks deploying additional personnel and protection technologies, training employees, engaging third party experts and consultants and lost revenues resulting from unauthorized use of proprietary information including our intellectual property."
35,TPR,F1,SP002,7.8,"The use of derivative financial instruments is in accordance with the Company's risk management policies, and we do not enter into derivative transactions for speculative or trading purposes. The quantitative disclosures in the following discussion are based on quoted market prices obtained through independent pricing sources for the same or similar types of financial instruments, taking into consideration the underlying terms and maturities and theoretical pricing models. These quantitative disclosures do not represent the maximum possible loss or any expected loss that may occur, since actual results may differ from those estimates."
35,TPR,F5,SP002,8.0,"Level 2 inputs include quoted prices for identical assets or liabilities in non-active markets, quoted prices for similar assets or liabilities in active markets, and inputs other than quoted prices that are observable for substantially the full term of the asset or liability. Level 3 — Unobservable inputs reflecting management’s own assumptions about the input used in pricing the asset or liability. The Company does not have any Level 3 investments."
35,TPR,MID-F2,SP002,8.0,"Level 2 — Observable inputs other than quoted prices included in Level 1. Level 2 inputs include quoted prices for identical assets or liabilities in non-active markets, quoted prices for similar assets or liabilities in active markets, and inputs other than quoted prices that are observable for substantially the full term of the asset or liability. Level 3 — Unobservable inputs reflecting management’s own assumptions about the input used in pricing the asset or liability."
35,TPR,F1,SP003,13.0,until December 2020. This transitional period is subject to the successful conclusion of a final withdrawal agreement between the parties and its ratification by U.K. parliament.
35,TPR,F5,SP003,8.0,"officially terminated its membership of the E.U. on January 31, 2020 under the terms of a withdrawal agreement concluded between the U.K. and E.U."
35,TPR,MID-F4,SP003,18.2,"The associated estimated asset retirement costs are capitalized as part of the carrying amount of the long-lived asset and depreciated over its useful life. As of the end of fiscal 2020 and fiscal 2019 , the Company had asset retirement obligations of $ 35.6 million and $ 33.2 million , respectively, primarily classified within other non-current liabilities in the Company's Consolidated Balance Sheets. Revenue Recognition Revenue is recognized when the Company satisfies its performance obligations by transferring control of promised products or services to its customers, which may be at a point of time or over time."
35,TPR,F1,SP004,8.0,"During the first quarter of 2020, Hong Kong has been the subject of worsening political unrest, as demonstrated through ongoing public demonstrations and protests, which has impacted and is expected to continue to impact our business. Furthermore, during fiscal 2019 and continuing into fiscal 2020, the Trump Administration and China have both imposed new tariffs on the importation of certain product categories into the respective country. We expect these changes to have a modest impact on gross margin in fiscal 2020."
35,TPR,F5,SP004,8.0,"Presidential election and potential changes to trade agreements may contribute to a worsening of the macroeconomic environment. Since fiscal 2019, the Trump Administration and China have both imposed new tariffs on the importation of certain product categories into the respective country. Continued increases in trade tensions could impact the Company's ability to grow its business with the Chinese consumer globally."
35,TPR,MID-F4,SP004,12.0,"Increases in our costs, such as raw materials, labor or freight could negatively impact our gross margin. Labor costs at many of our manufacturers have been increasing significantly and, as the middle class in developing countries continues to grow, it is unlikely that such cost pressure will abate. Furthermore, the cost of transportation may fluctuate significantly if oil prices show volatility."
