sample_order,sector,sector_rank,ticker,company_name,CIK,filing_position,form,filing_date,accession_number,sec_locator,verification_status,verification_note
1,communication_services,1,FOX,Fox Corporation,0001754301,F1,10-Q,2019-11-06,0001564590-19-041135,https://www.sec.gov/Archives/edgar/data/1754301/0001564590-19-041135.txt,VERIFIED_FROM_OFFICIAL_SEC_MASTER_INDEX,Sequential 10-Q/10-K under frozen H06 F5 rule
1,communication_services,1,FOX,Fox Corporation,0001754301,F2,10-Q,2020-02-05,0001564590-20-003497,https://www.sec.gov/Archives/edgar/data/1754301/0001564590-20-003497.txt,VERIFIED_FROM_OFFICIAL_SEC_MASTER_INDEX,Sequential 10-Q/10-K under frozen H06 F5 rule
1,communication_services,1,FOX,Fox Corporation,0001754301,F3,10-Q,2020-05-07,0001564590-20-022088,https://www.sec.gov/Archives/edgar/data/1754301/0001564590-20-022088.txt,VERIFIED_FROM_OFFICIAL_SEC_MASTER_INDEX,Sequential 10-Q/10-K under frozen H06 F5 rule
1,communication_services,1,FOX,Fox Corporation,0001754301,F4,10-K,2020-08-10,0001564590-20-038975,https://www.sec.gov/Archives/edgar/data/1754301/0001564590-20-038975.txt,VERIFIED_FROM_OFFICIAL_SEC_MASTER_INDEX,Sequential 10-Q/10-K under frozen H06 F5 rule
1,communication_services,1,FOX,Fox Corporation,0001754301,F5,10-Q,2020-11-03,0001564590-20-050013,https://www.sec.gov/Archives/edgar/data/1754301/0001564590-20-050013.txt,VERIFIED_FROM_OFFICIAL_SEC_MASTER_INDEX,Sequential 10-Q/10-K under frozen H06 F5 rule
2,communication_services,2,CMCSA,Comcast,0001166691,F1,10-Q,2019-10-24,0001166691-19-000020,https://www.sec.gov/Archives/edgar/data/1166691/0001166691-19-000020.txt,VERIFIED_FROM_OFFICIAL_SEC_MASTER_INDEX,Sequential 10-Q/10-K under frozen H06 F5 rule
2,communication_services,2,CMCSA,Comcast,0001166691,F2,10-K,2020-01-30,0001166691-20-000008,https://www.sec.gov/Archives/edgar/data/1166691/0001166691-20-000008.txt,VERIFIED_FROM_OFFICIAL_SEC_MASTER_INDEX,Sequential 10-Q/10-K under frozen H06 F5 rule
2,communication_services,2,CMCSA,Comcast,0001166691,F3,10-Q,2020-04-30,0001166691-20-000017,https://www.sec.gov/Archives/edgar/data/1166691/0001166691-20-000017.txt,VERIFIED_FROM_OFFICIAL_SEC_MASTER_INDEX,Sequential 10-Q/10-K under frozen H06 F5 rule
2,communication_services,2,CMCSA,Comcast,0001166691,F4,10-Q,2020-07-30,0001166691-20-000024,https://www.sec.gov/Archives/edgar/data/1166691/0001166691-20-000024.txt,VERIFIED_FROM_OFFICIAL_SEC_MASTER_INDEX,Sequential 10-Q/10-K under frozen H06 F5 rule
2,communication_services,2,CMCSA,Comcast,0001166691,F5,10-Q,2020-10-29,0001166691-20-000032,https://www.sec.gov/Archives/edgar/data/1166691/0001166691-20-000032.txt,VERIFIED_FROM_OFFICIAL_SEC_MASTER_INDEX,Sequential 10-Q/10-K under frozen H06 F5 rule
3,communication_services,3,LUMN,Lumen Technologies,0000018926,F1,10-Q,2019-11-07,0000018926-19-000022,https://www.sec.gov/Archives/edgar/data/18926/0000018926-19-000022.txt,VERIFIED_FROM_OFFICIAL_SEC_MASTER_INDEX,Sequential 10-Q/10-K under frozen H06 F5 rule
3,communication_services,3,LUMN,Lumen Technologies,0000018926,F2,10-K,2020-02-28,0000018926-20-000009,https://www.sec.gov/Archives/edgar/data/18926/0000018926-20-000009.txt,VERIFIED_FROM_OFFICIAL_SEC_MASTER_INDEX,Sequential 10-Q/10-K under frozen H06 F5 rule
3,communication_services,3,LUMN,Lumen Technologies,0000018926,F3,10-Q,2020-05-07,0000018926-20-000016,https://www.sec.gov/Archives/edgar/data/18926/0000018926-20-000016.txt,VERIFIED_FROM_OFFICIAL_SEC_MASTER_INDEX,Sequential 10-Q/10-K under frozen H06 F5 rule
3,communication_services,3,LUMN,Lumen Technologies,0000018926,F4,10-Q,2020-08-06,0000018926-20-000022,https://www.sec.gov/Archives/edgar/data/18926/0000018926-20-000022.txt,VERIFIED_FROM_OFFICIAL_SEC_MASTER_INDEX,Sequential 10-Q/10-K under frozen H06 F5 rule
3,communication_services,3,LUMN,Lumen Technologies,0000018926,F5,10-Q,2020-11-05,0000018926-20-000028,https://www.sec.gov/Archives/edgar/data/18926/0000018926-20-000028.txt,VERIFIED_FROM_OFFICIAL_SEC_MASTER_INDEX,Sequential 10-Q/10-K under frozen H06 F5 rule
4,communication_services,4,DIS,Walt Disney Company,0001744489,F1,10-K,2019-11-20,0001744489-19-000225,https://www.sec.gov/Archives/edgar/data/1744489/0001744489-19-000225.txt,VERIFIED_FROM_OFFICIAL_SEC_MASTER_INDEX,Sequential 10-Q/10-K under frozen H06 F5 rule
4,communication_services,4,DIS,Walt Disney Company,0001744489,F2,10-Q,2020-02-04,0001744489-20-000046,https://www.sec.gov/Archives/edgar/data/1744489/0001744489-20-000046.txt,VERIFIED_FROM_OFFICIAL_SEC_MASTER_INDEX,Sequential 10-Q/10-K under frozen H06 F5 rule
4,communication_services,4,DIS,Walt Disney Company,0001744489,F3,10-Q,2020-05-05,0001744489-20-000102,https://www.sec.gov/Archives/edgar/data/1744489/0001744489-20-000102.txt,VERIFIED_FROM_OFFICIAL_SEC_MASTER_INDEX,Sequential 10-Q/10-K under frozen H06 F5 rule
4,communication_services,4,DIS,Walt Disney Company,0001744489,F4,10-Q,2020-08-04,0001744489-20-000151,https://www.sec.gov/Archives/edgar/data/1744489/0001744489-20-000151.txt,VERIFIED_FROM_OFFICIAL_SEC_MASTER_INDEX,Sequential 10-Q/10-K under frozen H06 F5 rule
4,communication_services,4,DIS,Walt Disney Company,0001744489,F5,10-K,2020-11-25,0001744489-20-000197,https://www.sec.gov/Archives/edgar/data/1744489/0001744489-20-000197.txt,VERIFIED_FROM_OFFICIAL_SEC_MASTER_INDEX,Sequential 10-Q/10-K under frozen H06 F5 rule
5,communication_services,5,OMC,Omnicom Group,0000029989,F1,10-Q,2019-10-15,0000029989-19-000019,https://www.sec.gov/Archives/edgar/data/29989/0000029989-19-000019.txt,VERIFIED_FROM_OFFICIAL_SEC_MASTER_INDEX,Sequential 10-Q/10-K under frozen H06 F5 rule
5,communication_services,5,OMC,Omnicom Group,0000029989,F2,10-K,2020-02-11,0000029989-20-000005,https://www.sec.gov/Archives/edgar/data/29989/0000029989-20-000005.txt,VERIFIED_FROM_OFFICIAL_SEC_MASTER_INDEX,Sequential 10-Q/10-K under frozen H06 F5 rule
5,communication_services,5,OMC,Omnicom Group,0000029989,F3,10-Q,2020-04-28,0000029989-20-000007,https://www.sec.gov/Archives/edgar/data/29989/0000029989-20-000007.txt,VERIFIED_FROM_OFFICIAL_SEC_MASTER_INDEX,Sequential 10-Q/10-K under frozen H06 F5 rule
5,communication_services,5,OMC,Omnicom Group,0000029989,F4,10-Q,2020-07-28,0000029989-20-000010,https://www.sec.gov/Archives/edgar/data/29989/0000029989-20-000010.txt,VERIFIED_FROM_OFFICIAL_SEC_MASTER_INDEX,Sequential 10-Q/10-K under frozen H06 F5 rule
5,communication_services,5,OMC,Omnicom Group,0000029989,F5,10-Q,2020-10-27,0000029989-20-000016,https://www.sec.gov/Archives/edgar/data/29989/0000029989-20-000016.txt,VERIFIED_FROM_OFFICIAL_SEC_MASTER_INDEX,Sequential 10-Q/10-K under frozen H06 F5 rule
6,communication_services,6,DISH,Dish Network,0001001082,F1,10-Q,2019-11-07,0001558370-19-010263,https://www.sec.gov/Archives/edgar/data/1001082/0001558370-19-010263.txt,VERIFIED_FROM_OFFICIAL_SEC_MASTER_INDEX,Sequential 10-Q/10-K under frozen H06 F5 rule
6,communication_services,6,DISH,Dish Network,0001001082,F2,10-K,2020-02-19,0001558370-20-000945,https://www.sec.gov/Archives/edgar/data/1001082/0001558370-20-000945.txt,VERIFIED_FROM_OFFICIAL_SEC_MASTER_INDEX,Sequential 10-Q/10-K under frozen H06 F5 rule
6,communication_services,6,DISH,Dish Network,0001001082,F3,10-Q,2020-05-07,0001558370-20-005524,https://www.sec.gov/Archives/edgar/data/1001082/0001558370-20-005524.txt,VERIFIED_FROM_OFFICIAL_SEC_MASTER_INDEX,Sequential 10-Q/10-K under frozen H06 F5 rule
6,communication_services,6,DISH,Dish Network,0001001082,F4,10-Q,2020-08-07,0001558370-20-009801,https://www.sec.gov/Archives/edgar/data/1001082/0001558370-20-009801.txt,VERIFIED_FROM_OFFICIAL_SEC_MASTER_INDEX,Sequential 10-Q/10-K under frozen H06 F5 rule
6,communication_services,6,DISH,Dish Network,0001001082,F5,10-Q,2020-11-06,0001558370-20-013008,https://www.sec.gov/Archives/edgar/data/1001082/0001558370-20-013008.txt,VERIFIED_FROM_OFFICIAL_SEC_MASTER_INDEX,Sequential 10-Q/10-K under frozen H06 F5 rule
7,communication_services,7,ATVI,Activision Blizzard,0000718877,F1,10-Q,2019-11-07,0000718877-19-000021,https://www.sec.gov/Archives/edgar/data/718877/0000718877-19-000021.txt,VERIFIED_FROM_OFFICIAL_SEC_MASTER_INDEX,Sequential 10-Q/10-K under frozen H06 F5 rule
7,communication_services,7,ATVI,Activision Blizzard,0000718877,F2,10-K,2020-02-27,0000718877-20-000003,https://www.sec.gov/Archives/edgar/data/718877/0000718877-20-000003.txt,VERIFIED_FROM_OFFICIAL_SEC_MASTER_INDEX,Sequential 10-Q/10-K under frozen H06 F5 rule
7,communication_services,7,ATVI,Activision Blizzard,0000718877,F3,10-Q,2020-05-05,0001628280-20-006454,https://www.sec.gov/Archives/edgar/data/718877/0001628280-20-006454.txt,VERIFIED_FROM_OFFICIAL_SEC_MASTER_INDEX,Sequential 10-Q/10-K under frozen H06 F5 rule
7,communication_services,7,ATVI,Activision Blizzard,0000718877,F4,10-Q,2020-08-04,0001628280-20-011664,https://www.sec.gov/Archives/edgar/data/718877/0001628280-20-011664.txt,VERIFIED_FROM_OFFICIAL_SEC_MASTER_INDEX,Sequential 10-Q/10-K under frozen H06 F5 rule
7,communication_services,7,ATVI,Activision Blizzard,0000718877,F5,10-Q,2020-10-29,0001628280-20-015105,https://www.sec.gov/Archives/edgar/data/718877/0001628280-20-015105.txt,VERIFIED_FROM_OFFICIAL_SEC_MASTER_INDEX,Sequential 10-Q/10-K under frozen H06 F5 rule
8,communication_services,8,TWTR,Twitter Inc.,0001418091,F1,10-Q,2019-10-30,0001418091-19-000008,https://www.sec.gov/Archives/edgar/data/1418091/0001418091-19-000008.txt,VERIFIED_FROM_OFFICIAL_SEC_MASTER_INDEX,Sequential 10-Q/10-K under frozen H06 F5 rule
8,communication_services,8,TWTR,Twitter Inc.,0001418091,F2,10-K,2020-02-19,0001418091-20-000037,https://www.sec.gov/Archives/edgar/data/1418091/0001418091-20-000037.txt,VERIFIED_FROM_OFFICIAL_SEC_MASTER_INDEX,Sequential 10-Q/10-K under frozen H06 F5 rule
8,communication_services,8,TWTR,Twitter Inc.,0001418091,F3,10-Q,2020-05-05,0001418091-20-000089,https://www.sec.gov/Archives/edgar/data/1418091/0001418091-20-000089.txt,VERIFIED_FROM_OFFICIAL_SEC_MASTER_INDEX,Sequential 10-Q/10-K under frozen H06 F5 rule
8,communication_services,8,TWTR,Twitter Inc.,0001418091,F4,10-Q,2020-08-03,0001418091-20-000158,https://www.sec.gov/Archives/edgar/data/1418091/0001418091-20-000158.txt,VERIFIED_FROM_OFFICIAL_SEC_MASTER_INDEX,Sequential 10-Q/10-K under frozen H06 F5 rule
8,communication_services,8,TWTR,Twitter Inc.,0001418091,F5,10-Q,2020-10-30,0001418091-20-000202,https://www.sec.gov/Archives/edgar/data/1418091/0001418091-20-000202.txt,VERIFIED_FROM_OFFICIAL_SEC_MASTER_INDEX,Sequential 10-Q/10-K under frozen H06 F5 rule
9,communication_services,9,LYV,Live Nation Entertainment,0001335258,F1,10-Q,2019-10-31,0001335258-19-000141,https://www.sec.gov/Archives/edgar/data/1335258/0001335258-19-000141.txt,VERIFIED_FROM_OFFICIAL_SEC_MASTER_INDEX,Sequential 10-Q/10-K under frozen H06 F5 rule
9,communication_services,9,LYV,Live Nation Entertainment,0001335258,F2,10-K,2020-02-27,0001335258-20-000028,https://www.sec.gov/Archives/edgar/data/1335258/0001335258-20-000028.txt,VERIFIED_FROM_OFFICIAL_SEC_MASTER_INDEX,Sequential 10-Q/10-K under frozen H06 F5 rule
9,communication_services,9,LYV,Live Nation Entertainment,0001335258,F3,10-Q,2020-05-07,0001335258-20-000081,https://www.sec.gov/Archives/edgar/data/1335258/0001335258-20-000081.txt,VERIFIED_FROM_OFFICIAL_SEC_MASTER_INDEX,Sequential 10-Q/10-K under frozen H06 F5 rule
9,communication_services,9,LYV,Live Nation Entertainment,0001335258,F4,10-Q,2020-08-05,0001335258-20-000150,https://www.sec.gov/Archives/edgar/data/1335258/0001335258-20-000150.txt,VERIFIED_FROM_OFFICIAL_SEC_MASTER_INDEX,Sequential 10-Q/10-K under frozen H06 F5 rule
9,communication_services,9,LYV,Live Nation Entertainment,0001335258,F5,10-Q,2020-11-05,0001335258-20-000163,https://www.sec.gov/Archives/edgar/data/1335258/0001335258-20-000163.txt,VERIFIED_FROM_OFFICIAL_SEC_MASTER_INDEX,Sequential 10-Q/10-K under frozen H06 F5 rule
10,consumer_discretionary,1,MGM,MGM Resorts,0000789570,F1,10-Q,2019-11-05,0001564590-19-039971,https://www.sec.gov/Archives/edgar/data/789570/0001564590-19-039971.txt,VERIFIED_FROM_OFFICIAL_SEC_MASTER_INDEX,Sequential 10-Q/10-K under frozen H06 F5 rule
10,consumer_discretionary,1,MGM,MGM Resorts,0000789570,F2,10-K,2020-02-27,0001564590-20-007393,https://www.sec.gov/Archives/edgar/data/789570/0001564590-20-007393.txt,VERIFIED_FROM_OFFICIAL_SEC_MASTER_INDEX,Sequential 10-Q/10-K under frozen H06 F5 rule
10,consumer_discretionary,1,MGM,MGM Resorts,0000789570,F3,10-Q,2020-05-01,0001564590-20-020518,https://www.sec.gov/Archives/edgar/data/789570/0001564590-20-020518.txt,VERIFIED_FROM_OFFICIAL_SEC_MASTER_INDEX,Sequential 10-Q/10-K under frozen H06 F5 rule
10,consumer_discretionary,1,MGM,MGM Resorts,0000789570,F4,10-Q,2020-08-03,0001564590-20-035299,https://www.sec.gov/Archives/edgar/data/789570/0001564590-20-035299.txt,VERIFIED_FROM_OFFICIAL_SEC_MASTER_INDEX,Sequential 10-Q/10-K under frozen H06 F5 rule
10,consumer_discretionary,1,MGM,MGM Resorts,0000789570,F5,10-Q,2020-11-03,0001564590-20-049792,https://www.sec.gov/Archives/edgar/data/789570/0001564590-20-049792.txt,VERIFIED_FROM_OFFICIAL_SEC_MASTER_INDEX,Sequential 10-Q/10-K under frozen H06 F5 rule
11,consumer_discretionary,2,NKE,Nike Inc.,0000320187,F1,10-Q,2019-10-04,0000320187-19-000071,https://www.sec.gov/Archives/edgar/data/320187/0000320187-19-000071.txt,VERIFIED_FROM_OFFICIAL_SEC_MASTER_INDEX,Sequential 10-Q/10-K under frozen H06 F5 rule
11,consumer_discretionary,2,NKE,Nike Inc.,0000320187,F2,10-Q,2020-01-07,0000320187-20-000004,https://www.sec.gov/Archives/edgar/data/320187/0000320187-20-000004.txt,VERIFIED_FROM_OFFICIAL_SEC_MASTER_INDEX,Sequential 10-Q/10-K under frozen H06 F5 rule
11,consumer_discretionary,2,NKE,Nike Inc.,0000320187,F3,10-Q,2020-04-07,0000320187-20-000018,https://www.sec.gov/Archives/edgar/data/320187/0000320187-20-000018.txt,VERIFIED_FROM_OFFICIAL_SEC_MASTER_INDEX,Sequential 10-Q/10-K under frozen H06 F5 rule
11,consumer_discretionary,2,NKE,Nike Inc.,0000320187,F4,10-K,2020-07-24,0000320187-20-000047,https://www.sec.gov/Archives/edgar/data/320187/0000320187-20-000047.txt,VERIFIED_FROM_OFFICIAL_SEC_MASTER_INDEX,Sequential 10-Q/10-K under frozen H06 F5 rule
11,consumer_discretionary,2,NKE,Nike Inc.,0000320187,F5,10-Q,2020-10-08,0000320187-20-000061,https://www.sec.gov/Archives/edgar/data/320187/0000320187-20-000061.txt,VERIFIED_FROM_OFFICIAL_SEC_MASTER_INDEX,Sequential 10-Q/10-K under frozen H06 F5 rule
12,consumer_discretionary,3,ORLY,O'Reilly Automotive,0000898173,F1,10-Q,2019-11-06,0000898173-19-000166,https://www.sec.gov/Archives/edgar/data/898173/0000898173-19-000166.txt,VERIFIED_FROM_OFFICIAL_SEC_MASTER_INDEX,Sequential 10-Q/10-K under frozen H06 F5 rule
12,consumer_discretionary,3,ORLY,O'Reilly Automotive,0000898173,F2,10-K,2020-02-28,0000898173-20-000007,https://www.sec.gov/Archives/edgar/data/898173/0000898173-20-000007.txt,VERIFIED_FROM_OFFICIAL_SEC_MASTER_INDEX,Sequential 10-Q/10-K under frozen H06 F5 rule
12,consumer_discretionary,3,ORLY,O'Reilly Automotive,0000898173,F3,10-Q,2020-05-08,0000898173-20-000027,https://www.sec.gov/Archives/edgar/data/898173/0000898173-20-000027.txt,VERIFIED_FROM_OFFICIAL_SEC_MASTER_INDEX,Sequential 10-Q/10-K under frozen H06 F5 rule
12,consumer_discretionary,3,ORLY,O'Reilly Automotive,0000898173,F4,10-Q,2020-08-07,0001558370-20-009976,https://www.sec.gov/Archives/edgar/data/898173/0001558370-20-009976.txt,VERIFIED_FROM_OFFICIAL_SEC_MASTER_INDEX,Sequential 10-Q/10-K under frozen H06 F5 rule
12,consumer_discretionary,3,ORLY,O'Reilly Automotive,0000898173,F5,10-Q,2020-11-06,0000898173-20-000059,https://www.sec.gov/Archives/edgar/data/898173/0000898173-20-000059.txt,VERIFIED_FROM_OFFICIAL_SEC_MASTER_INDEX,Sequential 10-Q/10-K under frozen H06 F5 rule
13,consumer_discretionary,4,MAR,Marriott International,0001048286,F1,10-Q,2019-11-05,0001628280-19-013294,https://www.sec.gov/Archives/edgar/data/1048286/0001628280-19-013294.txt,VERIFIED_FROM_OFFICIAL_SEC_MASTER_INDEX,Sequential 10-Q/10-K under frozen H06 F5 rule
13,consumer_discretionary,4,MAR,Marriott International,0001048286,F2,10-K,2020-02-27,0001628280-20-002376,https://www.sec.gov/Archives/edgar/data/1048286/0001628280-20-002376.txt,VERIFIED_FROM_OFFICIAL_SEC_MASTER_INDEX,Sequential 10-Q/10-K under frozen H06 F5 rule
13,consumer_discretionary,4,MAR,Marriott International,0001048286,F3,10-Q,2020-05-11,0001628280-20-007376,https://www.sec.gov/Archives/edgar/data/1048286/0001628280-20-007376.txt,VERIFIED_FROM_OFFICIAL_SEC_MASTER_INDEX,Sequential 10-Q/10-K under frozen H06 F5 rule
13,consumer_discretionary,4,MAR,Marriott International,0001048286,F4,10-Q,2020-08-10,0001628280-20-012272,https://www.sec.gov/Archives/edgar/data/1048286/0001628280-20-012272.txt,VERIFIED_FROM_OFFICIAL_SEC_MASTER_INDEX,Sequential 10-Q/10-K under frozen H06 F5 rule
13,consumer_discretionary,4,MAR,Marriott International,0001048286,F5,10-Q,2020-11-06,0001628280-20-015909,https://www.sec.gov/Archives/edgar/data/1048286/0001628280-20-015909.txt,VERIFIED_FROM_OFFICIAL_SEC_MASTER_INDEX,Sequential 10-Q/10-K under frozen H06 F5 rule
14,consumer_discretionary,5,BWA,BorgWarner,0000908255,F1,10-Q,2019-10-31,0000908255-19-000062,https://www.sec.gov/Archives/edgar/data/908255/0000908255-19-000062.txt,VERIFIED_FROM_OFFICIAL_SEC_MASTER_INDEX,Sequential 10-Q/10-K under frozen H06 F5 rule
14,consumer_discretionary,5,BWA,BorgWarner,0000908255,F2,10-K,2020-02-13,0000908255-20-000014,https://www.sec.gov/Archives/edgar/data/908255/0000908255-20-000014.txt,VERIFIED_FROM_OFFICIAL_SEC_MASTER_INDEX,Sequential 10-Q/10-K under frozen H06 F5 rule
14,consumer_discretionary,5,BWA,BorgWarner,0000908255,F3,10-Q,2020-05-06,0000908255-20-000050,https://www.sec.gov/Archives/edgar/data/908255/0000908255-20-000050.txt,VERIFIED_FROM_OFFICIAL_SEC_MASTER_INDEX,Sequential 10-Q/10-K under frozen H06 F5 rule
14,consumer_discretionary,5,BWA,BorgWarner,0000908255,F4,10-Q,2020-08-05,0000908255-20-000073,https://www.sec.gov/Archives/edgar/data/908255/0000908255-20-000073.txt,VERIFIED_FROM_OFFICIAL_SEC_MASTER_INDEX,Sequential 10-Q/10-K under frozen H06 F5 rule
14,consumer_discretionary,5,BWA,BorgWarner,0000908255,F5,10-Q,2020-10-29,0000908255-20-000092,https://www.sec.gov/Archives/edgar/data/908255/0000908255-20-000092.txt,VERIFIED_FROM_OFFICIAL_SEC_MASTER_INDEX,Sequential 10-Q/10-K under frozen H06 F5 rule
15,consumer_discretionary,6,MCD,McDonald's,0000063908,F1,10-Q,2019-11-04,0000063908-19-000085,https://www.sec.gov/Archives/edgar/data/63908/0000063908-19-000085.txt,VERIFIED_FROM_OFFICIAL_SEC_MASTER_INDEX,Sequential 10-Q/10-K under frozen H06 F5 rule
15,consumer_discretionary,6,MCD,McDonald's,0000063908,F2,10-K,2020-02-26,0000063908-20-000022,https://www.sec.gov/Archives/edgar/data/63908/0000063908-20-000022.txt,VERIFIED_FROM_OFFICIAL_SEC_MASTER_INDEX,Sequential 10-Q/10-K under frozen H06 F5 rule
15,consumer_discretionary,6,MCD,McDonald's,0000063908,F3,10-Q,2020-05-07,0000063908-20-000042,https://www.sec.gov/Archives/edgar/data/63908/0000063908-20-000042.txt,VERIFIED_FROM_OFFICIAL_SEC_MASTER_INDEX,Sequential 10-Q/10-K under frozen H06 F5 rule
15,consumer_discretionary,6,MCD,McDonald's,0000063908,F4,10-Q,2020-08-10,0000063908-20-000063,https://www.sec.gov/Archives/edgar/data/63908/0000063908-20-000063.txt,VERIFIED_FROM_OFFICIAL_SEC_MASTER_INDEX,Sequential 10-Q/10-K under frozen H06 F5 rule
15,consumer_discretionary,6,MCD,McDonald's,0000063908,F5,10-Q,2020-11-09,0000063908-20-000076,https://www.sec.gov/Archives/edgar/data/63908/0000063908-20-000076.txt,VERIFIED_FROM_OFFICIAL_SEC_MASTER_INDEX,Sequential 10-Q/10-K under frozen H06 F5 rule
16,consumer_discretionary,7,APTV,Aptiv,0001521332,F1,10-Q,2019-10-30,0001521332-19-000045,https://www.sec.gov/Archives/edgar/data/1521332/0001521332-19-000045.txt,VERIFIED_FROM_OFFICIAL_SEC_MASTER_INDEX,Sequential 10-Q/10-K under frozen H06 F5 rule
16,consumer_discretionary,7,APTV,Aptiv,0001521332,F2,10-K,2020-02-03,0001521332-20-000012,https://www.sec.gov/Archives/edgar/data/1521332/0001521332-20-000012.txt,VERIFIED_FROM_OFFICIAL_SEC_MASTER_INDEX,Sequential 10-Q/10-K under frozen H06 F5 rule
16,consumer_discretionary,7,APTV,Aptiv,0001521332,F3,10-Q,2020-05-05,0001521332-20-000031,https://www.sec.gov/Archives/edgar/data/1521332/0001521332-20-000031.txt,VERIFIED_FROM_OFFICIAL_SEC_MASTER_INDEX,Sequential 10-Q/10-K under frozen H06 F5 rule
16,consumer_discretionary,7,APTV,Aptiv,0001521332,F4,10-Q,2020-07-30,0001521332-20-000050,https://www.sec.gov/Archives/edgar/data/1521332/0001521332-20-000050.txt,VERIFIED_FROM_OFFICIAL_SEC_MASTER_INDEX,Sequential 10-Q/10-K under frozen H06 F5 rule
16,consumer_discretionary,7,APTV,Aptiv,0001521332,F5,10-Q,2020-10-29,0001521332-20-000060,https://www.sec.gov/Archives/edgar/data/1521332/0001521332-20-000060.txt,VERIFIED_FROM_OFFICIAL_SEC_MASTER_INDEX,Sequential 10-Q/10-K under frozen H06 F5 rule
17,consumer_discretionary,8,CMG,Chipotle Mexican Grill,0001058090,F1,10-Q,2019-10-23,0001058090-19-000038,https://www.sec.gov/Archives/edgar/data/1058090/0001058090-19-000038.txt,VERIFIED_FROM_OFFICIAL_SEC_MASTER_INDEX,Sequential 10-Q/10-K under frozen H06 F5 rule
17,consumer_discretionary,8,CMG,Chipotle Mexican Grill,0001058090,F2,10-K,2020-02-05,0001058090-20-000010,https://www.sec.gov/Archives/edgar/data/1058090/0001058090-20-000010.txt,VERIFIED_FROM_OFFICIAL_SEC_MASTER_INDEX,Sequential 10-Q/10-K under frozen H06 F5 rule
17,consumer_discretionary,8,CMG,Chipotle Mexican Grill,0001058090,F3,10-Q,2020-04-29,0001058090-20-000020,https://www.sec.gov/Archives/edgar/data/1058090/0001058090-20-000020.txt,VERIFIED_FROM_OFFICIAL_SEC_MASTER_INDEX,Sequential 10-Q/10-K under frozen H06 F5 rule
17,consumer_discretionary,8,CMG,Chipotle Mexican Grill,0001058090,F4,10-Q,2020-07-29,0001058090-20-000031,https://www.sec.gov/Archives/edgar/data/1058090/0001058090-20-000031.txt,VERIFIED_FROM_OFFICIAL_SEC_MASTER_INDEX,Sequential 10-Q/10-K under frozen H06 F5 rule
17,consumer_discretionary,8,CMG,Chipotle Mexican Grill,0001058090,F5,10-Q,2020-10-28,0001058090-20-000041,https://www.sec.gov/Archives/edgar/data/1058090/0001058090-20-000041.txt,VERIFIED_FROM_OFFICIAL_SEC_MASTER_INDEX,Sequential 10-Q/10-K under frozen H06 F5 rule
18,consumer_discretionary,9,SBUX,Starbucks,0000829224,F1,10-K,2019-11-15,0000829224-19-000051,https://www.sec.gov/Archives/edgar/data/829224/0000829224-19-000051.txt,VERIFIED_FROM_OFFICIAL_SEC_MASTER_INDEX,Sequential 10-Q/10-K under frozen H06 F5 rule
18,consumer_discretionary,9,SBUX,Starbucks,0000829224,F2,10-Q,2020-01-28,0000829224-20-000012,https://www.sec.gov/Archives/edgar/data/829224/0000829224-20-000012.txt,VERIFIED_FROM_OFFICIAL_SEC_MASTER_INDEX,Sequential 10-Q/10-K under frozen H06 F5 rule
18,consumer_discretionary,9,SBUX,Starbucks,0000829224,F3,10-Q,2020-04-28,0000829224-20-000045,https://www.sec.gov/Archives/edgar/data/829224/0000829224-20-000045.txt,VERIFIED_FROM_OFFICIAL_SEC_MASTER_INDEX,Sequential 10-Q/10-K under frozen H06 F5 rule
18,consumer_discretionary,9,SBUX,Starbucks,0000829224,F4,10-Q,2020-07-28,0000829224-20-000066,https://www.sec.gov/Archives/edgar/data/829224/0000829224-20-000066.txt,VERIFIED_FROM_OFFICIAL_SEC_MASTER_INDEX,Sequential 10-Q/10-K under frozen H06 F5 rule
18,consumer_discretionary,9,SBUX,Starbucks,0000829224,F5,10-K,2020-11-12,0000829224-20-000078,https://www.sec.gov/Archives/edgar/data/829224/0000829224-20-000078.txt,VERIFIED_FROM_OFFICIAL_SEC_MASTER_INDEX,Sequential 10-Q/10-K under frozen H06 F5 rule
19,consumer_discretionary,10,WHR,Whirlpool Corporation,0000106640,F1,10-Q,2019-10-23,0000106640-19-000135,https://www.sec.gov/Archives/edgar/data/106640/0000106640-19-000135.txt,VERIFIED_FROM_OFFICIAL_SEC_MASTER_INDEX,Sequential 10-Q/10-K under frozen H06 F5 rule
19,consumer_discretionary,10,WHR,Whirlpool Corporation,0000106640,F2,10-K,2020-02-11,0000106640-20-000017,https://www.sec.gov/Archives/edgar/data/106640/0000106640-20-000017.txt,VERIFIED_FROM_OFFICIAL_SEC_MASTER_INDEX,Sequential 10-Q/10-K under frozen H06 F5 rule
19,consumer_discretionary,10,WHR,Whirlpool Corporation,0000106640,F3,10-Q,2020-05-01,0000106640-20-000132,https://www.sec.gov/Archives/edgar/data/106640/0000106640-20-000132.txt,VERIFIED_FROM_OFFICIAL_SEC_MASTER_INDEX,Sequential 10-Q/10-K under frozen H06 F5 rule
19,consumer_discretionary,10,WHR,Whirlpool Corporation,0000106640,F4,10-Q,2020-07-23,0000106640-20-000147,https://www.sec.gov/Archives/edgar/data/106640/0000106640-20-000147.txt,VERIFIED_FROM_OFFICIAL_SEC_MASTER_INDEX,Sequential 10-Q/10-K under frozen H06 F5 rule
19,consumer_discretionary,10,WHR,Whirlpool Corporation,0000106640,F5,10-Q,2020-10-22,0000106640-20-000161,https://www.sec.gov/Archives/edgar/data/106640/0000106640-20-000161.txt,VERIFIED_FROM_OFFICIAL_SEC_MASTER_INDEX,Sequential 10-Q/10-K under frozen H06 F5 rule
20,consumer_discretionary,11,F,Ford Motor Company,0000037996,F1,10-Q,2019-10-24,0000037996-19-000078,https://www.sec.gov/Archives/edgar/data/37996/0000037996-19-000078.txt,VERIFIED_FROM_OFFICIAL_SEC_MASTER_INDEX,Sequential 10-Q/10-K under frozen H06 F5 rule
20,consumer_discretionary,11,F,Ford Motor Company,0000037996,F2,10-K,2020-02-05,0000037996-20-000010,https://www.sec.gov/Archives/edgar/data/37996/0000037996-20-000010.txt,VERIFIED_FROM_OFFICIAL_SEC_MASTER_INDEX,Sequential 10-Q/10-K under frozen H06 F5 rule
20,consumer_discretionary,11,F,Ford Motor Company,0000037996,F3,10-Q,2020-04-29,0000037996-20-000041,https://www.sec.gov/Archives/edgar/data/37996/0000037996-20-000041.txt,VERIFIED_FROM_OFFICIAL_SEC_MASTER_INDEX,Sequential 10-Q/10-K under frozen H06 F5 rule
20,consumer_discretionary,11,F,Ford Motor Company,0000037996,F4,10-Q,2020-07-31,0000037996-20-000057,https://www.sec.gov/Archives/edgar/data/37996/0000037996-20-000057.txt,VERIFIED_FROM_OFFICIAL_SEC_MASTER_INDEX,Sequential 10-Q/10-K under frozen H06 F5 rule
20,consumer_discretionary,11,F,Ford Motor Company,0000037996,F5,10-Q,2020-10-29,0000037996-20-000071,https://www.sec.gov/Archives/edgar/data/37996/0000037996-20-000071.txt,VERIFIED_FROM_OFFICIAL_SEC_MASTER_INDEX,Sequential 10-Q/10-K under frozen H06 F5 rule
21,consumer_discretionary,12,TJX,TJX Companies,0000109198,F1,10-Q,2019-08-30,0001628280-19-011321,https://www.sec.gov/Archives/edgar/data/109198/0001628280-19-011321.txt,VERIFIED_FROM_OFFICIAL_SEC_MASTER_INDEX,Sequential 10-Q/10-K under frozen H06 F5 rule
21,consumer_discretionary,12,TJX,TJX Companies,0000109198,F2,10-Q,2019-12-03,0001628280-19-014690,https://www.sec.gov/Archives/edgar/data/109198/0001628280-19-014690.txt,VERIFIED_FROM_OFFICIAL_SEC_MASTER_INDEX,Sequential 10-Q/10-K under frozen H06 F5 rule
21,consumer_discretionary,12,TJX,TJX Companies,0000109198,F3,10-K,2020-03-27,0000109198-20-000004,https://www.sec.gov/Archives/edgar/data/109198/0000109198-20-000004.txt,VERIFIED_FROM_OFFICIAL_SEC_MASTER_INDEX,Sequential 10-Q/10-K under frozen H06 F5 rule
21,consumer_discretionary,12,TJX,TJX Companies,0000109198,F4,10-Q,2020-05-21,0000109198-20-000007,https://www.sec.gov/Archives/edgar/data/109198/0000109198-20-000007.txt,VERIFIED_FROM_OFFICIAL_SEC_MASTER_INDEX,Sequential 10-Q/10-K under frozen H06 F5 rule
21,consumer_discretionary,12,TJX,TJX Companies,0000109198,F5,10-Q,2020-08-28,0000109198-20-000019,https://www.sec.gov/Archives/edgar/data/109198/0000109198-20-000019.txt,VERIFIED_FROM_OFFICIAL_SEC_MASTER_INDEX,Sequential 10-Q/10-K under frozen H06 F5 rule
22,consumer_discretionary,13,DPZ,Domino's,0001286681,F1,10-Q,2019-10-08,0001193125-19-264105,https://www.sec.gov/Archives/edgar/data/1286681/0001193125-19-264105.txt,VERIFIED_FROM_OFFICIAL_SEC_MASTER_INDEX,Sequential 10-Q/10-K under frozen H06 F5 rule
22,consumer_discretionary,13,DPZ,Domino's,0001286681,F2,10-K,2020-02-20,0001193125-20-042675,https://www.sec.gov/Archives/edgar/data/1286681/0001193125-20-042675.txt,VERIFIED_FROM_OFFICIAL_SEC_MASTER_INDEX,Sequential 10-Q/10-K under frozen H06 F5 rule
22,consumer_discretionary,13,DPZ,Domino's,0001286681,F3,10-Q,2020-04-23,0001193125-20-115907,https://www.sec.gov/Archives/edgar/data/1286681/0001193125-20-115907.txt,VERIFIED_FROM_OFFICIAL_SEC_MASTER_INDEX,Sequential 10-Q/10-K under frozen H06 F5 rule
22,consumer_discretionary,13,DPZ,Domino's,0001286681,F4,10-Q,2020-07-16,0001193125-20-193699,https://www.sec.gov/Archives/edgar/data/1286681/0001193125-20-193699.txt,VERIFIED_FROM_OFFICIAL_SEC_MASTER_INDEX,Sequential 10-Q/10-K under frozen H06 F5 rule
22,consumer_discretionary,13,DPZ,Domino's,0001286681,F5,10-Q,2020-10-08,0001193125-20-265920,https://www.sec.gov/Archives/edgar/data/1286681/0001193125-20-265920.txt,VERIFIED_FROM_OFFICIAL_SEC_MASTER_INDEX,Sequential 10-Q/10-K under frozen H06 F5 rule
23,consumer_discretionary,14,HLT,Hilton Worldwide,0001585689,F1,10-Q,2019-10-23,0001585689-19-000154,https://www.sec.gov/Archives/edgar/data/1585689/0001585689-19-000154.txt,VERIFIED_FROM_OFFICIAL_SEC_MASTER_INDEX,Sequential 10-Q/10-K under frozen H06 F5 rule
23,consumer_discretionary,14,HLT,Hilton Worldwide,0001585689,F2,10-K,2020-02-11,0001585689-20-000013,https://www.sec.gov/Archives/edgar/data/1585689/0001585689-20-000013.txt,VERIFIED_FROM_OFFICIAL_SEC_MASTER_INDEX,Sequential 10-Q/10-K under frozen H06 F5 rule
23,consumer_discretionary,14,HLT,Hilton Worldwide,0001585689,F3,10-Q,2020-05-07,0001585689-20-000110,https://www.sec.gov/Archives/edgar/data/1585689/0001585689-20-000110.txt,VERIFIED_FROM_OFFICIAL_SEC_MASTER_INDEX,Sequential 10-Q/10-K under frozen H06 F5 rule
23,consumer_discretionary,14,HLT,Hilton Worldwide,0001585689,F4,10-Q,2020-08-06,0001585689-20-000149,https://www.sec.gov/Archives/edgar/data/1585689/0001585689-20-000149.txt,VERIFIED_FROM_OFFICIAL_SEC_MASTER_INDEX,Sequential 10-Q/10-K under frozen H06 F5 rule
23,consumer_discretionary,14,HLT,Hilton Worldwide,0001585689,F5,10-Q,2020-11-04,0001585689-20-000176,https://www.sec.gov/Archives/edgar/data/1585689/0001585689-20-000176.txt,VERIFIED_FROM_OFFICIAL_SEC_MASTER_INDEX,Sequential 10-Q/10-K under frozen H06 F5 rule
24,consumer_discretionary,15,LB,L Brands,0000701985,F1,10-Q,2019-09-06,0000701985-19-000039,https://www.sec.gov/Archives/edgar/data/701985/0000701985-19-000039.txt,VERIFIED_FROM_OFFICIAL_SEC_MASTER_INDEX,Sequential 10-Q/10-K under frozen H06 F5 rule
24,consumer_discretionary,15,LB,L Brands,0000701985,F2,10-Q,2019-12-06,0000701985-19-000049,https://www.sec.gov/Archives/edgar/data/701985/0000701985-19-000049.txt,VERIFIED_FROM_OFFICIAL_SEC_MASTER_INDEX,Sequential 10-Q/10-K under frozen H06 F5 rule
24,consumer_discretionary,15,LB,L Brands,0000701985,F3,10-K,2020-03-30,0000701985-20-000010,https://www.sec.gov/Archives/edgar/data/701985/0000701985-20-000010.txt,VERIFIED_FROM_OFFICIAL_SEC_MASTER_INDEX,Sequential 10-Q/10-K under frozen H06 F5 rule
24,consumer_discretionary,15,LB,L Brands,0000701985,F4,10-Q,2020-06-03,0000701985-20-000020,https://www.sec.gov/Archives/edgar/data/701985/0000701985-20-000020.txt,VERIFIED_FROM_OFFICIAL_SEC_MASTER_INDEX,Sequential 10-Q/10-K under frozen H06 F5 rule
24,consumer_discretionary,15,LB,L Brands,0000701985,F5,10-Q,2020-09-03,0000701985-20-000036,https://www.sec.gov/Archives/edgar/data/701985/0000701985-20-000036.txt,VERIFIED_FROM_OFFICIAL_SEC_MASTER_INDEX,Sequential 10-Q/10-K under frozen H06 F5 rule
25,consumer_discretionary,16,UA,Under Armour,0001336917,F1,10-Q,2019-11-08,0001336917-19-000075,https://www.sec.gov/Archives/edgar/data/1336917/0001336917-19-000075.txt,VERIFIED_FROM_OFFICIAL_SEC_MASTER_INDEX,Sequential 10-Q/10-K under frozen H06 F5 rule
25,consumer_discretionary,16,UA,Under Armour,0001336917,F2,10-K,2020-02-26,0001336917-20-000010,https://www.sec.gov/Archives/edgar/data/1336917/0001336917-20-000010.txt,VERIFIED_FROM_OFFICIAL_SEC_MASTER_INDEX,Sequential 10-Q/10-K under frozen H06 F5 rule
25,consumer_discretionary,16,UA,Under Armour,0001336917,F3,10-Q,2020-05-11,0001336917-20-000033,https://www.sec.gov/Archives/edgar/data/1336917/0001336917-20-000033.txt,VERIFIED_FROM_OFFICIAL_SEC_MASTER_INDEX,Sequential 10-Q/10-K under frozen H06 F5 rule
25,consumer_discretionary,16,UA,Under Armour,0001336917,F4,10-Q,2020-08-06,0001336917-20-000056,https://www.sec.gov/Archives/edgar/data/1336917/0001336917-20-000056.txt,VERIFIED_FROM_OFFICIAL_SEC_MASTER_INDEX,Sequential 10-Q/10-K under frozen H06 F5 rule
25,consumer_discretionary,16,UA,Under Armour,0001336917,F5,10-Q,2020-11-05,0001336917-20-000078,https://www.sec.gov/Archives/edgar/data/1336917/0001336917-20-000078.txt,VERIFIED_FROM_OFFICIAL_SEC_MASTER_INDEX,Sequential 10-Q/10-K under frozen H06 F5 rule
26,consumer_discretionary,17,PVH,PVH,0000078239,F1,10-Q,2019-09-06,0000078239-19-000053,https://www.sec.gov/Archives/edgar/data/78239/0000078239-19-000053.txt,VERIFIED_FROM_OFFICIAL_SEC_MASTER_INDEX,Sequential 10-Q/10-K under frozen H06 F5 rule
26,consumer_discretionary,17,PVH,PVH,0000078239,F2,10-Q,2019-12-09,0000078239-19-000066,https://www.sec.gov/Archives/edgar/data/78239/0000078239-19-000066.txt,VERIFIED_FROM_OFFICIAL_SEC_MASTER_INDEX,Sequential 10-Q/10-K under frozen H06 F5 rule
26,consumer_discretionary,17,PVH,PVH,0000078239,F3,10-K,2020-04-01,0000078239-20-000023,https://www.sec.gov/Archives/edgar/data/78239/0000078239-20-000023.txt,VERIFIED_FROM_OFFICIAL_SEC_MASTER_INDEX,Sequential 10-Q/10-K under frozen H06 F5 rule
26,consumer_discretionary,17,PVH,PVH,0000078239,F4,10-Q,2020-06-11,0000078239-20-000061,https://www.sec.gov/Archives/edgar/data/78239/0000078239-20-000061.txt,VERIFIED_FROM_OFFICIAL_SEC_MASTER_INDEX,Sequential 10-Q/10-K under frozen H06 F5 rule
26,consumer_discretionary,17,PVH,PVH,0000078239,F5,10-Q,2020-09-10,0000078239-20-000095,https://www.sec.gov/Archives/edgar/data/78239/0000078239-20-000095.txt,VERIFIED_FROM_OFFICIAL_SEC_MASTER_INDEX,Sequential 10-Q/10-K under frozen H06 F5 rule
27,consumer_discretionary,18,LVS,Las Vegas Sands,0001300514,F1,10-Q,2019-10-25,0001300514-19-000107,https://www.sec.gov/Archives/edgar/data/1300514/0001300514-19-000107.txt,VERIFIED_FROM_OFFICIAL_SEC_MASTER_INDEX,Sequential 10-Q/10-K under frozen H06 F5 rule
27,consumer_discretionary,18,LVS,Las Vegas Sands,0001300514,F2,10-K,2020-02-07,0001300514-20-000011,https://www.sec.gov/Archives/edgar/data/1300514/0001300514-20-000011.txt,VERIFIED_FROM_OFFICIAL_SEC_MASTER_INDEX,Sequential 10-Q/10-K under frozen H06 F5 rule
27,consumer_discretionary,18,LVS,Las Vegas Sands,0001300514,F3,10-Q,2020-04-24,0001300514-20-000046,https://www.sec.gov/Archives/edgar/data/1300514/0001300514-20-000046.txt,VERIFIED_FROM_OFFICIAL_SEC_MASTER_INDEX,Sequential 10-Q/10-K under frozen H06 F5 rule
27,consumer_discretionary,18,LVS,Las Vegas Sands,0001300514,F4,10-Q,2020-07-24,0001300514-20-000122,https://www.sec.gov/Archives/edgar/data/1300514/0001300514-20-000122.txt,VERIFIED_FROM_OFFICIAL_SEC_MASTER_INDEX,Sequential 10-Q/10-K under frozen H06 F5 rule
27,consumer_discretionary,18,LVS,Las Vegas Sands,0001300514,F5,10-Q,2020-10-23,0001300514-20-000140,https://www.sec.gov/Archives/edgar/data/1300514/0001300514-20-000140.txt,VERIFIED_FROM_OFFICIAL_SEC_MASTER_INDEX,Sequential 10-Q/10-K under frozen H06 F5 rule
28,consumer_discretionary,19,AAP,Advance Auto Parts,0001158449,F1,10-Q,2019-11-12,0001158449-19-000199,https://www.sec.gov/Archives/edgar/data/1158449/0001158449-19-000199.txt,VERIFIED_FROM_OFFICIAL_SEC_MASTER_INDEX,Sequential 10-Q/10-K under frozen H06 F5 rule
28,consumer_discretionary,19,AAP,Advance Auto Parts,0001158449,F2,10-K,2020-02-18,0001158449-20-000035,https://www.sec.gov/Archives/edgar/data/1158449/0001158449-20-000035.txt,VERIFIED_FROM_OFFICIAL_SEC_MASTER_INDEX,Sequential 10-Q/10-K under frozen H06 F5 rule
28,consumer_discretionary,19,AAP,Advance Auto Parts,0001158449,F3,10-Q,2020-05-19,0001158449-20-000149,https://www.sec.gov/Archives/edgar/data/1158449/0001158449-20-000149.txt,VERIFIED_FROM_OFFICIAL_SEC_MASTER_INDEX,Sequential 10-Q/10-K under frozen H06 F5 rule
28,consumer_discretionary,19,AAP,Advance Auto Parts,0001158449,F4,10-Q,2020-08-18,0001158449-20-000204,https://www.sec.gov/Archives/edgar/data/1158449/0001158449-20-000204.txt,VERIFIED_FROM_OFFICIAL_SEC_MASTER_INDEX,Sequential 10-Q/10-K under frozen H06 F5 rule
28,consumer_discretionary,19,AAP,Advance Auto Parts,0001158449,F5,10-Q,2020-11-10,0001158449-20-000259,https://www.sec.gov/Archives/edgar/data/1158449/0001158449-20-000259.txt,VERIFIED_FROM_OFFICIAL_SEC_MASTER_INDEX,Sequential 10-Q/10-K under frozen H06 F5 rule
29,consumer_discretionary,20,POOL,Pool Corporation,0000945841,F1,10-Q,2019-10-30,0000945841-19-000155,https://www.sec.gov/Archives/edgar/data/945841/0000945841-19-000155.txt,VERIFIED_FROM_OFFICIAL_SEC_MASTER_INDEX,Sequential 10-Q/10-K under frozen H06 F5 rule
29,consumer_discretionary,20,POOL,Pool Corporation,0000945841,F2,10-K,2020-02-27,0000945841-20-000041,https://www.sec.gov/Archives/edgar/data/945841/0000945841-20-000041.txt,VERIFIED_FROM_OFFICIAL_SEC_MASTER_INDEX,Sequential 10-Q/10-K under frozen H06 F5 rule
29,consumer_discretionary,20,POOL,Pool Corporation,0000945841,F3,10-Q,2020-04-30,0000945841-20-000102,https://www.sec.gov/Archives/edgar/data/945841/0000945841-20-000102.txt,VERIFIED_FROM_OFFICIAL_SEC_MASTER_INDEX,Sequential 10-Q/10-K under frozen H06 F5 rule
29,consumer_discretionary,20,POOL,Pool Corporation,0000945841,F4,10-Q,2020-07-31,0000945841-20-000173,https://www.sec.gov/Archives/edgar/data/945841/0000945841-20-000173.txt,VERIFIED_FROM_OFFICIAL_SEC_MASTER_INDEX,Sequential 10-Q/10-K under frozen H06 F5 rule
29,consumer_discretionary,20,POOL,Pool Corporation,0000945841,F5,10-Q,2020-10-30,0000945841-20-000210,https://www.sec.gov/Archives/edgar/data/945841/0000945841-20-000210.txt,VERIFIED_FROM_OFFICIAL_SEC_MASTER_INDEX,Sequential 10-Q/10-K under frozen H06 F5 rule
30,consumer_discretionary,21,LKQ,LKQ Corporation,0001065696,F1,10-Q,2019-11-05,0001065696-19-000063,https://www.sec.gov/Archives/edgar/data/1065696/0001065696-19-000063.txt,VERIFIED_FROM_OFFICIAL_SEC_MASTER_INDEX,Sequential 10-Q/10-K under frozen H06 F5 rule
30,consumer_discretionary,21,LKQ,LKQ Corporation,0001065696,F2,10-K,2020-02-27,0001065696-20-000008,https://www.sec.gov/Archives/edgar/data/1065696/0001065696-20-000008.txt,VERIFIED_FROM_OFFICIAL_SEC_MASTER_INDEX,Sequential 10-Q/10-K under frozen H06 F5 rule
30,consumer_discretionary,21,LKQ,LKQ Corporation,0001065696,F3,10-Q,2020-05-07,0001065696-20-000022,https://www.sec.gov/Archives/edgar/data/1065696/0001065696-20-000022.txt,VERIFIED_FROM_OFFICIAL_SEC_MASTER_INDEX,Sequential 10-Q/10-K under frozen H06 F5 rule
30,consumer_discretionary,21,LKQ,LKQ Corporation,0001065696,F4,10-Q,2020-08-04,0001065696-20-000040,https://www.sec.gov/Archives/edgar/data/1065696/0001065696-20-000040.txt,VERIFIED_FROM_OFFICIAL_SEC_MASTER_INDEX,Sequential 10-Q/10-K under frozen H06 F5 rule
30,consumer_discretionary,21,LKQ,LKQ Corporation,0001065696,F5,10-Q,2020-11-03,0001065696-20-000053,https://www.sec.gov/Archives/edgar/data/1065696/0001065696-20-000053.txt,VERIFIED_FROM_OFFICIAL_SEC_MASTER_INDEX,Sequential 10-Q/10-K under frozen H06 F5 rule
31,consumer_discretionary,22,HAS,Hasbro,0000046080,F1,10-Q,2019-10-22,0000046080-19-000112,https://www.sec.gov/Archives/edgar/data/46080/0000046080-19-000112.txt,VERIFIED_FROM_OFFICIAL_SEC_MASTER_INDEX,Sequential 10-Q/10-K under frozen H06 F5 rule
31,consumer_discretionary,22,HAS,Hasbro,0000046080,F2,10-K,2020-02-27,0000046080-20-000028,https://www.sec.gov/Archives/edgar/data/46080/0000046080-20-000028.txt,VERIFIED_FROM_OFFICIAL_SEC_MASTER_INDEX,Sequential 10-Q/10-K under frozen H06 F5 rule
31,consumer_discretionary,22,HAS,Hasbro,0000046080,F3,10-Q,2020-05-07,0000046080-20-000054,https://www.sec.gov/Archives/edgar/data/46080/0000046080-20-000054.txt,VERIFIED_FROM_OFFICIAL_SEC_MASTER_INDEX,Sequential 10-Q/10-K under frozen H06 F5 rule
31,consumer_discretionary,22,HAS,Hasbro,0000046080,F4,10-Q,2020-07-30,0000046080-20-000085,https://www.sec.gov/Archives/edgar/data/46080/0000046080-20-000085.txt,VERIFIED_FROM_OFFICIAL_SEC_MASTER_INDEX,Sequential 10-Q/10-K under frozen H06 F5 rule
31,consumer_discretionary,22,HAS,Hasbro,0000046080,F5,10-Q,2020-11-04,0000046080-20-000106,https://www.sec.gov/Archives/edgar/data/46080/0000046080-20-000106.txt,VERIFIED_FROM_OFFICIAL_SEC_MASTER_INDEX,Sequential 10-Q/10-K under frozen H06 F5 rule
32,consumer_discretionary,23,LOW,Lowe's,0000060667,F1,10-Q,2019-12-04,0000060667-19-000184,https://www.sec.gov/Archives/edgar/data/60667/0000060667-19-000184.txt,VERIFIED_FROM_OFFICIAL_SEC_MASTER_INDEX,Sequential 10-Q/10-K under frozen H06 F5 rule
32,consumer_discretionary,23,LOW,Lowe's,0000060667,F2,10-K,2020-03-23,0000060667-20-000036,https://www.sec.gov/Archives/edgar/data/60667/0000060667-20-000036.txt,VERIFIED_FROM_OFFICIAL_SEC_MASTER_INDEX,Sequential 10-Q/10-K under frozen H06 F5 rule
32,consumer_discretionary,23,LOW,Lowe's,0000060667,F3,10-Q,2020-05-28,0000060667-20-000085,https://www.sec.gov/Archives/edgar/data/60667/0000060667-20-000085.txt,VERIFIED_FROM_OFFICIAL_SEC_MASTER_INDEX,Sequential 10-Q/10-K under frozen H06 F5 rule
32,consumer_discretionary,23,LOW,Lowe's,0000060667,F4,10-Q,2020-08-26,0000060667-20-000138,https://www.sec.gov/Archives/edgar/data/60667/0000060667-20-000138.txt,VERIFIED_FROM_OFFICIAL_SEC_MASTER_INDEX,Sequential 10-Q/10-K under frozen H06 F5 rule
32,consumer_discretionary,23,LOW,Lowe's,0000060667,F5,10-Q,2020-11-25,0000060667-20-000175,https://www.sec.gov/Archives/edgar/data/60667/0000060667-20-000175.txt,VERIFIED_FROM_OFFICIAL_SEC_MASTER_INDEX,Sequential 10-Q/10-K under frozen H06 F5 rule
33,consumer_discretionary,24,RL,Ralph Lauren Corporation,0001037038,F1,10-Q,2019-11-07,0001037038-19-000010,https://www.sec.gov/Archives/edgar/data/1037038/0001037038-19-000010.txt,VERIFIED_FROM_OFFICIAL_SEC_MASTER_INDEX,Sequential 10-Q/10-K under frozen H06 F5 rule
33,consumer_discretionary,24,RL,Ralph Lauren Corporation,0001037038,F2,10-Q,2020-02-06,0001037038-20-000007,https://www.sec.gov/Archives/edgar/data/1037038/0001037038-20-000007.txt,VERIFIED_FROM_OFFICIAL_SEC_MASTER_INDEX,Sequential 10-Q/10-K under frozen H06 F5 rule
33,consumer_discretionary,24,RL,Ralph Lauren Corporation,0001037038,F3,10-K,2020-05-27,0001037038-20-000014,https://www.sec.gov/Archives/edgar/data/1037038/0001037038-20-000014.txt,VERIFIED_FROM_OFFICIAL_SEC_MASTER_INDEX,Sequential 10-Q/10-K under frozen H06 F5 rule
33,consumer_discretionary,24,RL,Ralph Lauren Corporation,0001037038,F4,10-Q,2020-08-04,0001037038-20-000023,https://www.sec.gov/Archives/edgar/data/1037038/0001037038-20-000023.txt,VERIFIED_FROM_OFFICIAL_SEC_MASTER_INDEX,Sequential 10-Q/10-K under frozen H06 F5 rule
33,consumer_discretionary,24,RL,Ralph Lauren Corporation,0001037038,F5,10-Q,2020-11-05,0001037038-20-000030,https://www.sec.gov/Archives/edgar/data/1037038/0001037038-20-000030.txt,VERIFIED_FROM_OFFICIAL_SEC_MASTER_INDEX,Sequential 10-Q/10-K under frozen H06 F5 rule
34,consumer_discretionary,25,VFC,VF Corporation,0000103379,F1,10-Q,2019-10-31,0000103379-19-000014,https://www.sec.gov/Archives/edgar/data/103379/0000103379-19-000014.txt,VERIFIED_FROM_OFFICIAL_SEC_MASTER_INDEX,Sequential 10-Q/10-K under frozen H06 F5 rule
34,consumer_discretionary,25,VFC,VF Corporation,0000103379,F2,10-Q,2020-02-04,0000103379-20-000003,https://www.sec.gov/Archives/edgar/data/103379/0000103379-20-000003.txt,VERIFIED_FROM_OFFICIAL_SEC_MASTER_INDEX,Sequential 10-Q/10-K under frozen H06 F5 rule
34,consumer_discretionary,25,VFC,VF Corporation,0000103379,F3,10-K,2020-05-27,0000103379-20-000006,https://www.sec.gov/Archives/edgar/data/103379/0000103379-20-000006.txt,VERIFIED_FROM_OFFICIAL_SEC_MASTER_INDEX,Sequential 10-Q/10-K under frozen H06 F5 rule
34,consumer_discretionary,25,VFC,VF Corporation,0000103379,F4,10-Q,2020-08-04,0000103379-20-000013,https://www.sec.gov/Archives/edgar/data/103379/0000103379-20-000013.txt,VERIFIED_FROM_OFFICIAL_SEC_MASTER_INDEX,Sequential 10-Q/10-K under frozen H06 F5 rule
34,consumer_discretionary,25,VFC,VF Corporation,0000103379,F5,10-Q,2020-10-28,0000103379-20-000018,https://www.sec.gov/Archives/edgar/data/103379/0000103379-20-000018.txt,VERIFIED_FROM_OFFICIAL_SEC_MASTER_INDEX,Sequential 10-Q/10-K under frozen H06 F5 rule
35,consumer_discretionary,26,TPR,Tapestry Inc.,0001116132,F1,10-Q,2019-11-07,0001116132-19-000021,https://www.sec.gov/Archives/edgar/data/1116132/0001116132-19-000021.txt,VERIFIED_FROM_OFFICIAL_SEC_MASTER_INDEX,Sequential 10-Q/10-K under frozen H06 F5 rule
35,consumer_discretionary,26,TPR,Tapestry Inc.,0001116132,F2,10-Q,2020-02-06,0001116132-20-000007,https://www.sec.gov/Archives/edgar/data/1116132/0001116132-20-000007.txt,VERIFIED_FROM_OFFICIAL_SEC_MASTER_INDEX,Sequential 10-Q/10-K under frozen H06 F5 rule
35,consumer_discretionary,26,TPR,Tapestry Inc.,0001116132,F3,10-Q,2020-05-06,0001116132-20-000012,https://www.sec.gov/Archives/edgar/data/1116132/0001116132-20-000012.txt,VERIFIED_FROM_OFFICIAL_SEC_MASTER_INDEX,Sequential 10-Q/10-K under frozen H06 F5 rule
35,consumer_discretionary,26,TPR,Tapestry Inc.,0001116132,F4,10-K,2020-08-13,0001116132-20-000022,https://www.sec.gov/Archives/edgar/data/1116132/0001116132-20-000022.txt,VERIFIED_FROM_OFFICIAL_SEC_MASTER_INDEX,Sequential 10-Q/10-K under frozen H06 F5 rule
35,consumer_discretionary,26,TPR,Tapestry Inc.,0001116132,F5,10-Q,2020-11-04,0001116132-20-000029,https://www.sec.gov/Archives/edgar/data/1116132/0001116132-20-000029.txt,VERIFIED_FROM_OFFICIAL_SEC_MASTER_INDEX,Sequential 10-Q/10-K under frozen H06 F5 rule
36,consumer_staples,1,HRL,Hormel Foods,0000048465,F1,10-Q,2019-09-03,0000048465-19-000041,https://www.sec.gov/Archives/edgar/data/48465/0000048465-19-000041.txt,VERIFIED_FROM_OFFICIAL_SEC_MASTER_INDEX,Sequential 10-Q/10-K under frozen H06 F5 rule
36,consumer_staples,1,HRL,Hormel Foods,0000048465,F2,10-K,2019-12-06,0000048465-19-000057,https://www.sec.gov/Archives/edgar/data/48465/0000048465-19-000057.txt,VERIFIED_FROM_OFFICIAL_SEC_MASTER_INDEX,Sequential 10-Q/10-K under frozen H06 F5 rule
36,consumer_staples,1,HRL,Hormel Foods,0000048465,F3,10-Q,2020-03-03,0000048465-20-000008,https://www.sec.gov/Archives/edgar/data/48465/0000048465-20-000008.txt,VERIFIED_FROM_OFFICIAL_SEC_MASTER_INDEX,Sequential 10-Q/10-K under frozen H06 F5 rule
36,consumer_staples,1,HRL,Hormel Foods,0000048465,F4,10-Q,2020-06-02,0000048465-20-000027,https://www.sec.gov/Archives/edgar/data/48465/0000048465-20-000027.txt,VERIFIED_FROM_OFFICIAL_SEC_MASTER_INDEX,Sequential 10-Q/10-K under frozen H06 F5 rule
36,consumer_staples,1,HRL,Hormel Foods,0000048465,F5,10-Q,2020-09-01,0000048465-20-000036,https://www.sec.gov/Archives/edgar/data/48465/0000048465-20-000036.txt,VERIFIED_FROM_OFFICIAL_SEC_MASTER_INDEX,Sequential 10-Q/10-K under frozen H06 F5 rule
37,consumer_staples,2,SJM,J.M. Smucker Company,0000091419,F1,10-Q,2019-11-22,0000091419-19-000024,https://www.sec.gov/Archives/edgar/data/91419/0000091419-19-000024.txt,VERIFIED_FROM_OFFICIAL_SEC_MASTER_INDEX,Sequential 10-Q/10-K under frozen H06 F5 rule
37,consumer_staples,2,SJM,J.M. Smucker Company,0000091419,F2,10-Q,2020-02-27,0000091419-20-000012,https://www.sec.gov/Archives/edgar/data/91419/0000091419-20-000012.txt,VERIFIED_FROM_OFFICIAL_SEC_MASTER_INDEX,Sequential 10-Q/10-K under frozen H06 F5 rule
37,consumer_staples,2,SJM,J.M. Smucker Company,0000091419,F3,10-K,2020-06-19,0000091419-20-000065,https://www.sec.gov/Archives/edgar/data/91419/0000091419-20-000065.txt,VERIFIED_FROM_OFFICIAL_SEC_MASTER_INDEX,Sequential 10-Q/10-K under frozen H06 F5 rule
37,consumer_staples,2,SJM,J.M. Smucker Company,0000091419,F4,10-Q,2020-08-25,0000091419-20-000111,https://www.sec.gov/Archives/edgar/data/91419/0000091419-20-000111.txt,VERIFIED_FROM_OFFICIAL_SEC_MASTER_INDEX,Sequential 10-Q/10-K under frozen H06 F5 rule
37,consumer_staples,2,SJM,J.M. Smucker Company,0000091419,F5,10-Q,2020-11-24,0000091419-20-000151,https://www.sec.gov/Archives/edgar/data/91419/0000091419-20-000151.txt,VERIFIED_FROM_OFFICIAL_SEC_MASTER_INDEX,Sequential 10-Q/10-K under frozen H06 F5 rule
38,consumer_staples,3,K,Kellogg,0000055067,F1,10-Q,2019-10-30,0001628280-19-012828,https://www.sec.gov/Archives/edgar/data/55067/0001628280-19-012828.txt,VERIFIED_FROM_OFFICIAL_SEC_MASTER_INDEX,Sequential 10-Q/10-K under frozen H06 F5 rule
38,consumer_staples,3,K,Kellogg,0000055067,F2,10-K,2020-02-24,0001628280-20-002113,https://www.sec.gov/Archives/edgar/data/55067/0001628280-20-002113.txt,VERIFIED_FROM_OFFICIAL_SEC_MASTER_INDEX,Sequential 10-Q/10-K under frozen H06 F5 rule
38,consumer_staples,3,K,Kellogg,0000055067,F3,10-Q,2020-05-01,0001628280-20-006119,https://www.sec.gov/Archives/edgar/data/55067/0001628280-20-006119.txt,VERIFIED_FROM_OFFICIAL_SEC_MASTER_INDEX,Sequential 10-Q/10-K under frozen H06 F5 rule
38,consumer_staples,3,K,Kellogg,0000055067,F4,10-Q,2020-07-31,0001628280-20-011358,https://www.sec.gov/Archives/edgar/data/55067/0001628280-20-011358.txt,VERIFIED_FROM_OFFICIAL_SEC_MASTER_INDEX,Sequential 10-Q/10-K under frozen H06 F5 rule
38,consumer_staples,3,K,Kellogg,0000055067,F5,10-Q,2020-10-30,0001628280-20-015164,https://www.sec.gov/Archives/edgar/data/55067/0001628280-20-015164.txt,VERIFIED_FROM_OFFICIAL_SEC_MASTER_INDEX,Sequential 10-Q/10-K under frozen H06 F5 rule
39,consumer_staples,4,MNST,Monster Beverage,0000865752,F1,10-Q,2019-11-08,0001104659-19-061273,https://www.sec.gov/Archives/edgar/data/865752/0001104659-19-061273.txt,VERIFIED_FROM_OFFICIAL_SEC_MASTER_INDEX,Sequential 10-Q/10-K under frozen H06 F5 rule
39,consumer_staples,4,MNST,Monster Beverage,0000865752,F2,10-K,2020-02-28,0001104659-20-027209,https://www.sec.gov/Archives/edgar/data/865752/0001104659-20-027209.txt,VERIFIED_FROM_OFFICIAL_SEC_MASTER_INDEX,Sequential 10-Q/10-K under frozen H06 F5 rule
39,consumer_staples,4,MNST,Monster Beverage,0000865752,F3,10-Q,2020-05-11,0001104659-20-058939,https://www.sec.gov/Archives/edgar/data/865752/0001104659-20-058939.txt,VERIFIED_FROM_OFFICIAL_SEC_MASTER_INDEX,Sequential 10-Q/10-K under frozen H06 F5 rule
39,consumer_staples,4,MNST,Monster Beverage,0000865752,F4,10-Q,2020-08-06,0001104659-20-091376,https://www.sec.gov/Archives/edgar/data/865752/0001104659-20-091376.txt,VERIFIED_FROM_OFFICIAL_SEC_MASTER_INDEX,Sequential 10-Q/10-K under frozen H06 F5 rule
39,consumer_staples,4,MNST,Monster Beverage,0000865752,F5,10-Q,2020-11-06,0001104659-20-122598,https://www.sec.gov/Archives/edgar/data/865752/0001104659-20-122598.txt,VERIFIED_FROM_OFFICIAL_SEC_MASTER_INDEX,Sequential 10-Q/10-K under frozen H06 F5 rule
40,consumer_staples,5,PM,Philip Morris International,0001413329,F1,10-Q,2019-10-24,0001413329-19-000071,https://www.sec.gov/Archives/edgar/data/1413329/0001413329-19-000071.txt,VERIFIED_FROM_OFFICIAL_SEC_MASTER_INDEX,Sequential 10-Q/10-K under frozen H06 F5 rule
40,consumer_staples,5,PM,Philip Morris International,0001413329,F2,10-K,2020-02-07,0001413329-20-000007,https://www.sec.gov/Archives/edgar/data/1413329/0001413329-20-000007.txt,VERIFIED_FROM_OFFICIAL_SEC_MASTER_INDEX,Sequential 10-Q/10-K under frozen H06 F5 rule
40,consumer_staples,5,PM,Philip Morris International,0001413329,F3,10-Q,2020-04-28,0001413329-20-000032,https://www.sec.gov/Archives/edgar/data/1413329/0001413329-20-000032.txt,VERIFIED_FROM_OFFICIAL_SEC_MASTER_INDEX,Sequential 10-Q/10-K under frozen H06 F5 rule
40,consumer_staples,5,PM,Philip Morris International,0001413329,F4,10-Q,2020-07-29,0001413329-20-000053,https://www.sec.gov/Archives/edgar/data/1413329/0001413329-20-000053.txt,VERIFIED_FROM_OFFICIAL_SEC_MASTER_INDEX,Sequential 10-Q/10-K under frozen H06 F5 rule
40,consumer_staples,5,PM,Philip Morris International,0001413329,F5,10-Q,2020-10-27,0001413329-20-000062,https://www.sec.gov/Archives/edgar/data/1413329/0001413329-20-000062.txt,VERIFIED_FROM_OFFICIAL_SEC_MASTER_INDEX,Sequential 10-Q/10-K under frozen H06 F5 rule
41,consumer_staples,6,EL,Estee Lauder Companies,0001001250,F1,10-Q,2019-10-31,0001104659-19-058209,https://www.sec.gov/Archives/edgar/data/1001250/0001104659-19-058209.txt,VERIFIED_FROM_OFFICIAL_SEC_MASTER_INDEX,Sequential 10-Q/10-K under frozen H06 F5 rule
41,consumer_staples,6,EL,Estee Lauder Companies,0001001250,F2,10-Q,2020-02-06,0001104659-20-011857,https://www.sec.gov/Archives/edgar/data/1001250/0001104659-20-011857.txt,VERIFIED_FROM_OFFICIAL_SEC_MASTER_INDEX,Sequential 10-Q/10-K under frozen H06 F5 rule
41,consumer_staples,6,EL,Estee Lauder Companies,0001001250,F3,10-Q,2020-05-01,0001001250-20-000033,https://www.sec.gov/Archives/edgar/data/1001250/0001001250-20-000033.txt,VERIFIED_FROM_OFFICIAL_SEC_MASTER_INDEX,Sequential 10-Q/10-K under frozen H06 F5 rule
41,consumer_staples,6,EL,Estee Lauder Companies,0001001250,F4,10-K,2020-08-28,0001001250-20-000065,https://www.sec.gov/Archives/edgar/data/1001250/0001001250-20-000065.txt,VERIFIED_FROM_OFFICIAL_SEC_MASTER_INDEX,Sequential 10-Q/10-K under frozen H06 F5 rule
41,consumer_staples,6,EL,Estee Lauder Companies,0001001250,F5,10-Q,2020-11-02,0001001250-20-000107,https://www.sec.gov/Archives/edgar/data/1001250/0001001250-20-000107.txt,VERIFIED_FROM_OFFICIAL_SEC_MASTER_INDEX,Sequential 10-Q/10-K under frozen H06 F5 rule
42,consumer_staples,7,STZ,Constellation Brands,0000016918,F1,10-Q,2019-10-03,0000016918-19-000100,https://www.sec.gov/Archives/edgar/data/16918/0000016918-19-000100.txt,VERIFIED_FROM_OFFICIAL_SEC_MASTER_INDEX,Sequential 10-Q/10-K under frozen H06 F5 rule
42,consumer_staples,7,STZ,Constellation Brands,0000016918,F2,10-Q,2020-01-08,0000016918-20-000007,https://www.sec.gov/Archives/edgar/data/16918/0000016918-20-000007.txt,VERIFIED_FROM_OFFICIAL_SEC_MASTER_INDEX,Sequential 10-Q/10-K under frozen H06 F5 rule
42,consumer_staples,7,STZ,Constellation Brands,0000016918,F3,10-K,2020-04-21,0000016918-20-000078,https://www.sec.gov/Archives/edgar/data/16918/0000016918-20-000078.txt,VERIFIED_FROM_OFFICIAL_SEC_MASTER_INDEX,Sequential 10-Q/10-K under frozen H06 F5 rule
42,consumer_staples,7,STZ,Constellation Brands,0000016918,F4,10-Q,2020-07-01,0000016918-20-000173,https://www.sec.gov/Archives/edgar/data/16918/0000016918-20-000173.txt,VERIFIED_FROM_OFFICIAL_SEC_MASTER_INDEX,Sequential 10-Q/10-K under frozen H06 F5 rule
42,consumer_staples,7,STZ,Constellation Brands,0000016918,F5,10-Q,2020-10-01,0000016918-20-000237,https://www.sec.gov/Archives/edgar/data/16918/0000016918-20-000237.txt,VERIFIED_FROM_OFFICIAL_SEC_MASTER_INDEX,Sequential 10-Q/10-K under frozen H06 F5 rule
43,consumer_staples,8,LW,Lamb Weston,0001679273,F1,10-Q,2019-10-02,0001558370-19-008763,https://www.sec.gov/Archives/edgar/data/1679273/0001558370-19-008763.txt,VERIFIED_FROM_OFFICIAL_SEC_MASTER_INDEX,Sequential 10-Q/10-K under frozen H06 F5 rule
43,consumer_staples,8,LW,Lamb Weston,0001679273,F2,10-Q,2020-01-03,0001558370-20-000031,https://www.sec.gov/Archives/edgar/data/1679273/0001558370-20-000031.txt,VERIFIED_FROM_OFFICIAL_SEC_MASTER_INDEX,Sequential 10-Q/10-K under frozen H06 F5 rule
43,consumer_staples,8,LW,Lamb Weston,0001679273,F3,10-Q,2020-04-01,0001558370-20-003511,https://www.sec.gov/Archives/edgar/data/1679273/0001558370-20-003511.txt,VERIFIED_FROM_OFFICIAL_SEC_MASTER_INDEX,Sequential 10-Q/10-K under frozen H06 F5 rule
43,consumer_staples,8,LW,Lamb Weston,0001679273,F4,10-K,2020-07-28,0001558370-20-008501,https://www.sec.gov/Archives/edgar/data/1679273/0001558370-20-008501.txt,VERIFIED_FROM_OFFICIAL_SEC_MASTER_INDEX,Sequential 10-Q/10-K under frozen H06 F5 rule
43,consumer_staples,8,LW,Lamb Weston,0001679273,F5,10-Q,2020-10-07,0001558370-20-011400,https://www.sec.gov/Archives/edgar/data/1679273/0001558370-20-011400.txt,VERIFIED_FROM_OFFICIAL_SEC_MASTER_INDEX,Sequential 10-Q/10-K under frozen H06 F5 rule
44,consumer_staples,9,TSN,Tyson Foods,0000100493,F1,10-K,2019-11-12,0000100493-19-000118,https://www.sec.gov/Archives/edgar/data/100493/0000100493-19-000118.txt,VERIFIED_FROM_OFFICIAL_SEC_MASTER_INDEX,Sequential 10-Q/10-K under frozen H06 F5 rule
44,consumer_staples,9,TSN,Tyson Foods,0000100493,F2,10-Q,2020-02-06,0000100493-20-000016,https://www.sec.gov/Archives/edgar/data/100493/0000100493-20-000016.txt,VERIFIED_FROM_OFFICIAL_SEC_MASTER_INDEX,Sequential 10-Q/10-K under frozen H06 F5 rule
44,consumer_staples,9,TSN,Tyson Foods,0000100493,F3,10-Q,2020-05-04,0000100493-20-000074,https://www.sec.gov/Archives/edgar/data/100493/0000100493-20-000074.txt,VERIFIED_FROM_OFFICIAL_SEC_MASTER_INDEX,Sequential 10-Q/10-K under frozen H06 F5 rule
44,consumer_staples,9,TSN,Tyson Foods,0000100493,F4,10-Q,2020-08-03,0000100493-20-000103,https://www.sec.gov/Archives/edgar/data/100493/0000100493-20-000103.txt,VERIFIED_FROM_OFFICIAL_SEC_MASTER_INDEX,Sequential 10-Q/10-K under frozen H06 F5 rule
44,consumer_staples,9,TSN,Tyson Foods,0000100493,F5,10-K,2020-11-16,0000100493-20-000132,https://www.sec.gov/Archives/edgar/data/100493/0000100493-20-000132.txt,VERIFIED_FROM_OFFICIAL_SEC_MASTER_INDEX,Sequential 10-Q/10-K under frozen H06 F5 rule
45,consumer_staples,10,CLX,Clorox,0000021076,F1,10-Q,2019-10-31,0000021076-19-000016,https://www.sec.gov/Archives/edgar/data/21076/0000021076-19-000016.txt,VERIFIED_FROM_OFFICIAL_SEC_MASTER_INDEX,Sequential 10-Q/10-K under frozen H06 F5 rule
45,consumer_staples,10,CLX,Clorox,0000021076,F2,10-Q,2020-02-04,0000021076-20-000004,https://www.sec.gov/Archives/edgar/data/21076/0000021076-20-000004.txt,VERIFIED_FROM_OFFICIAL_SEC_MASTER_INDEX,Sequential 10-Q/10-K under frozen H06 F5 rule
45,consumer_staples,10,CLX,Clorox,0000021076,F3,10-Q,2020-05-01,0000021076-20-000008,https://www.sec.gov/Archives/edgar/data/21076/0000021076-20-000008.txt,VERIFIED_FROM_OFFICIAL_SEC_MASTER_INDEX,Sequential 10-Q/10-K under frozen H06 F5 rule
45,consumer_staples,10,CLX,Clorox,0000021076,F4,10-K,2020-08-13,0000021076-20-000016,https://www.sec.gov/Archives/edgar/data/21076/0000021076-20-000016.txt,VERIFIED_FROM_OFFICIAL_SEC_MASTER_INDEX,Sequential 10-Q/10-K under frozen H06 F5 rule
45,consumer_staples,10,CLX,Clorox,0000021076,F5,10-Q,2020-11-02,0000021076-20-000021,https://www.sec.gov/Archives/edgar/data/21076/0000021076-20-000021.txt,VERIFIED_FROM_OFFICIAL_SEC_MASTER_INDEX,Sequential 10-Q/10-K under frozen H06 F5 rule
46,consumer_staples,11,PEP,PepsiCo,0000077476,F1,10-Q,2019-10-03,0000077476-19-000093,https://www.sec.gov/Archives/edgar/data/77476/0000077476-19-000093.txt,VERIFIED_FROM_OFFICIAL_SEC_MASTER_INDEX,Sequential 10-Q/10-K under frozen H06 F5 rule
46,consumer_staples,11,PEP,PepsiCo,0000077476,F2,10-K,2020-02-13,0000077476-20-000015,https://www.sec.gov/Archives/edgar/data/77476/0000077476-20-000015.txt,VERIFIED_FROM_OFFICIAL_SEC_MASTER_INDEX,Sequential 10-Q/10-K under frozen H06 F5 rule
46,consumer_staples,11,PEP,PepsiCo,0000077476,F3,10-Q,2020-04-28,0000077476-20-000041,https://www.sec.gov/Archives/edgar/data/77476/0000077476-20-000041.txt,VERIFIED_FROM_OFFICIAL_SEC_MASTER_INDEX,Sequential 10-Q/10-K under frozen H06 F5 rule
46,consumer_staples,11,PEP,PepsiCo,0000077476,F4,10-Q,2020-07-13,0000077476-20-000060,https://www.sec.gov/Archives/edgar/data/77476/0000077476-20-000060.txt,VERIFIED_FROM_OFFICIAL_SEC_MASTER_INDEX,Sequential 10-Q/10-K under frozen H06 F5 rule
46,consumer_staples,11,PEP,PepsiCo,0000077476,F5,10-Q,2020-10-01,0000077476-20-000068,https://www.sec.gov/Archives/edgar/data/77476/0000077476-20-000068.txt,VERIFIED_FROM_OFFICIAL_SEC_MASTER_INDEX,Sequential 10-Q/10-K under frozen H06 F5 rule
47,consumer_staples,12,ADM,Archer Daniels Midland,0000007084,F1,10-Q,2019-10-31,0000007084-19-000034,https://www.sec.gov/Archives/edgar/data/7084/0000007084-19-000034.txt,VERIFIED_FROM_OFFICIAL_SEC_MASTER_INDEX,Sequential 10-Q/10-K under frozen H06 F5 rule
47,consumer_staples,12,ADM,Archer Daniels Midland,0000007084,F2,10-K,2020-02-18,0000007084-20-000009,https://www.sec.gov/Archives/edgar/data/7084/0000007084-20-000009.txt,VERIFIED_FROM_OFFICIAL_SEC_MASTER_INDEX,Sequential 10-Q/10-K under frozen H06 F5 rule
47,consumer_staples,12,ADM,Archer Daniels Midland,0000007084,F3,10-Q,2020-05-01,0000007084-20-000015,https://www.sec.gov/Archives/edgar/data/7084/0000007084-20-000015.txt,VERIFIED_FROM_OFFICIAL_SEC_MASTER_INDEX,Sequential 10-Q/10-K under frozen H06 F5 rule
47,consumer_staples,12,ADM,Archer Daniels Midland,0000007084,F4,10-Q,2020-07-30,0000007084-20-000025,https://www.sec.gov/Archives/edgar/data/7084/0000007084-20-000025.txt,VERIFIED_FROM_OFFICIAL_SEC_MASTER_INDEX,Sequential 10-Q/10-K under frozen H06 F5 rule
47,consumer_staples,12,ADM,Archer Daniels Midland,0000007084,F5,10-Q,2020-10-30,0000007084-20-000038,https://www.sec.gov/Archives/edgar/data/7084/0000007084-20-000038.txt,VERIFIED_FROM_OFFICIAL_SEC_MASTER_INDEX,Sequential 10-Q/10-K under frozen H06 F5 rule
48,consumer_staples,13,KO,Coca-Cola Company,0000021344,F1,10-Q,2019-10-24,0000021344-19-000042,https://www.sec.gov/Archives/edgar/data/21344/0000021344-19-000042.txt,VERIFIED_FROM_OFFICIAL_SEC_MASTER_INDEX,Sequential 10-Q/10-K under frozen H06 F5 rule
48,consumer_staples,13,KO,Coca-Cola Company,0000021344,F2,10-K,2020-02-24,0000021344-20-000006,https://www.sec.gov/Archives/edgar/data/21344/0000021344-20-000006.txt,VERIFIED_FROM_OFFICIAL_SEC_MASTER_INDEX,Sequential 10-Q/10-K under frozen H06 F5 rule
48,consumer_staples,13,KO,Coca-Cola Company,0000021344,F3,10-Q,2020-04-24,0000021344-20-000014,https://www.sec.gov/Archives/edgar/data/21344/0000021344-20-000014.txt,VERIFIED_FROM_OFFICIAL_SEC_MASTER_INDEX,Sequential 10-Q/10-K under frozen H06 F5 rule
48,consumer_staples,13,KO,Coca-Cola Company,0000021344,F4,10-Q,2020-07-22,0000021344-20-000041,https://www.sec.gov/Archives/edgar/data/21344/0000021344-20-000041.txt,VERIFIED_FROM_OFFICIAL_SEC_MASTER_INDEX,Sequential 10-Q/10-K under frozen H06 F5 rule
48,consumer_staples,13,KO,Coca-Cola Company,0000021344,F5,10-Q,2020-10-22,0000021344-20-000046,https://www.sec.gov/Archives/edgar/data/21344/0000021344-20-000046.txt,VERIFIED_FROM_OFFICIAL_SEC_MASTER_INDEX,Sequential 10-Q/10-K under frozen H06 F5 rule
49,consumer_staples,14,TAP,Molson Coors Beverage Company,0000024545,F1,10-Q,2019-10-30,0000024545-19-000036,https://www.sec.gov/Archives/edgar/data/24545/0000024545-19-000036.txt,VERIFIED_FROM_OFFICIAL_SEC_MASTER_INDEX,Sequential 10-Q/10-K under frozen H06 F5 rule
49,consumer_staples,14,TAP,Molson Coors Beverage Company,0000024545,F2,10-K,2020-02-12,0000024545-20-000005,https://www.sec.gov/Archives/edgar/data/24545/0000024545-20-000005.txt,VERIFIED_FROM_OFFICIAL_SEC_MASTER_INDEX,Sequential 10-Q/10-K under frozen H06 F5 rule
49,consumer_staples,14,TAP,Molson Coors Beverage Company,0000024545,F3,10-Q,2020-04-30,0000024545-20-000009,https://www.sec.gov/Archives/edgar/data/24545/0000024545-20-000009.txt,VERIFIED_FROM_OFFICIAL_SEC_MASTER_INDEX,Sequential 10-Q/10-K under frozen H06 F5 rule
49,consumer_staples,14,TAP,Molson Coors Beverage Company,0000024545,F4,10-Q,2020-07-30,0000024545-20-000018,https://www.sec.gov/Archives/edgar/data/24545/0000024545-20-000018.txt,VERIFIED_FROM_OFFICIAL_SEC_MASTER_INDEX,Sequential 10-Q/10-K under frozen H06 F5 rule
49,consumer_staples,14,TAP,Molson Coors Beverage Company,0000024545,F5,10-Q,2020-10-29,0000024545-20-000022,https://www.sec.gov/Archives/edgar/data/24545/0000024545-20-000022.txt,VERIFIED_FROM_OFFICIAL_SEC_MASTER_INDEX,Sequential 10-Q/10-K under frozen H06 F5 rule
50,consumer_staples,15,PG,Procter & Gamble,0000080424,F1,10-Q,2019-10-22,0000080424-19-000086,https://www.sec.gov/Archives/edgar/data/80424/0000080424-19-000086.txt,VERIFIED_FROM_OFFICIAL_SEC_MASTER_INDEX,Sequential 10-Q/10-K under frozen H06 F5 rule
50,consumer_staples,15,PG,Procter & Gamble,0000080424,F2,10-Q,2020-01-23,0000080424-20-000017,https://www.sec.gov/Archives/edgar/data/80424/0000080424-20-000017.txt,VERIFIED_FROM_OFFICIAL_SEC_MASTER_INDEX,Sequential 10-Q/10-K under frozen H06 F5 rule
50,consumer_staples,15,PG,Procter & Gamble,0000080424,F3,10-Q,2020-04-20,0000080424-20-000038,https://www.sec.gov/Archives/edgar/data/80424/0000080424-20-000038.txt,VERIFIED_FROM_OFFICIAL_SEC_MASTER_INDEX,Sequential 10-Q/10-K under frozen H06 F5 rule
50,consumer_staples,15,PG,Procter & Gamble,0000080424,F4,10-K,2020-08-06,0000080424-20-000053,https://www.sec.gov/Archives/edgar/data/80424/0000080424-20-000053.txt,VERIFIED_FROM_OFFICIAL_SEC_MASTER_INDEX,Sequential 10-Q/10-K under frozen H06 F5 rule
50,consumer_staples,15,PG,Procter & Gamble,0000080424,F5,10-Q,2020-10-20,0000080424-20-000097,https://www.sec.gov/Archives/edgar/data/80424/0000080424-20-000097.txt,VERIFIED_FROM_OFFICIAL_SEC_MASTER_INDEX,Sequential 10-Q/10-K under frozen H06 F5 rule
51,consumer_staples,16,TGT,Target Corporation,0000027419,F1,10-Q,2019-11-27,0000027419-19-000026,https://www.sec.gov/Archives/edgar/data/27419/0000027419-19-000026.txt,VERIFIED_FROM_OFFICIAL_SEC_MASTER_INDEX,Sequential 10-Q/10-K under frozen H06 F5 rule
51,consumer_staples,16,TGT,Target Corporation,0000027419,F2,10-K,2020-03-11,0000027419-20-000008,https://www.sec.gov/Archives/edgar/data/27419/0000027419-20-000008.txt,VERIFIED_FROM_OFFICIAL_SEC_MASTER_INDEX,Sequential 10-Q/10-K under frozen H06 F5 rule
51,consumer_staples,16,TGT,Target Corporation,0000027419,F3,10-Q,2020-05-29,0000027419-20-000014,https://www.sec.gov/Archives/edgar/data/27419/0000027419-20-000014.txt,VERIFIED_FROM_OFFICIAL_SEC_MASTER_INDEX,Sequential 10-Q/10-K under frozen H06 F5 rule
51,consumer_staples,16,TGT,Target Corporation,0000027419,F4,10-Q,2020-08-28,0000027419-20-000023,https://www.sec.gov/Archives/edgar/data/27419/0000027419-20-000023.txt,VERIFIED_FROM_OFFICIAL_SEC_MASTER_INDEX,Sequential 10-Q/10-K under frozen H06 F5 rule
51,consumer_staples,16,TGT,Target Corporation,0000027419,F5,10-Q,2020-11-25,0000027419-20-000034,https://www.sec.gov/Archives/edgar/data/27419/0000027419-20-000034.txt,VERIFIED_FROM_OFFICIAL_SEC_MASTER_INDEX,Sequential 10-Q/10-K under frozen H06 F5 rule
52,energy,1,XOM,Exxon Mobil Corporation,0000034088,F1,10-Q,2019-11-06,0000034088-19-000062,https://www.sec.gov/Archives/edgar/data/34088/0000034088-19-000062.txt,VERIFIED_FROM_OFFICIAL_SEC_MASTER_INDEX,Sequential 10-Q/10-K under frozen H06 F5 rule
52,energy,1,XOM,Exxon Mobil Corporation,0000034088,F2,10-K,2020-02-26,0000034088-20-000016,https://www.sec.gov/Archives/edgar/data/34088/0000034088-20-000016.txt,VERIFIED_FROM_OFFICIAL_SEC_MASTER_INDEX,Sequential 10-Q/10-K under frozen H06 F5 rule
52,energy,1,XOM,Exxon Mobil Corporation,0000034088,F3,10-Q,2020-05-06,0000034088-20-000037,https://www.sec.gov/Archives/edgar/data/34088/0000034088-20-000037.txt,VERIFIED_FROM_OFFICIAL_SEC_MASTER_INDEX,Sequential 10-Q/10-K under frozen H06 F5 rule
52,energy,1,XOM,Exxon Mobil Corporation,0000034088,F4,10-Q,2020-08-05,0000034088-20-000073,https://www.sec.gov/Archives/edgar/data/34088/0000034088-20-000073.txt,VERIFIED_FROM_OFFICIAL_SEC_MASTER_INDEX,Sequential 10-Q/10-K under frozen H06 F5 rule
52,energy,1,XOM,Exxon Mobil Corporation,0000034088,F5,10-Q,2020-11-04,0000034088-20-000090,https://www.sec.gov/Archives/edgar/data/34088/0000034088-20-000090.txt,VERIFIED_FROM_OFFICIAL_SEC_MASTER_INDEX,Sequential 10-Q/10-K under frozen H06 F5 rule
53,energy,2,APA,Apache Corporation,0000006769,F1,10-Q,2019-10-31,0001733037-19-000016,https://www.sec.gov/Archives/edgar/data/6769/0001733037-19-000016.txt,VERIFIED_FROM_OFFICIAL_SEC_MASTER_INDEX,Sequential 10-Q/10-K under frozen H06 F5 rule
53,energy,2,APA,Apache Corporation,0000006769,F2,10-K,2020-02-28,0001733037-20-000004,https://www.sec.gov/Archives/edgar/data/6769/0001733037-20-000004.txt,VERIFIED_FROM_OFFICIAL_SEC_MASTER_INDEX,Sequential 10-Q/10-K under frozen H06 F5 rule
53,energy,2,APA,Apache Corporation,0000006769,F3,10-Q,2020-05-07,0001733037-20-000008,https://www.sec.gov/Archives/edgar/data/6769/0001733037-20-000008.txt,VERIFIED_FROM_OFFICIAL_SEC_MASTER_INDEX,Sequential 10-Q/10-K under frozen H06 F5 rule
53,energy,2,APA,Apache Corporation,0000006769,F4,10-Q,2020-07-30,0001733037-20-000013,https://www.sec.gov/Archives/edgar/data/6769/0001733037-20-000013.txt,VERIFIED_FROM_OFFICIAL_SEC_MASTER_INDEX,Sequential 10-Q/10-K under frozen H06 F5 rule
53,energy,2,APA,Apache Corporation,0000006769,F5,10-Q,2020-11-05,0001733037-20-000018,https://www.sec.gov/Archives/edgar/data/6769/0001733037-20-000018.txt,VERIFIED_FROM_OFFICIAL_SEC_MASTER_INDEX,Sequential 10-Q/10-K under frozen H06 F5 rule
54,energy,3,FANG,Diamondback Energy,0001539838,F1,10-Q,2019-11-06,0001539838-19-000117,https://www.sec.gov/Archives/edgar/data/1539838/0001539838-19-000117.txt,VERIFIED_FROM_OFFICIAL_SEC_MASTER_INDEX,Sequential 10-Q/10-K under frozen H06 F5 rule
54,energy,3,FANG,Diamondback Energy,0001539838,F2,10-K,2020-02-27,0001539838-20-000021,https://www.sec.gov/Archives/edgar/data/1539838/0001539838-20-000021.txt,VERIFIED_FROM_OFFICIAL_SEC_MASTER_INDEX,Sequential 10-Q/10-K under frozen H06 F5 rule
54,energy,3,FANG,Diamondback Energy,0001539838,F3,10-Q,2020-05-08,0001539838-20-000054,https://www.sec.gov/Archives/edgar/data/1539838/0001539838-20-000054.txt,VERIFIED_FROM_OFFICIAL_SEC_MASTER_INDEX,Sequential 10-Q/10-K under frozen H06 F5 rule
54,energy,3,FANG,Diamondback Energy,0001539838,F4,10-Q,2020-08-10,0001539838-20-000101,https://www.sec.gov/Archives/edgar/data/1539838/0001539838-20-000101.txt,VERIFIED_FROM_OFFICIAL_SEC_MASTER_INDEX,Sequential 10-Q/10-K under frozen H06 F5 rule
54,energy,3,FANG,Diamondback Energy,0001539838,F5,10-Q,2020-11-05,0001539838-20-000111,https://www.sec.gov/Archives/edgar/data/1539838/0001539838-20-000111.txt,VERIFIED_FROM_OFFICIAL_SEC_MASTER_INDEX,Sequential 10-Q/10-K under frozen H06 F5 rule
55,energy,4,NOV,NOV,0001021860,F1,10-Q,2019-10-30,0001564590-19-038434,https://www.sec.gov/Archives/edgar/data/1021860/0001564590-19-038434.txt,VERIFIED_FROM_OFFICIAL_SEC_MASTER_INDEX,Sequential 10-Q/10-K under frozen H06 F5 rule
55,energy,4,NOV,NOV,0001021860,F2,10-K,2020-02-13,0001564590-20-004552,https://www.sec.gov/Archives/edgar/data/1021860/0001564590-20-004552.txt,VERIFIED_FROM_OFFICIAL_SEC_MASTER_INDEX,Sequential 10-Q/10-K under frozen H06 F5 rule
55,energy,4,NOV,NOV,0001021860,F3,10-Q,2020-04-28,0001564590-20-019212,https://www.sec.gov/Archives/edgar/data/1021860/0001564590-20-019212.txt,VERIFIED_FROM_OFFICIAL_SEC_MASTER_INDEX,Sequential 10-Q/10-K under frozen H06 F5 rule
55,energy,4,NOV,NOV,0001021860,F4,10-Q,2020-07-28,0001564590-20-033775,https://www.sec.gov/Archives/edgar/data/1021860/0001564590-20-033775.txt,VERIFIED_FROM_OFFICIAL_SEC_MASTER_INDEX,Sequential 10-Q/10-K under frozen H06 F5 rule
55,energy,4,NOV,NOV,0001021860,F5,10-Q,2020-10-27,0001564590-20-047905,https://www.sec.gov/Archives/edgar/data/1021860/0001564590-20-047905.txt,VERIFIED_FROM_OFFICIAL_SEC_MASTER_INDEX,Sequential 10-Q/10-K under frozen H06 F5 rule
56,energy,5,FTI,TechnipFMC,0001681459,F1,10-Q,2019-11-12,0001681459-19-000104,https://www.sec.gov/Archives/edgar/data/1681459/0001681459-19-000104.txt,VERIFIED_FROM_OFFICIAL_SEC_MASTER_INDEX,Sequential 10-Q/10-K under frozen H06 F5 rule
56,energy,5,FTI,TechnipFMC,0001681459,F2,10-K,2020-03-03,0001681459-20-000004,https://www.sec.gov/Archives/edgar/data/1681459/0001681459-20-000004.txt,VERIFIED_FROM_OFFICIAL_SEC_MASTER_INDEX,Sequential 10-Q/10-K under frozen H06 F5 rule
56,energy,5,FTI,TechnipFMC,0001681459,F3,10-Q,2020-05-04,0001681459-20-000083,https://www.sec.gov/Archives/edgar/data/1681459/0001681459-20-000083.txt,VERIFIED_FROM_OFFICIAL_SEC_MASTER_INDEX,Sequential 10-Q/10-K under frozen H06 F5 rule
56,energy,5,FTI,TechnipFMC,0001681459,F4,10-Q,2020-07-31,0001681459-20-000103,https://www.sec.gov/Archives/edgar/data/1681459/0001681459-20-000103.txt,VERIFIED_FROM_OFFICIAL_SEC_MASTER_INDEX,Sequential 10-Q/10-K under frozen H06 F5 rule
56,energy,5,FTI,TechnipFMC,0001681459,F5,10-Q,2020-11-02,0001681459-20-000123,https://www.sec.gov/Archives/edgar/data/1681459/0001681459-20-000123.txt,VERIFIED_FROM_OFFICIAL_SEC_MASTER_INDEX,Sequential 10-Q/10-K under frozen H06 F5 rule
57,energy,6,COP,ConocoPhillips,0001163165,F1,10-Q,2019-10-31,0001193125-19-279997,https://www.sec.gov/Archives/edgar/data/1163165/0001193125-19-279997.txt,VERIFIED_FROM_OFFICIAL_SEC_MASTER_INDEX,Sequential 10-Q/10-K under frozen H06 F5 rule
57,energy,6,COP,ConocoPhillips,0001163165,F2,10-K,2020-02-18,0001193125-20-039954,https://www.sec.gov/Archives/edgar/data/1163165/0001193125-20-039954.txt,VERIFIED_FROM_OFFICIAL_SEC_MASTER_INDEX,Sequential 10-Q/10-K under frozen H06 F5 rule
57,energy,6,COP,ConocoPhillips,0001163165,F3,10-Q,2020-05-05,0001562762-20-000162,https://www.sec.gov/Archives/edgar/data/1163165/0001562762-20-000162.txt,VERIFIED_FROM_OFFICIAL_SEC_MASTER_INDEX,Sequential 10-Q/10-K under frozen H06 F5 rule
57,energy,6,COP,ConocoPhillips,0001163165,F4,10-Q,2020-08-04,0001562762-20-000267,https://www.sec.gov/Archives/edgar/data/1163165/0001562762-20-000267.txt,VERIFIED_FROM_OFFICIAL_SEC_MASTER_INDEX,Sequential 10-Q/10-K under frozen H06 F5 rule
57,energy,6,COP,ConocoPhillips,0001163165,F5,10-Q,2020-11-03,0001562762-20-000367,https://www.sec.gov/Archives/edgar/data/1163165/0001562762-20-000367.txt,VERIFIED_FROM_OFFICIAL_SEC_MASTER_INDEX,Sequential 10-Q/10-K under frozen H06 F5 rule
58,energy,7,OXY,Occidental Petroleum,0000797468,F1,10-Q,2019-11-04,0000797468-19-000016,https://www.sec.gov/Archives/edgar/data/797468/0000797468-19-000016.txt,VERIFIED_FROM_OFFICIAL_SEC_MASTER_INDEX,Sequential 10-Q/10-K under frozen H06 F5 rule
58,energy,7,OXY,Occidental Petroleum,0000797468,F2,10-K,2020-02-28,0000797468-20-000004,https://www.sec.gov/Archives/edgar/data/797468/0000797468-20-000004.txt,VERIFIED_FROM_OFFICIAL_SEC_MASTER_INDEX,Sequential 10-Q/10-K under frozen H06 F5 rule
58,energy,7,OXY,Occidental Petroleum,0000797468,F3,10-Q,2020-05-06,0000797468-20-000010,https://www.sec.gov/Archives/edgar/data/797468/0000797468-20-000010.txt,VERIFIED_FROM_OFFICIAL_SEC_MASTER_INDEX,Sequential 10-Q/10-K under frozen H06 F5 rule
58,energy,7,OXY,Occidental Petroleum,0000797468,F4,10-Q,2020-08-10,0000797468-20-000027,https://www.sec.gov/Archives/edgar/data/797468/0000797468-20-000027.txt,VERIFIED_FROM_OFFICIAL_SEC_MASTER_INDEX,Sequential 10-Q/10-K under frozen H06 F5 rule
58,energy,7,OXY,Occidental Petroleum,0000797468,F5,10-Q,2020-11-09,0000797468-20-000033,https://www.sec.gov/Archives/edgar/data/797468/0000797468-20-000033.txt,VERIFIED_FROM_OFFICIAL_SEC_MASTER_INDEX,Sequential 10-Q/10-K under frozen H06 F5 rule
59,energy,8,KMI,Kinder Morgan,0001506307,F1,10-Q,2019-10-21,0001506307-19-000158,https://www.sec.gov/Archives/edgar/data/1506307/0001506307-19-000158.txt,VERIFIED_FROM_OFFICIAL_SEC_MASTER_INDEX,Sequential 10-Q/10-K under frozen H06 F5 rule
59,energy,8,KMI,Kinder Morgan,0001506307,F2,10-K,2020-02-12,0001506307-20-000022,https://www.sec.gov/Archives/edgar/data/1506307/0001506307-20-000022.txt,VERIFIED_FROM_OFFICIAL_SEC_MASTER_INDEX,Sequential 10-Q/10-K under frozen H06 F5 rule
59,energy,8,KMI,Kinder Morgan,0001506307,F3,10-Q,2020-04-29,0001506307-20-000041,https://www.sec.gov/Archives/edgar/data/1506307/0001506307-20-000041.txt,VERIFIED_FROM_OFFICIAL_SEC_MASTER_INDEX,Sequential 10-Q/10-K under frozen H06 F5 rule
59,energy,8,KMI,Kinder Morgan,0001506307,F4,10-Q,2020-07-27,0001506307-20-000067,https://www.sec.gov/Archives/edgar/data/1506307/0001506307-20-000067.txt,VERIFIED_FROM_OFFICIAL_SEC_MASTER_INDEX,Sequential 10-Q/10-K under frozen H06 F5 rule
59,energy,8,KMI,Kinder Morgan,0001506307,F5,10-Q,2020-10-23,0001506307-20-000097,https://www.sec.gov/Archives/edgar/data/1506307/0001506307-20-000097.txt,VERIFIED_FROM_OFFICIAL_SEC_MASTER_INDEX,Sequential 10-Q/10-K under frozen H06 F5 rule
60,energy,9,HES,Hess Corporation,0000004447,F1,10-Q,2019-11-07,0001564590-19-041724,https://www.sec.gov/Archives/edgar/data/4447/0001564590-19-041724.txt,VERIFIED_FROM_OFFICIAL_SEC_MASTER_INDEX,Sequential 10-Q/10-K under frozen H06 F5 rule
60,energy,9,HES,Hess Corporation,0000004447,F2,10-K,2020-02-20,0001564590-20-005545,https://www.sec.gov/Archives/edgar/data/4447/0001564590-20-005545.txt,VERIFIED_FROM_OFFICIAL_SEC_MASTER_INDEX,Sequential 10-Q/10-K under frozen H06 F5 rule
60,energy,9,HES,Hess Corporation,0000004447,F3,10-Q,2020-05-07,0001564590-20-022922,https://www.sec.gov/Archives/edgar/data/4447/0001564590-20-022922.txt,VERIFIED_FROM_OFFICIAL_SEC_MASTER_INDEX,Sequential 10-Q/10-K under frozen H06 F5 rule
60,energy,9,HES,Hess Corporation,0000004447,F4,10-Q,2020-08-06,0001628280-20-011992,https://www.sec.gov/Archives/edgar/data/4447/0001628280-20-011992.txt,VERIFIED_FROM_OFFICIAL_SEC_MASTER_INDEX,Sequential 10-Q/10-K under frozen H06 F5 rule
60,energy,9,HES,Hess Corporation,0000004447,F5,10-Q,2020-11-05,0001628280-20-015747,https://www.sec.gov/Archives/edgar/data/4447/0001628280-20-015747.txt,VERIFIED_FROM_OFFICIAL_SEC_MASTER_INDEX,Sequential 10-Q/10-K under frozen H06 F5 rule
61,energy,10,DVN,Devon Energy,0001090012,F1,10-Q,2019-11-06,0001564590-19-040774,https://www.sec.gov/Archives/edgar/data/1090012/0001564590-19-040774.txt,VERIFIED_FROM_OFFICIAL_SEC_MASTER_INDEX,Sequential 10-Q/10-K under frozen H06 F5 rule
61,energy,10,DVN,Devon Energy,0001090012,F2,10-K,2020-02-19,0001564590-20-005182,https://www.sec.gov/Archives/edgar/data/1090012/0001564590-20-005182.txt,VERIFIED_FROM_OFFICIAL_SEC_MASTER_INDEX,Sequential 10-Q/10-K under frozen H06 F5 rule
61,energy,10,DVN,Devon Energy,0001090012,F3,10-Q,2020-05-06,0001564590-20-021639,https://www.sec.gov/Archives/edgar/data/1090012/0001564590-20-021639.txt,VERIFIED_FROM_OFFICIAL_SEC_MASTER_INDEX,Sequential 10-Q/10-K under frozen H06 F5 rule
61,energy,10,DVN,Devon Energy,0001090012,F4,10-Q,2020-08-05,0001564590-20-036568,https://www.sec.gov/Archives/edgar/data/1090012/0001564590-20-036568.txt,VERIFIED_FROM_OFFICIAL_SEC_MASTER_INDEX,Sequential 10-Q/10-K under frozen H06 F5 rule
61,energy,10,DVN,Devon Energy,0001090012,F5,10-Q,2020-10-30,0001564590-20-049203,https://www.sec.gov/Archives/edgar/data/1090012/0001564590-20-049203.txt,VERIFIED_FROM_OFFICIAL_SEC_MASTER_INDEX,Sequential 10-Q/10-K under frozen H06 F5 rule
62,energy,11,BKR,Baker Hughes,0001701605,F1,10-Q,2019-10-30,0001701605-19-000089,https://www.sec.gov/Archives/edgar/data/1701605/0001701605-19-000089.txt,VERIFIED_FROM_OFFICIAL_SEC_MASTER_INDEX,Sequential 10-Q/10-K under frozen H06 F5 rule
62,energy,11,BKR,Baker Hughes,0001701605,F2,10-K,2020-02-13,0001701605-20-000019,https://www.sec.gov/Archives/edgar/data/1701605/0001701605-20-000019.txt,VERIFIED_FROM_OFFICIAL_SEC_MASTER_INDEX,Sequential 10-Q/10-K under frozen H06 F5 rule
62,energy,11,BKR,Baker Hughes,0001701605,F3,10-Q,2020-04-24,0001701605-20-000039,https://www.sec.gov/Archives/edgar/data/1701605/0001701605-20-000039.txt,VERIFIED_FROM_OFFICIAL_SEC_MASTER_INDEX,Sequential 10-Q/10-K under frozen H06 F5 rule
62,energy,11,BKR,Baker Hughes,0001701605,F4,10-Q,2020-07-24,0001701605-20-000068,https://www.sec.gov/Archives/edgar/data/1701605/0001701605-20-000068.txt,VERIFIED_FROM_OFFICIAL_SEC_MASTER_INDEX,Sequential 10-Q/10-K under frozen H06 F5 rule
62,energy,11,BKR,Baker Hughes,0001701605,F5,10-Q,2020-10-23,0001701605-20-000086,https://www.sec.gov/Archives/edgar/data/1701605/0001701605-20-000086.txt,VERIFIED_FROM_OFFICIAL_SEC_MASTER_INDEX,Sequential 10-Q/10-K under frozen H06 F5 rule
63,financials,1,USB,U.S. Bancorp,0000036104,F1,10-Q,2019-11-08,0001193125-19-287486,https://www.sec.gov/Archives/edgar/data/36104/0001193125-19-287486.txt,VERIFIED_FROM_OFFICIAL_SEC_MASTER_INDEX,Sequential 10-Q/10-K under frozen H06 F5 rule
63,financials,1,USB,U.S. Bancorp,0000036104,F2,10-K,2020-02-20,0001193125-20-043622,https://www.sec.gov/Archives/edgar/data/36104/0001193125-20-043622.txt,VERIFIED_FROM_OFFICIAL_SEC_MASTER_INDEX,Sequential 10-Q/10-K under frozen H06 F5 rule
63,financials,1,USB,U.S. Bancorp,0000036104,F3,10-Q,2020-05-07,0001193125-20-136359,https://www.sec.gov/Archives/edgar/data/36104/0001193125-20-136359.txt,VERIFIED_FROM_OFFICIAL_SEC_MASTER_INDEX,Sequential 10-Q/10-K under frozen H06 F5 rule
63,financials,1,USB,U.S. Bancorp,0000036104,F4,10-Q,2020-08-06,0001193125-20-211979,https://www.sec.gov/Archives/edgar/data/36104/0001193125-20-211979.txt,VERIFIED_FROM_OFFICIAL_SEC_MASTER_INDEX,Sequential 10-Q/10-K under frozen H06 F5 rule
63,financials,1,USB,U.S. Bancorp,0000036104,F5,10-Q,2020-11-05,0001193125-20-286983,https://www.sec.gov/Archives/edgar/data/36104/0001193125-20-286983.txt,VERIFIED_FROM_OFFICIAL_SEC_MASTER_INDEX,Sequential 10-Q/10-K under frozen H06 F5 rule
64,financials,2,GS,Goldman Sachs,0000886982,F1,10-Q,2019-11-01,0001193125-19-280752,https://www.sec.gov/Archives/edgar/data/886982/0001193125-19-280752.txt,VERIFIED_FROM_OFFICIAL_SEC_MASTER_INDEX,Sequential 10-Q/10-K under frozen H06 F5 rule
64,financials,2,GS,Goldman Sachs,0000886982,F2,10-K,2020-02-21,0001193125-20-043853,https://www.sec.gov/Archives/edgar/data/886982/0001193125-20-043853.txt,VERIFIED_FROM_OFFICIAL_SEC_MASTER_INDEX,Sequential 10-Q/10-K under frozen H06 F5 rule
64,financials,2,GS,Goldman Sachs,0000886982,F3,10-Q,2020-05-01,0001193125-20-129324,https://www.sec.gov/Archives/edgar/data/886982/0001193125-20-129324.txt,VERIFIED_FROM_OFFICIAL_SEC_MASTER_INDEX,Sequential 10-Q/10-K under frozen H06 F5 rule
64,financials,2,GS,Goldman Sachs,0000886982,F4,10-Q,2020-08-07,0001193125-20-212201,https://www.sec.gov/Archives/edgar/data/886982/0001193125-20-212201.txt,VERIFIED_FROM_OFFICIAL_SEC_MASTER_INDEX,Sequential 10-Q/10-K under frozen H06 F5 rule
64,financials,2,GS,Goldman Sachs,0000886982,F5,10-Q,2020-11-02,0001193125-20-282987,https://www.sec.gov/Archives/edgar/data/886982/0001193125-20-282987.txt,VERIFIED_FROM_OFFICIAL_SEC_MASTER_INDEX,Sequential 10-Q/10-K under frozen H06 F5 rule
65,financials,3,UNM,Unum Group,0000005513,F1,10-Q,2019-10-30,0000005513-19-000133,https://www.sec.gov/Archives/edgar/data/5513/0000005513-19-000133.txt,VERIFIED_FROM_OFFICIAL_SEC_MASTER_INDEX,Sequential 10-Q/10-K under frozen H06 F5 rule
65,financials,3,UNM,Unum Group,0000005513,F2,10-K,2020-02-18,0000005513-20-000027,https://www.sec.gov/Archives/edgar/data/5513/0000005513-20-000027.txt,VERIFIED_FROM_OFFICIAL_SEC_MASTER_INDEX,Sequential 10-Q/10-K under frozen H06 F5 rule
65,financials,3,UNM,Unum Group,0000005513,F3,10-Q,2020-05-05,0000005513-20-000076,https://www.sec.gov/Archives/edgar/data/5513/0000005513-20-000076.txt,VERIFIED_FROM_OFFICIAL_SEC_MASTER_INDEX,Sequential 10-Q/10-K under frozen H06 F5 rule
65,financials,3,UNM,Unum Group,0000005513,F4,10-Q,2020-07-29,0000005513-20-000111,https://www.sec.gov/Archives/edgar/data/5513/0000005513-20-000111.txt,VERIFIED_FROM_OFFICIAL_SEC_MASTER_INDEX,Sequential 10-Q/10-K under frozen H06 F5 rule
65,financials,3,UNM,Unum Group,0000005513,F5,10-Q,2020-10-28,0000005513-20-000152,https://www.sec.gov/Archives/edgar/data/5513/0000005513-20-000152.txt,VERIFIED_FROM_OFFICIAL_SEC_MASTER_INDEX,Sequential 10-Q/10-K under frozen H06 F5 rule
66,financials,4,FITB,Fifth Third Bancorp,0000035527,F1,10-Q,2019-11-08,0001193125-19-288323,https://www.sec.gov/Archives/edgar/data/35527/0001193125-19-288323.txt,VERIFIED_FROM_OFFICIAL_SEC_MASTER_INDEX,Sequential 10-Q/10-K under frozen H06 F5 rule
66,financials,4,FITB,Fifth Third Bancorp,0000035527,F2,10-K,2020-03-02,0001193125-20-057751,https://www.sec.gov/Archives/edgar/data/35527/0001193125-20-057751.txt,VERIFIED_FROM_OFFICIAL_SEC_MASTER_INDEX,Sequential 10-Q/10-K under frozen H06 F5 rule
66,financials,4,FITB,Fifth Third Bancorp,0000035527,F3,10-Q,2020-05-08,0001193125-20-137598,https://www.sec.gov/Archives/edgar/data/35527/0001193125-20-137598.txt,VERIFIED_FROM_OFFICIAL_SEC_MASTER_INDEX,Sequential 10-Q/10-K under frozen H06 F5 rule
66,financials,4,FITB,Fifth Third Bancorp,0000035527,F4,10-Q,2020-08-07,0000035527-20-000077,https://www.sec.gov/Archives/edgar/data/35527/0000035527-20-000077.txt,VERIFIED_FROM_OFFICIAL_SEC_MASTER_INDEX,Sequential 10-Q/10-K under frozen H06 F5 rule
66,financials,4,FITB,Fifth Third Bancorp,0000035527,F5,10-Q,2020-11-05,0000035527-20-000107,https://www.sec.gov/Archives/edgar/data/35527/0000035527-20-000107.txt,VERIFIED_FROM_OFFICIAL_SEC_MASTER_INDEX,Sequential 10-Q/10-K under frozen H06 F5 rule
67,financials,5,MS,Morgan Stanley,0000895421,F1,10-Q,2019-11-05,0001628280-19-013331,https://www.sec.gov/Archives/edgar/data/895421/0001628280-19-013331.txt,VERIFIED_FROM_OFFICIAL_SEC_MASTER_INDEX,Sequential 10-Q/10-K under frozen H06 F5 rule
67,financials,5,MS,Morgan Stanley,0000895421,F2,10-K,2020-02-27,0000895421-20-000265,https://www.sec.gov/Archives/edgar/data/895421/0000895421-20-000265.txt,VERIFIED_FROM_OFFICIAL_SEC_MASTER_INDEX,Sequential 10-Q/10-K under frozen H06 F5 rule
67,financials,5,MS,Morgan Stanley,0000895421,F3,10-Q,2020-05-05,0000895421-20-000323,https://www.sec.gov/Archives/edgar/data/895421/0000895421-20-000323.txt,VERIFIED_FROM_OFFICIAL_SEC_MASTER_INDEX,Sequential 10-Q/10-K under frozen H06 F5 rule
67,financials,5,MS,Morgan Stanley,0000895421,F4,10-Q,2020-08-04,0000895421-20-000429,https://www.sec.gov/Archives/edgar/data/895421/0000895421-20-000429.txt,VERIFIED_FROM_OFFICIAL_SEC_MASTER_INDEX,Sequential 10-Q/10-K under frozen H06 F5 rule
67,financials,5,MS,Morgan Stanley,0000895421,F5,10-Q,2020-11-03,0000895421-20-000527,https://www.sec.gov/Archives/edgar/data/895421/0000895421-20-000527.txt,VERIFIED_FROM_OFFICIAL_SEC_MASTER_INDEX,Sequential 10-Q/10-K under frozen H06 F5 rule
68,financials,6,AJG,Arthur J. Gallagher & Co.,0000354190,F1,10-Q,2019-10-25,0001193125-19-274533,https://www.sec.gov/Archives/edgar/data/354190/0001193125-19-274533.txt,VERIFIED_FROM_OFFICIAL_SEC_MASTER_INDEX,Sequential 10-Q/10-K under frozen H06 F5 rule
68,financials,6,AJG,Arthur J. Gallagher & Co.,0000354190,F2,10-K,2020-02-07,0001193125-20-028191,https://www.sec.gov/Archives/edgar/data/354190/0001193125-20-028191.txt,VERIFIED_FROM_OFFICIAL_SEC_MASTER_INDEX,Sequential 10-Q/10-K under frozen H06 F5 rule
68,financials,6,AJG,Arthur J. Gallagher & Co.,0000354190,F3,10-Q,2020-05-05,0001564590-20-021299,https://www.sec.gov/Archives/edgar/data/354190/0001564590-20-021299.txt,VERIFIED_FROM_OFFICIAL_SEC_MASTER_INDEX,Sequential 10-Q/10-K under frozen H06 F5 rule
68,financials,6,AJG,Arthur J. Gallagher & Co.,0000354190,F4,10-Q,2020-07-31,0001564590-20-035149,https://www.sec.gov/Archives/edgar/data/354190/0001564590-20-035149.txt,VERIFIED_FROM_OFFICIAL_SEC_MASTER_INDEX,Sequential 10-Q/10-K under frozen H06 F5 rule
68,financials,6,AJG,Arthur J. Gallagher & Co.,0000354190,F5,10-Q,2020-10-30,0001564590-20-049355,https://www.sec.gov/Archives/edgar/data/354190/0001564590-20-049355.txt,VERIFIED_FROM_OFFICIAL_SEC_MASTER_INDEX,Sequential 10-Q/10-K under frozen H06 F5 rule
69,financials,7,AMP,Ameriprise Financial,0000820027,F1,10-Q,2019-11-12,0000820027-19-000077,https://www.sec.gov/Archives/edgar/data/820027/0000820027-19-000077.txt,VERIFIED_FROM_OFFICIAL_SEC_MASTER_INDEX,Sequential 10-Q/10-K under frozen H06 F5 rule
69,financials,7,AMP,Ameriprise Financial,0000820027,F2,10-K,2020-02-26,0000820027-20-000010,https://www.sec.gov/Archives/edgar/data/820027/0000820027-20-000010.txt,VERIFIED_FROM_OFFICIAL_SEC_MASTER_INDEX,Sequential 10-Q/10-K under frozen H06 F5 rule
69,financials,7,AMP,Ameriprise Financial,0000820027,F3,10-Q,2020-05-11,0000820027-20-000042,https://www.sec.gov/Archives/edgar/data/820027/0000820027-20-000042.txt,VERIFIED_FROM_OFFICIAL_SEC_MASTER_INDEX,Sequential 10-Q/10-K under frozen H06 F5 rule
69,financials,7,AMP,Ameriprise Financial,0000820027,F4,10-Q,2020-08-10,0000820027-20-000064,https://www.sec.gov/Archives/edgar/data/820027/0000820027-20-000064.txt,VERIFIED_FROM_OFFICIAL_SEC_MASTER_INDEX,Sequential 10-Q/10-K under frozen H06 F5 rule
69,financials,7,AMP,Ameriprise Financial,0000820027,F5,10-Q,2020-11-09,0000820027-20-000074,https://www.sec.gov/Archives/edgar/data/820027/0000820027-20-000074.txt,VERIFIED_FROM_OFFICIAL_SEC_MASTER_INDEX,Sequential 10-Q/10-K under frozen H06 F5 rule
70,financials,8,SCHW,Charles Schwab Corporation,0000316709,F1,10-Q,2019-11-07,0000316709-19-000052,https://www.sec.gov/Archives/edgar/data/316709/0000316709-19-000052.txt,VERIFIED_FROM_OFFICIAL_SEC_MASTER_INDEX,Sequential 10-Q/10-K under frozen H06 F5 rule
70,financials,8,SCHW,Charles Schwab Corporation,0000316709,F2,10-K,2020-02-26,0000316709-20-000012,https://www.sec.gov/Archives/edgar/data/316709/0000316709-20-000012.txt,VERIFIED_FROM_OFFICIAL_SEC_MASTER_INDEX,Sequential 10-Q/10-K under frozen H06 F5 rule
70,financials,8,SCHW,Charles Schwab Corporation,0000316709,F3,10-Q,2020-05-08,0000316709-20-000021,https://www.sec.gov/Archives/edgar/data/316709/0000316709-20-000021.txt,VERIFIED_FROM_OFFICIAL_SEC_MASTER_INDEX,Sequential 10-Q/10-K under frozen H06 F5 rule
70,financials,8,SCHW,Charles Schwab Corporation,0000316709,F4,10-Q,2020-08-07,0000316709-20-000045,https://www.sec.gov/Archives/edgar/data/316709/0000316709-20-000045.txt,VERIFIED_FROM_OFFICIAL_SEC_MASTER_INDEX,Sequential 10-Q/10-K under frozen H06 F5 rule
70,financials,8,SCHW,Charles Schwab Corporation,0000316709,F5,10-Q,2020-11-09,0000316709-20-000054,https://www.sec.gov/Archives/edgar/data/316709/0000316709-20-000054.txt,VERIFIED_FROM_OFFICIAL_SEC_MASTER_INDEX,Sequential 10-Q/10-K under frozen H06 F5 rule
71,financials,9,CBOE,Cboe Global Markets,0001374310,F1,10-Q,2019-11-01,0001558370-19-009643,https://www.sec.gov/Archives/edgar/data/1374310/0001558370-19-009643.txt,VERIFIED_FROM_OFFICIAL_SEC_MASTER_INDEX,Sequential 10-Q/10-K under frozen H06 F5 rule
71,financials,9,CBOE,Cboe Global Markets,0001374310,F2,10-K,2020-02-21,0001558370-20-001127,https://www.sec.gov/Archives/edgar/data/1374310/0001558370-20-001127.txt,VERIFIED_FROM_OFFICIAL_SEC_MASTER_INDEX,Sequential 10-Q/10-K under frozen H06 F5 rule
71,financials,9,CBOE,Cboe Global Markets,0001374310,F3,10-Q,2020-05-01,0001558370-20-004877,https://www.sec.gov/Archives/edgar/data/1374310/0001558370-20-004877.txt,VERIFIED_FROM_OFFICIAL_SEC_MASTER_INDEX,Sequential 10-Q/10-K under frozen H06 F5 rule
71,financials,9,CBOE,Cboe Global Markets,0001374310,F4,10-Q,2020-07-31,0001558370-20-008849,https://www.sec.gov/Archives/edgar/data/1374310/0001558370-20-008849.txt,VERIFIED_FROM_OFFICIAL_SEC_MASTER_INDEX,Sequential 10-Q/10-K under frozen H06 F5 rule
71,financials,9,CBOE,Cboe Global Markets,0001374310,F5,10-Q,2020-10-30,0001558370-20-012101,https://www.sec.gov/Archives/edgar/data/1374310/0001558370-20-012101.txt,VERIFIED_FROM_OFFICIAL_SEC_MASTER_INDEX,Sequential 10-Q/10-K under frozen H06 F5 rule
72,financials,10,L,Loews Corporation,0000060086,F1,10-Q,2019-10-28,0001193125-19-275925,https://www.sec.gov/Archives/edgar/data/60086/0001193125-19-275925.txt,VERIFIED_FROM_OFFICIAL_SEC_MASTER_INDEX,Sequential 10-Q/10-K under frozen H06 F5 rule
72,financials,10,L,Loews Corporation,0000060086,F2,10-K,2020-02-12,0001193125-20-031657,https://www.sec.gov/Archives/edgar/data/60086/0001193125-20-031657.txt,VERIFIED_FROM_OFFICIAL_SEC_MASTER_INDEX,Sequential 10-Q/10-K under frozen H06 F5 rule
72,financials,10,L,Loews Corporation,0000060086,F3,10-Q,2020-05-04,0001140361-20-010602,https://www.sec.gov/Archives/edgar/data/60086/0001140361-20-010602.txt,VERIFIED_FROM_OFFICIAL_SEC_MASTER_INDEX,Sequential 10-Q/10-K under frozen H06 F5 rule
72,financials,10,L,Loews Corporation,0000060086,F4,10-Q,2020-08-03,0001140361-20-017258,https://www.sec.gov/Archives/edgar/data/60086/0001140361-20-017258.txt,VERIFIED_FROM_OFFICIAL_SEC_MASTER_INDEX,Sequential 10-Q/10-K under frozen H06 F5 rule
72,financials,10,L,Loews Corporation,0000060086,F5,10-Q,2020-11-02,0001140361-20-024292,https://www.sec.gov/Archives/edgar/data/60086/0001140361-20-024292.txt,VERIFIED_FROM_OFFICIAL_SEC_MASTER_INDEX,Sequential 10-Q/10-K under frozen H06 F5 rule
73,financials,11,FLT,Fleetcor,0001175454,F1,10-Q,2019-11-12,0001175454-19-000024,https://www.sec.gov/Archives/edgar/data/1175454/0001175454-19-000024.txt,VERIFIED_FROM_OFFICIAL_SEC_MASTER_INDEX,Sequential 10-Q/10-K under frozen H06 F5 rule
73,financials,11,FLT,Fleetcor,0001175454,F2,10-K,2020-03-02,0001175454-20-000008,https://www.sec.gov/Archives/edgar/data/1175454/0001175454-20-000008.txt,VERIFIED_FROM_OFFICIAL_SEC_MASTER_INDEX,Sequential 10-Q/10-K under frozen H06 F5 rule
73,financials,11,FLT,Fleetcor,0001175454,F3,10-Q,2020-05-11,0001175454-20-000020,https://www.sec.gov/Archives/edgar/data/1175454/0001175454-20-000020.txt,VERIFIED_FROM_OFFICIAL_SEC_MASTER_INDEX,Sequential 10-Q/10-K under frozen H06 F5 rule
73,financials,11,FLT,Fleetcor,0001175454,F4,10-Q,2020-08-10,0001175454-20-000033,https://www.sec.gov/Archives/edgar/data/1175454/0001175454-20-000033.txt,VERIFIED_FROM_OFFICIAL_SEC_MASTER_INDEX,Sequential 10-Q/10-K under frozen H06 F5 rule
73,financials,11,FLT,Fleetcor,0001175454,F5,10-Q,2020-11-09,0001175454-20-000046,https://www.sec.gov/Archives/edgar/data/1175454/0001175454-20-000046.txt,VERIFIED_FROM_OFFICIAL_SEC_MASTER_INDEX,Sequential 10-Q/10-K under frozen H06 F5 rule
74,financials,12,RF,Regions Financial Corporation,0001281761,F1,10-Q,2019-11-06,0001281761-19-000093,https://www.sec.gov/Archives/edgar/data/1281761/0001281761-19-000093.txt,VERIFIED_FROM_OFFICIAL_SEC_MASTER_INDEX,Sequential 10-Q/10-K under frozen H06 F5 rule
74,financials,12,RF,Regions Financial Corporation,0001281761,F2,10-K,2020-02-21,0001281761-20-000010,https://www.sec.gov/Archives/edgar/data/1281761/0001281761-20-000010.txt,VERIFIED_FROM_OFFICIAL_SEC_MASTER_INDEX,Sequential 10-Q/10-K under frozen H06 F5 rule
74,financials,12,RF,Regions Financial Corporation,0001281761,F3,10-Q,2020-05-06,0001281761-20-000048,https://www.sec.gov/Archives/edgar/data/1281761/0001281761-20-000048.txt,VERIFIED_FROM_OFFICIAL_SEC_MASTER_INDEX,Sequential 10-Q/10-K under frozen H06 F5 rule
74,financials,12,RF,Regions Financial Corporation,0001281761,F4,10-Q,2020-08-05,0001281761-20-000075,https://www.sec.gov/Archives/edgar/data/1281761/0001281761-20-000075.txt,VERIFIED_FROM_OFFICIAL_SEC_MASTER_INDEX,Sequential 10-Q/10-K under frozen H06 F5 rule
74,financials,12,RF,Regions Financial Corporation,0001281761,F5,10-Q,2020-11-05,0001281761-20-000087,https://www.sec.gov/Archives/edgar/data/1281761/0001281761-20-000087.txt,VERIFIED_FROM_OFFICIAL_SEC_MASTER_INDEX,Sequential 10-Q/10-K under frozen H06 F5 rule
75,financials,13,HBAN,Huntington Bancshares,0000049196,F1,10-Q,2019-10-28,0000049196-19-000071,https://www.sec.gov/Archives/edgar/data/49196/0000049196-19-000071.txt,VERIFIED_FROM_OFFICIAL_SEC_MASTER_INDEX,Sequential 10-Q/10-K under frozen H06 F5 rule
75,financials,13,HBAN,Huntington Bancshares,0000049196,F2,10-K,2020-02-14,0000049196-20-000010,https://www.sec.gov/Archives/edgar/data/49196/0000049196-20-000010.txt,VERIFIED_FROM_OFFICIAL_SEC_MASTER_INDEX,Sequential 10-Q/10-K under frozen H06 F5 rule
75,financials,13,HBAN,Huntington Bancshares,0000049196,F3,10-Q,2020-05-01,0000049196-20-000028,https://www.sec.gov/Archives/edgar/data/49196/0000049196-20-000028.txt,VERIFIED_FROM_OFFICIAL_SEC_MASTER_INDEX,Sequential 10-Q/10-K under frozen H06 F5 rule
75,financials,13,HBAN,Huntington Bancshares,0000049196,F4,10-Q,2020-07-31,0000049196-20-000046,https://www.sec.gov/Archives/edgar/data/49196/0000049196-20-000046.txt,VERIFIED_FROM_OFFICIAL_SEC_MASTER_INDEX,Sequential 10-Q/10-K under frozen H06 F5 rule
75,financials,13,HBAN,Huntington Bancshares,0000049196,F5,10-Q,2020-10-30,0000049196-20-000059,https://www.sec.gov/Archives/edgar/data/49196/0000049196-20-000059.txt,VERIFIED_FROM_OFFICIAL_SEC_MASTER_INDEX,Sequential 10-Q/10-K under frozen H06 F5 rule
76,financials,14,TRV,Travelers Companies,0000086312,F1,10-Q,2019-10-22,0000086312-19-000046,https://www.sec.gov/Archives/edgar/data/86312/0000086312-19-000046.txt,VERIFIED_FROM_OFFICIAL_SEC_MASTER_INDEX,Sequential 10-Q/10-K under frozen H06 F5 rule
76,financials,14,TRV,Travelers Companies,0000086312,F2,10-K,2020-02-13,0000086312-20-000011,https://www.sec.gov/Archives/edgar/data/86312/0000086312-20-000011.txt,VERIFIED_FROM_OFFICIAL_SEC_MASTER_INDEX,Sequential 10-Q/10-K under frozen H06 F5 rule
76,financials,14,TRV,Travelers Companies,0000086312,F3,10-Q,2020-04-21,0000086312-20-000021,https://www.sec.gov/Archives/edgar/data/86312/0000086312-20-000021.txt,VERIFIED_FROM_OFFICIAL_SEC_MASTER_INDEX,Sequential 10-Q/10-K under frozen H06 F5 rule
76,financials,14,TRV,Travelers Companies,0000086312,F4,10-Q,2020-07-23,0000086312-20-000039,https://www.sec.gov/Archives/edgar/data/86312/0000086312-20-000039.txt,VERIFIED_FROM_OFFICIAL_SEC_MASTER_INDEX,Sequential 10-Q/10-K under frozen H06 F5 rule
76,financials,14,TRV,Travelers Companies,0000086312,F5,10-Q,2020-10-20,0000086312-20-000049,https://www.sec.gov/Archives/edgar/data/86312/0000086312-20-000049.txt,VERIFIED_FROM_OFFICIAL_SEC_MASTER_INDEX,Sequential 10-Q/10-K under frozen H06 F5 rule
77,financials,15,PYPL,PayPal,0001633917,F1,10-Q,2019-10-24,0001633917-19-000210,https://www.sec.gov/Archives/edgar/data/1633917/0001633917-19-000210.txt,VERIFIED_FROM_OFFICIAL_SEC_MASTER_INDEX,Sequential 10-Q/10-K under frozen H06 F5 rule
77,financials,15,PYPL,PayPal,0001633917,F2,10-K,2020-02-06,0001633917-20-000028,https://www.sec.gov/Archives/edgar/data/1633917/0001633917-20-000028.txt,VERIFIED_FROM_OFFICIAL_SEC_MASTER_INDEX,Sequential 10-Q/10-K under frozen H06 F5 rule
77,financials,15,PYPL,PayPal,0001633917,F3,10-Q,2020-05-07,0001633917-20-000093,https://www.sec.gov/Archives/edgar/data/1633917/0001633917-20-000093.txt,VERIFIED_FROM_OFFICIAL_SEC_MASTER_INDEX,Sequential 10-Q/10-K under frozen H06 F5 rule
77,financials,15,PYPL,PayPal,0001633917,F4,10-Q,2020-07-30,0001633917-20-000134,https://www.sec.gov/Archives/edgar/data/1633917/0001633917-20-000134.txt,VERIFIED_FROM_OFFICIAL_SEC_MASTER_INDEX,Sequential 10-Q/10-K under frozen H06 F5 rule
77,financials,15,PYPL,PayPal,0001633917,F5,10-Q,2020-11-03,0001633917-20-000169,https://www.sec.gov/Archives/edgar/data/1633917/0001633917-20-000169.txt,VERIFIED_FROM_OFFICIAL_SEC_MASTER_INDEX,Sequential 10-Q/10-K under frozen H06 F5 rule
78,financials,16,BAC,Bank of America,0000070858,F1,10-Q,2019-10-28,0000070858-19-000057,https://www.sec.gov/Archives/edgar/data/70858/0000070858-19-000057.txt,VERIFIED_FROM_OFFICIAL_SEC_MASTER_INDEX,Sequential 10-Q/10-K under frozen H06 F5 rule
78,financials,16,BAC,Bank of America,0000070858,F2,10-K,2020-02-19,0000070858-20-000011,https://www.sec.gov/Archives/edgar/data/70858/0000070858-20-000011.txt,VERIFIED_FROM_OFFICIAL_SEC_MASTER_INDEX,Sequential 10-Q/10-K under frozen H06 F5 rule
78,financials,16,BAC,Bank of America,0000070858,F3,10-Q,2020-05-01,0000070858-20-000023,https://www.sec.gov/Archives/edgar/data/70858/0000070858-20-000023.txt,VERIFIED_FROM_OFFICIAL_SEC_MASTER_INDEX,Sequential 10-Q/10-K under frozen H06 F5 rule
78,financials,16,BAC,Bank of America,0000070858,F4,10-Q,2020-07-31,0000070858-20-000040,https://www.sec.gov/Archives/edgar/data/70858/0000070858-20-000040.txt,VERIFIED_FROM_OFFICIAL_SEC_MASTER_INDEX,Sequential 10-Q/10-K under frozen H06 F5 rule
78,financials,16,BAC,Bank of America,0000070858,F5,10-Q,2020-10-30,0000070858-20-000071,https://www.sec.gov/Archives/edgar/data/70858/0000070858-20-000071.txt,VERIFIED_FROM_OFFICIAL_SEC_MASTER_INDEX,Sequential 10-Q/10-K under frozen H06 F5 rule
79,financials,17,MA,Mastercard,0001141391,F1,10-Q,2019-10-29,0001141391-19-000150,https://www.sec.gov/Archives/edgar/data/1141391/0001141391-19-000150.txt,VERIFIED_FROM_OFFICIAL_SEC_MASTER_INDEX,Sequential 10-Q/10-K under frozen H06 F5 rule
79,financials,17,MA,Mastercard,0001141391,F2,10-K,2020-02-14,0001141391-20-000032,https://www.sec.gov/Archives/edgar/data/1141391/0001141391-20-000032.txt,VERIFIED_FROM_OFFICIAL_SEC_MASTER_INDEX,Sequential 10-Q/10-K under frozen H06 F5 rule
79,financials,17,MA,Mastercard,0001141391,F3,10-Q,2020-04-29,0001141391-20-000091,https://www.sec.gov/Archives/edgar/data/1141391/0001141391-20-000091.txt,VERIFIED_FROM_OFFICIAL_SEC_MASTER_INDEX,Sequential 10-Q/10-K under frozen H06 F5 rule
79,financials,17,MA,Mastercard,0001141391,F4,10-Q,2020-07-30,0001141391-20-000165,https://www.sec.gov/Archives/edgar/data/1141391/0001141391-20-000165.txt,VERIFIED_FROM_OFFICIAL_SEC_MASTER_INDEX,Sequential 10-Q/10-K under frozen H06 F5 rule
79,financials,17,MA,Mastercard,0001141391,F5,10-Q,2020-10-28,0001141391-20-000203,https://www.sec.gov/Archives/edgar/data/1141391/0001141391-20-000203.txt,VERIFIED_FROM_OFFICIAL_SEC_MASTER_INDEX,Sequential 10-Q/10-K under frozen H06 F5 rule
80,financials,18,MET,MetLife,0001099219,F1,10-Q,2019-11-05,0001099219-19-000225,https://www.sec.gov/Archives/edgar/data/1099219/0001099219-19-000225.txt,VERIFIED_FROM_OFFICIAL_SEC_MASTER_INDEX,Sequential 10-Q/10-K under frozen H06 F5 rule
80,financials,18,MET,MetLife,0001099219,F2,10-K,2020-02-21,0001099219-20-000064,https://www.sec.gov/Archives/edgar/data/1099219/0001099219-20-000064.txt,VERIFIED_FROM_OFFICIAL_SEC_MASTER_INDEX,Sequential 10-Q/10-K under frozen H06 F5 rule
80,financials,18,MET,MetLife,0001099219,F3,10-Q,2020-05-08,0001099219-20-000203,https://www.sec.gov/Archives/edgar/data/1099219/0001099219-20-000203.txt,VERIFIED_FROM_OFFICIAL_SEC_MASTER_INDEX,Sequential 10-Q/10-K under frozen H06 F5 rule
80,financials,18,MET,MetLife,0001099219,F4,10-Q,2020-08-07,0001099219-20-000287,https://www.sec.gov/Archives/edgar/data/1099219/0001099219-20-000287.txt,VERIFIED_FROM_OFFICIAL_SEC_MASTER_INDEX,Sequential 10-Q/10-K under frozen H06 F5 rule
80,financials,18,MET,MetLife,0001099219,F5,10-Q,2020-11-09,0001099219-20-000359,https://www.sec.gov/Archives/edgar/data/1099219/0001099219-20-000359.txt,VERIFIED_FROM_OFFICIAL_SEC_MASTER_INDEX,Sequential 10-Q/10-K under frozen H06 F5 rule
82,financials,20,PRU,Prudential Financial,0001137774,F1,10-Q,2019-11-05,0001137774-19-000099,https://www.sec.gov/Archives/edgar/data/1137774/0001137774-19-000099.txt,VERIFIED_FROM_OFFICIAL_SEC_MASTER_INDEX,Sequential 10-Q/10-K under frozen H06 F5 rule
82,financials,20,PRU,Prudential Financial,0001137774,F2,10-K,2020-02-14,0001137774-20-000065,https://www.sec.gov/Archives/edgar/data/1137774/0001137774-20-000065.txt,VERIFIED_FROM_OFFICIAL_SEC_MASTER_INDEX,Sequential 10-Q/10-K under frozen H06 F5 rule
82,financials,20,PRU,Prudential Financial,0001137774,F3,10-Q,2020-05-08,0001137774-20-000084,https://www.sec.gov/Archives/edgar/data/1137774/0001137774-20-000084.txt,VERIFIED_FROM_OFFICIAL_SEC_MASTER_INDEX,Sequential 10-Q/10-K under frozen H06 F5 rule
82,financials,20,PRU,Prudential Financial,0001137774,F4,10-Q,2020-08-06,0001137774-20-000107,https://www.sec.gov/Archives/edgar/data/1137774/0001137774-20-000107.txt,VERIFIED_FROM_OFFICIAL_SEC_MASTER_INDEX,Sequential 10-Q/10-K under frozen H06 F5 rule
82,financials,20,PRU,Prudential Financial,0001137774,F5,10-Q,2020-11-05,0001137774-20-000123,https://www.sec.gov/Archives/edgar/data/1137774/0001137774-20-000123.txt,VERIFIED_FROM_OFFICIAL_SEC_MASTER_INDEX,Sequential 10-Q/10-K under frozen H06 F5 rule
83,financials,21,SIVB,SVB Financial Group,0000719739,F1,10-Q,2019-11-12,0000719739-19-000075,https://www.sec.gov/Archives/edgar/data/719739/0000719739-19-000075.txt,VERIFIED_FROM_OFFICIAL_SEC_MASTER_INDEX,Sequential 10-Q/10-K under frozen H06 F5 rule
83,financials,21,SIVB,SVB Financial Group,0000719739,F2,10-K,2020-02-28,0000719739-20-000016,https://www.sec.gov/Archives/edgar/data/719739/0000719739-20-000016.txt,VERIFIED_FROM_OFFICIAL_SEC_MASTER_INDEX,Sequential 10-Q/10-K under frozen H06 F5 rule
83,financials,21,SIVB,SVB Financial Group,0000719739,F3,10-Q,2020-05-11,0000719739-20-000036,https://www.sec.gov/Archives/edgar/data/719739/0000719739-20-000036.txt,VERIFIED_FROM_OFFICIAL_SEC_MASTER_INDEX,Sequential 10-Q/10-K under frozen H06 F5 rule
83,financials,21,SIVB,SVB Financial Group,0000719739,F4,10-Q,2020-08-07,0000719739-20-000055,https://www.sec.gov/Archives/edgar/data/719739/0000719739-20-000055.txt,VERIFIED_FROM_OFFICIAL_SEC_MASTER_INDEX,Sequential 10-Q/10-K under frozen H06 F5 rule
83,financials,21,SIVB,SVB Financial Group,0000719739,F5,10-Q,2020-11-05,0000719739-20-000074,https://www.sec.gov/Archives/edgar/data/719739/0000719739-20-000074.txt,VERIFIED_FROM_OFFICIAL_SEC_MASTER_INDEX,Sequential 10-Q/10-K under frozen H06 F5 rule
84,financials,22,FIS,Fidelity National Information Services,0001136893,F1,10-Q,2019-11-05,0001136893-19-000192,https://www.sec.gov/Archives/edgar/data/1136893/0001136893-19-000192.txt,VERIFIED_FROM_OFFICIAL_SEC_MASTER_INDEX,Sequential 10-Q/10-K under frozen H06 F5 rule
84,financials,22,FIS,Fidelity National Information Services,0001136893,F2,10-K,2020-02-20,0001136893-20-000032,https://www.sec.gov/Archives/edgar/data/1136893/0001136893-20-000032.txt,VERIFIED_FROM_OFFICIAL_SEC_MASTER_INDEX,Sequential 10-Q/10-K under frozen H06 F5 rule
84,financials,22,FIS,Fidelity National Information Services,0001136893,F3,10-Q,2020-05-07,0001136893-20-000111,https://www.sec.gov/Archives/edgar/data/1136893/0001136893-20-000111.txt,VERIFIED_FROM_OFFICIAL_SEC_MASTER_INDEX,Sequential 10-Q/10-K under frozen H06 F5 rule
84,financials,22,FIS,Fidelity National Information Services,0001136893,F4,10-Q,2020-08-04,0001136893-20-000200,https://www.sec.gov/Archives/edgar/data/1136893/0001136893-20-000200.txt,VERIFIED_FROM_OFFICIAL_SEC_MASTER_INDEX,Sequential 10-Q/10-K under frozen H06 F5 rule
84,financials,22,FIS,Fidelity National Information Services,0001136893,F5,10-Q,2020-10-29,0001136893-20-000273,https://www.sec.gov/Archives/edgar/data/1136893/0001136893-20-000273.txt,VERIFIED_FROM_OFFICIAL_SEC_MASTER_INDEX,Sequential 10-Q/10-K under frozen H06 F5 rule
85,financials,23,PFG,Principal Financial Group,0001126328,F1,10-Q,2019-10-30,0001104659-19-057616,https://www.sec.gov/Archives/edgar/data/1126328/0001104659-19-057616.txt,VERIFIED_FROM_OFFICIAL_SEC_MASTER_INDEX,Sequential 10-Q/10-K under frozen H06 F5 rule
85,financials,23,PFG,Principal Financial Group,0001126328,F2,10-K,2020-02-14,0001104659-20-021174,https://www.sec.gov/Archives/edgar/data/1126328/0001104659-20-021174.txt,VERIFIED_FROM_OFFICIAL_SEC_MASTER_INDEX,Sequential 10-Q/10-K under frozen H06 F5 rule
85,financials,23,PFG,Principal Financial Group,0001126328,F3,10-Q,2020-04-29,0001104659-20-053218,https://www.sec.gov/Archives/edgar/data/1126328/0001104659-20-053218.txt,VERIFIED_FROM_OFFICIAL_SEC_MASTER_INDEX,Sequential 10-Q/10-K under frozen H06 F5 rule
85,financials,23,PFG,Principal Financial Group,0001126328,F4,10-Q,2020-07-29,0001104659-20-087765,https://www.sec.gov/Archives/edgar/data/1126328/0001104659-20-087765.txt,VERIFIED_FROM_OFFICIAL_SEC_MASTER_INDEX,Sequential 10-Q/10-K under frozen H06 F5 rule
85,financials,23,PFG,Principal Financial Group,0001126328,F5,10-Q,2020-10-29,0001104659-20-119392,https://www.sec.gov/Archives/edgar/data/1126328/0001104659-20-119392.txt,VERIFIED_FROM_OFFICIAL_SEC_MASTER_INDEX,Sequential 10-Q/10-K under frozen H06 F5 rule
86,financials,24,AIZ,Assurant,0001267238,F1,10-Q,2019-11-07,0001267238-19-000015,https://www.sec.gov/Archives/edgar/data/1267238/0001267238-19-000015.txt,VERIFIED_FROM_OFFICIAL_SEC_MASTER_INDEX,Sequential 10-Q/10-K under frozen H06 F5 rule
86,financials,24,AIZ,Assurant,0001267238,F2,10-K,2020-02-19,0001267238-20-000004,https://www.sec.gov/Archives/edgar/data/1267238/0001267238-20-000004.txt,VERIFIED_FROM_OFFICIAL_SEC_MASTER_INDEX,Sequential 10-Q/10-K under frozen H06 F5 rule
86,financials,24,AIZ,Assurant,0001267238,F3,10-Q,2020-05-08,0001267238-20-000018,https://www.sec.gov/Archives/edgar/data/1267238/0001267238-20-000018.txt,VERIFIED_FROM_OFFICIAL_SEC_MASTER_INDEX,Sequential 10-Q/10-K under frozen H06 F5 rule
86,financials,24,AIZ,Assurant,0001267238,F4,10-Q,2020-08-07,0001267238-20-000040,https://www.sec.gov/Archives/edgar/data/1267238/0001267238-20-000040.txt,VERIFIED_FROM_OFFICIAL_SEC_MASTER_INDEX,Sequential 10-Q/10-K under frozen H06 F5 rule
86,financials,24,AIZ,Assurant,0001267238,F5,10-Q,2020-11-05,0001267238-20-000055,https://www.sec.gov/Archives/edgar/data/1267238/0001267238-20-000055.txt,VERIFIED_FROM_OFFICIAL_SEC_MASTER_INDEX,Sequential 10-Q/10-K under frozen H06 F5 rule
87,financials,25,MKTX,MarketAxess,0001278021,F1,10-Q,2019-10-25,0001564590-19-037845,https://www.sec.gov/Archives/edgar/data/1278021/0001564590-19-037845.txt,VERIFIED_FROM_OFFICIAL_SEC_MASTER_INDEX,Sequential 10-Q/10-K under frozen H06 F5 rule
87,financials,25,MKTX,MarketAxess,0001278021,F2,10-K,2020-02-18,0001564590-20-004935,https://www.sec.gov/Archives/edgar/data/1278021/0001564590-20-004935.txt,VERIFIED_FROM_OFFICIAL_SEC_MASTER_INDEX,Sequential 10-Q/10-K under frozen H06 F5 rule
87,financials,25,MKTX,MarketAxess,0001278021,F3,10-Q,2020-05-01,0001564590-20-020511,https://www.sec.gov/Archives/edgar/data/1278021/0001564590-20-020511.txt,VERIFIED_FROM_OFFICIAL_SEC_MASTER_INDEX,Sequential 10-Q/10-K under frozen H06 F5 rule
87,financials,25,MKTX,MarketAxess,0001278021,F4,10-Q,2020-07-24,0001564590-20-033405,https://www.sec.gov/Archives/edgar/data/1278021/0001564590-20-033405.txt,VERIFIED_FROM_OFFICIAL_SEC_MASTER_INDEX,Sequential 10-Q/10-K under frozen H06 F5 rule
87,financials,25,MKTX,MarketAxess,0001278021,F5,10-Q,2020-10-30,0001564590-20-049336,https://www.sec.gov/Archives/edgar/data/1278021/0001564590-20-049336.txt,VERIFIED_FROM_OFFICIAL_SEC_MASTER_INDEX,Sequential 10-Q/10-K under frozen H06 F5 rule
88,financials,26,AFL,Aflac,0000004977,F1,10-Q,2019-10-25,0000004977-19-000175,https://www.sec.gov/Archives/edgar/data/4977/0000004977-19-000175.txt,VERIFIED_FROM_OFFICIAL_SEC_MASTER_INDEX,Sequential 10-Q/10-K under frozen H06 F5 rule
88,financials,26,AFL,Aflac,0000004977,F2,10-K,2020-02-21,0000004977-20-000044,https://www.sec.gov/Archives/edgar/data/4977/0000004977-20-000044.txt,VERIFIED_FROM_OFFICIAL_SEC_MASTER_INDEX,Sequential 10-Q/10-K under frozen H06 F5 rule
88,financials,26,AFL,Aflac,0000004977,F3,10-Q,2020-04-30,0000004977-20-000056,https://www.sec.gov/Archives/edgar/data/4977/0000004977-20-000056.txt,VERIFIED_FROM_OFFICIAL_SEC_MASTER_INDEX,Sequential 10-Q/10-K under frozen H06 F5 rule
88,financials,26,AFL,Aflac,0000004977,F4,10-Q,2020-07-29,0000004977-20-000104,https://www.sec.gov/Archives/edgar/data/4977/0000004977-20-000104.txt,VERIFIED_FROM_OFFICIAL_SEC_MASTER_INDEX,Sequential 10-Q/10-K under frozen H06 F5 rule
88,financials,26,AFL,Aflac,0000004977,F5,10-Q,2020-10-29,0000004977-20-000130,https://www.sec.gov/Archives/edgar/data/4977/0000004977-20-000130.txt,VERIFIED_FROM_OFFICIAL_SEC_MASTER_INDEX,Sequential 10-Q/10-K under frozen H06 F5 rule
89,financials,27,C,Citigroup,0000831001,F1,10-Q,2019-11-01,0000831001-19-000105,https://www.sec.gov/Archives/edgar/data/831001/0000831001-19-000105.txt,VERIFIED_FROM_OFFICIAL_SEC_MASTER_INDEX,Sequential 10-Q/10-K under frozen H06 F5 rule
89,financials,27,C,Citigroup,0000831001,F2,10-K,2020-02-21,0000831001-20-000031,https://www.sec.gov/Archives/edgar/data/831001/0000831001-20-000031.txt,VERIFIED_FROM_OFFICIAL_SEC_MASTER_INDEX,Sequential 10-Q/10-K under frozen H06 F5 rule
89,financials,27,C,Citigroup,0000831001,F3,10-Q,2020-05-04,0000831001-20-000044,https://www.sec.gov/Archives/edgar/data/831001/0000831001-20-000044.txt,VERIFIED_FROM_OFFICIAL_SEC_MASTER_INDEX,Sequential 10-Q/10-K under frozen H06 F5 rule
89,financials,27,C,Citigroup,0000831001,F4,10-Q,2020-08-05,0000831001-20-000078,https://www.sec.gov/Archives/edgar/data/831001/0000831001-20-000078.txt,VERIFIED_FROM_OFFICIAL_SEC_MASTER_INDEX,Sequential 10-Q/10-K under frozen H06 F5 rule
89,financials,27,C,Citigroup,0000831001,F5,10-Q,2020-11-04,0000831001-20-000110,https://www.sec.gov/Archives/edgar/data/831001/0000831001-20-000110.txt,VERIFIED_FROM_OFFICIAL_SEC_MASTER_INDEX,Sequential 10-Q/10-K under frozen H06 F5 rule
90,financials,28,DFS,Discover Financial,0001393612,F1,10-Q,2019-10-30,0001393612-19-000051,https://www.sec.gov/Archives/edgar/data/1393612/0001393612-19-000051.txt,VERIFIED_FROM_OFFICIAL_SEC_MASTER_INDEX,Sequential 10-Q/10-K under frozen H06 F5 rule
90,financials,28,DFS,Discover Financial,0001393612,F2,10-K,2020-02-26,0001393612-20-000009,https://www.sec.gov/Archives/edgar/data/1393612/0001393612-20-000009.txt,VERIFIED_FROM_OFFICIAL_SEC_MASTER_INDEX,Sequential 10-Q/10-K under frozen H06 F5 rule
90,financials,28,DFS,Discover Financial,0001393612,F3,10-Q,2020-04-30,0001393612-20-000021,https://www.sec.gov/Archives/edgar/data/1393612/0001393612-20-000021.txt,VERIFIED_FROM_OFFICIAL_SEC_MASTER_INDEX,Sequential 10-Q/10-K under frozen H06 F5 rule
90,financials,28,DFS,Discover Financial,0001393612,F4,10-Q,2020-07-27,0001393612-20-000030,https://www.sec.gov/Archives/edgar/data/1393612/0001393612-20-000030.txt,VERIFIED_FROM_OFFICIAL_SEC_MASTER_INDEX,Sequential 10-Q/10-K under frozen H06 F5 rule
90,financials,28,DFS,Discover Financial,0001393612,F5,10-Q,2020-10-26,0001393612-20-000040,https://www.sec.gov/Archives/edgar/data/1393612/0001393612-20-000040.txt,VERIFIED_FROM_OFFICIAL_SEC_MASTER_INDEX,Sequential 10-Q/10-K under frozen H06 F5 rule
91,financials,29,STT,State Street Corporation,0000093751,F1,10-Q,2019-10-25,0000093751-19-000595,https://www.sec.gov/Archives/edgar/data/93751/0000093751-19-000595.txt,VERIFIED_FROM_OFFICIAL_SEC_MASTER_INDEX,Sequential 10-Q/10-K under frozen H06 F5 rule
91,financials,29,STT,State Street Corporation,0000093751,F2,10-K,2020-02-20,0000093751-20-000684,https://www.sec.gov/Archives/edgar/data/93751/0000093751-20-000684.txt,VERIFIED_FROM_OFFICIAL_SEC_MASTER_INDEX,Sequential 10-Q/10-K under frozen H06 F5 rule
91,financials,29,STT,State Street Corporation,0000093751,F3,10-Q,2020-04-28,0000093751-20-000760,https://www.sec.gov/Archives/edgar/data/93751/0000093751-20-000760.txt,VERIFIED_FROM_OFFICIAL_SEC_MASTER_INDEX,Sequential 10-Q/10-K under frozen H06 F5 rule
91,financials,29,STT,State Street Corporation,0000093751,F4,10-Q,2020-07-27,0000093751-20-000906,https://www.sec.gov/Archives/edgar/data/93751/0000093751-20-000906.txt,VERIFIED_FROM_OFFICIAL_SEC_MASTER_INDEX,Sequential 10-Q/10-K under frozen H06 F5 rule
91,financials,29,STT,State Street Corporation,0000093751,F5,10-Q,2020-10-23,0000093751-20-000978,https://www.sec.gov/Archives/edgar/data/93751/0000093751-20-000978.txt,VERIFIED_FROM_OFFICIAL_SEC_MASTER_INDEX,Sequential 10-Q/10-K under frozen H06 F5 rule
92,financials,30,AON,Aon plc,0000315293,F1,10-Q,2019-10-25,0001628280-19-012581,https://www.sec.gov/Archives/edgar/data/315293/0001628280-19-012581.txt,VERIFIED_FROM_OFFICIAL_SEC_MASTER_INDEX,Sequential 10-Q/10-K under frozen H06 F5 rule
92,financials,30,AON,Aon plc,0000315293,F2,10-K,2020-02-14,0001628280-20-001607,https://www.sec.gov/Archives/edgar/data/315293/0001628280-20-001607.txt,VERIFIED_FROM_OFFICIAL_SEC_MASTER_INDEX,Sequential 10-Q/10-K under frozen H06 F5 rule
92,financials,30,AON,Aon plc,0000315293,F3,10-Q,2020-05-01,0001628280-20-006142,https://www.sec.gov/Archives/edgar/data/315293/0001628280-20-006142.txt,VERIFIED_FROM_OFFICIAL_SEC_MASTER_INDEX,Sequential 10-Q/10-K under frozen H06 F5 rule
92,financials,30,AON,Aon plc,0000315293,F4,10-Q,2020-07-31,0001628280-20-011354,https://www.sec.gov/Archives/edgar/data/315293/0001628280-20-011354.txt,VERIFIED_FROM_OFFICIAL_SEC_MASTER_INDEX,Sequential 10-Q/10-K under frozen H06 F5 rule
92,financials,30,AON,Aon plc,0000315293,F5,10-Q,2020-10-30,0001628280-20-015165,https://www.sec.gov/Archives/edgar/data/315293/0001628280-20-015165.txt,VERIFIED_FROM_OFFICIAL_SEC_MASTER_INDEX,Sequential 10-Q/10-K under frozen H06 F5 rule
93,financials,31,GL,Globe Life,0000320335,F1,10-Q,2019-11-12,0000320335-19-000041,https://www.sec.gov/Archives/edgar/data/320335/0000320335-19-000041.txt,VERIFIED_FROM_OFFICIAL_SEC_MASTER_INDEX,Sequential 10-Q/10-K under frozen H06 F5 rule
93,financials,31,GL,Globe Life,0000320335,F2,10-K,2020-02-27,0000320335-20-000008,https://www.sec.gov/Archives/edgar/data/320335/0000320335-20-000008.txt,VERIFIED_FROM_OFFICIAL_SEC_MASTER_INDEX,Sequential 10-Q/10-K under frozen H06 F5 rule
93,financials,31,GL,Globe Life,0000320335,F3,10-Q,2020-05-07,0000320335-20-000031,https://www.sec.gov/Archives/edgar/data/320335/0000320335-20-000031.txt,VERIFIED_FROM_OFFICIAL_SEC_MASTER_INDEX,Sequential 10-Q/10-K under frozen H06 F5 rule
93,financials,31,GL,Globe Life,0000320335,F4,10-Q,2020-08-06,0000320335-20-000039,https://www.sec.gov/Archives/edgar/data/320335/0000320335-20-000039.txt,VERIFIED_FROM_OFFICIAL_SEC_MASTER_INDEX,Sequential 10-Q/10-K under frozen H06 F5 rule
93,financials,31,GL,Globe Life,0000320335,F5,10-Q,2020-11-05,0000320335-20-000055,https://www.sec.gov/Archives/edgar/data/320335/0000320335-20-000055.txt,VERIFIED_FROM_OFFICIAL_SEC_MASTER_INDEX,Sequential 10-Q/10-K under frozen H06 F5 rule
94,financials,32,CFG,Citizens Financial Group,0000759944,F1,10-Q,2019-11-06,0000759944-19-000086,https://www.sec.gov/Archives/edgar/data/759944/0000759944-19-000086.txt,VERIFIED_FROM_OFFICIAL_SEC_MASTER_INDEX,Sequential 10-Q/10-K under frozen H06 F5 rule
94,financials,32,CFG,Citizens Financial Group,0000759944,F2,10-K,2020-02-24,0000759944-20-000030,https://www.sec.gov/Archives/edgar/data/759944/0000759944-20-000030.txt,VERIFIED_FROM_OFFICIAL_SEC_MASTER_INDEX,Sequential 10-Q/10-K under frozen H06 F5 rule
94,financials,32,CFG,Citizens Financial Group,0000759944,F3,10-Q,2020-05-07,0000759944-20-000066,https://www.sec.gov/Archives/edgar/data/759944/0000759944-20-000066.txt,VERIFIED_FROM_OFFICIAL_SEC_MASTER_INDEX,Sequential 10-Q/10-K under frozen H06 F5 rule
94,financials,32,CFG,Citizens Financial Group,0000759944,F4,10-Q,2020-08-06,0000759944-20-000082,https://www.sec.gov/Archives/edgar/data/759944/0000759944-20-000082.txt,VERIFIED_FROM_OFFICIAL_SEC_MASTER_INDEX,Sequential 10-Q/10-K under frozen H06 F5 rule
94,financials,32,CFG,Citizens Financial Group,0000759944,F5,10-Q,2020-11-04,0000759944-20-000099,https://www.sec.gov/Archives/edgar/data/759944/0000759944-20-000099.txt,VERIFIED_FROM_OFFICIAL_SEC_MASTER_INDEX,Sequential 10-Q/10-K under frozen H06 F5 rule
95,financials,33,PBCT,People's United Financial,0001378946,F1,10-Q,2019-11-12,0001628280-19-013934,https://www.sec.gov/Archives/edgar/data/1378946/0001628280-19-013934.txt,VERIFIED_FROM_OFFICIAL_SEC_MASTER_INDEX,Sequential 10-Q/10-K under frozen H06 F5 rule
95,financials,33,PBCT,People's United Financial,0001378946,F2,10-K,2020-03-02,0001628280-20-002693,https://www.sec.gov/Archives/edgar/data/1378946/0001628280-20-002693.txt,VERIFIED_FROM_OFFICIAL_SEC_MASTER_INDEX,Sequential 10-Q/10-K under frozen H06 F5 rule
95,financials,33,PBCT,People's United Financial,0001378946,F3,10-Q,2020-05-11,0001628280-20-007419,https://www.sec.gov/Archives/edgar/data/1378946/0001628280-20-007419.txt,VERIFIED_FROM_OFFICIAL_SEC_MASTER_INDEX,Sequential 10-Q/10-K under frozen H06 F5 rule
95,financials,33,PBCT,People's United Financial,0001378946,F4,10-Q,2020-08-10,0001628280-20-012315,https://www.sec.gov/Archives/edgar/data/1378946/0001628280-20-012315.txt,VERIFIED_FROM_OFFICIAL_SEC_MASTER_INDEX,Sequential 10-Q/10-K under frozen H06 F5 rule
95,financials,33,PBCT,People's United Financial,0001378946,F5,10-Q,2020-11-06,0001628280-20-015884,https://www.sec.gov/Archives/edgar/data/1378946/0001628280-20-015884.txt,VERIFIED_FROM_OFFICIAL_SEC_MASTER_INDEX,Sequential 10-Q/10-K under frozen H06 F5 rule
96,financials,34,RJF,Raymond James Financial,0000720005,F1,10-K,2019-11-26,0000720005-19-000086,https://www.sec.gov/Archives/edgar/data/720005/0000720005-19-000086.txt,VERIFIED_FROM_OFFICIAL_SEC_MASTER_INDEX,Sequential 10-Q/10-K under frozen H06 F5 rule
96,financials,34,RJF,Raymond James Financial,0000720005,F2,10-Q,2020-02-07,0000720005-20-000013,https://www.sec.gov/Archives/edgar/data/720005/0000720005-20-000013.txt,VERIFIED_FROM_OFFICIAL_SEC_MASTER_INDEX,Sequential 10-Q/10-K under frozen H06 F5 rule
96,financials,34,RJF,Raymond James Financial,0000720005,F3,10-Q,2020-05-08,0000720005-20-000029,https://www.sec.gov/Archives/edgar/data/720005/0000720005-20-000029.txt,VERIFIED_FROM_OFFICIAL_SEC_MASTER_INDEX,Sequential 10-Q/10-K under frozen H06 F5 rule
96,financials,34,RJF,Raymond James Financial,0000720005,F4,10-Q,2020-08-07,0000720005-20-000041,https://www.sec.gov/Archives/edgar/data/720005/0000720005-20-000041.txt,VERIFIED_FROM_OFFICIAL_SEC_MASTER_INDEX,Sequential 10-Q/10-K under frozen H06 F5 rule
96,financials,34,RJF,Raymond James Financial,0000720005,F5,10-K,2020-11-24,0000720005-20-000063,https://www.sec.gov/Archives/edgar/data/720005/0000720005-20-000063.txt,VERIFIED_FROM_OFFICIAL_SEC_MASTER_INDEX,Sequential 10-Q/10-K under frozen H06 F5 rule
97,financials,35,TROW,T. Rowe Price,0001113169,F1,10-Q,2019-10-24,0001113169-19-000027,https://www.sec.gov/Archives/edgar/data/1113169/0001113169-19-000027.txt,VERIFIED_FROM_OFFICIAL_SEC_MASTER_INDEX,Sequential 10-Q/10-K under frozen H06 F5 rule
97,financials,35,TROW,T. Rowe Price,0001113169,F2,10-K,2020-02-13,0001113169-20-000008,https://www.sec.gov/Archives/edgar/data/1113169/0001113169-20-000008.txt,VERIFIED_FROM_OFFICIAL_SEC_MASTER_INDEX,Sequential 10-Q/10-K under frozen H06 F5 rule
97,financials,35,TROW,T. Rowe Price,0001113169,F3,10-Q,2020-04-28,0001113169-20-000022,https://www.sec.gov/Archives/edgar/data/1113169/0001113169-20-000022.txt,VERIFIED_FROM_OFFICIAL_SEC_MASTER_INDEX,Sequential 10-Q/10-K under frozen H06 F5 rule
97,financials,35,TROW,T. Rowe Price,0001113169,F4,10-Q,2020-07-29,0001113169-20-000031,https://www.sec.gov/Archives/edgar/data/1113169/0001113169-20-000031.txt,VERIFIED_FROM_OFFICIAL_SEC_MASTER_INDEX,Sequential 10-Q/10-K under frozen H06 F5 rule
97,financials,35,TROW,T. Rowe Price,0001113169,F5,10-Q,2020-10-29,0001113169-20-000034,https://www.sec.gov/Archives/edgar/data/1113169/0001113169-20-000034.txt,VERIFIED_FROM_OFFICIAL_SEC_MASTER_INDEX,Sequential 10-Q/10-K under frozen H06 F5 rule
98,financials,36,NDAQ,Nasdaq Inc.,0001120193,F1,10-Q,2019-11-06,0001120193-19-000015,https://www.sec.gov/Archives/edgar/data/1120193/0001120193-19-000015.txt,VERIFIED_FROM_OFFICIAL_SEC_MASTER_INDEX,Sequential 10-Q/10-K under frozen H06 F5 rule
98,financials,36,NDAQ,Nasdaq Inc.,0001120193,F2,10-K,2020-02-25,0001120193-20-000004,https://www.sec.gov/Archives/edgar/data/1120193/0001120193-20-000004.txt,VERIFIED_FROM_OFFICIAL_SEC_MASTER_INDEX,Sequential 10-Q/10-K under frozen H06 F5 rule
98,financials,36,NDAQ,Nasdaq Inc.,0001120193,F3,10-Q,2020-05-06,0001120193-20-000007,https://www.sec.gov/Archives/edgar/data/1120193/0001120193-20-000007.txt,VERIFIED_FROM_OFFICIAL_SEC_MASTER_INDEX,Sequential 10-Q/10-K under frozen H06 F5 rule
98,financials,36,NDAQ,Nasdaq Inc.,0001120193,F4,10-Q,2020-08-05,0001120193-20-000015,https://www.sec.gov/Archives/edgar/data/1120193/0001120193-20-000015.txt,VERIFIED_FROM_OFFICIAL_SEC_MASTER_INDEX,Sequential 10-Q/10-K under frozen H06 F5 rule
98,financials,36,NDAQ,Nasdaq Inc.,0001120193,F5,10-Q,2020-11-04,0001120193-20-000021,https://www.sec.gov/Archives/edgar/data/1120193/0001120193-20-000021.txt,VERIFIED_FROM_OFFICIAL_SEC_MASTER_INDEX,Sequential 10-Q/10-K under frozen H06 F5 rule
99,health_care,1,DHR,Danaher Corporation,0000313616,F1,10-Q,2019-10-24,0000313616-19-000148,https://www.sec.gov/Archives/edgar/data/313616/0000313616-19-000148.txt,VERIFIED_FROM_OFFICIAL_SEC_MASTER_INDEX,Sequential 10-Q/10-K under frozen H06 F5 rule
99,health_care,1,DHR,Danaher Corporation,0000313616,F2,10-K,2020-02-21,0000313616-20-000041,https://www.sec.gov/Archives/edgar/data/313616/0000313616-20-000041.txt,VERIFIED_FROM_OFFICIAL_SEC_MASTER_INDEX,Sequential 10-Q/10-K under frozen H06 F5 rule
99,health_care,1,DHR,Danaher Corporation,0000313616,F3,10-Q,2020-05-06,0000313616-20-000093,https://www.sec.gov/Archives/edgar/data/313616/0000313616-20-000093.txt,VERIFIED_FROM_OFFICIAL_SEC_MASTER_INDEX,Sequential 10-Q/10-K under frozen H06 F5 rule
99,health_care,1,DHR,Danaher Corporation,0000313616,F4,10-Q,2020-07-23,0000313616-20-000120,https://www.sec.gov/Archives/edgar/data/313616/0000313616-20-000120.txt,VERIFIED_FROM_OFFICIAL_SEC_MASTER_INDEX,Sequential 10-Q/10-K under frozen H06 F5 rule
99,health_care,1,DHR,Danaher Corporation,0000313616,F5,10-Q,2020-10-22,0000313616-20-000142,https://www.sec.gov/Archives/edgar/data/313616/0000313616-20-000142.txt,VERIFIED_FROM_OFFICIAL_SEC_MASTER_INDEX,Sequential 10-Q/10-K under frozen H06 F5 rule
100,health_care,2,IQV,IQVIA,0001478242,F1,10-Q,2019-11-01,0001564590-19-039268,https://www.sec.gov/Archives/edgar/data/1478242/0001564590-19-039268.txt,VERIFIED_FROM_OFFICIAL_SEC_MASTER_INDEX,Sequential 10-Q/10-K under frozen H06 F5 rule
100,health_care,2,IQV,IQVIA,0001478242,F2,10-K,2020-02-18,0001564590-20-004901,https://www.sec.gov/Archives/edgar/data/1478242/0001564590-20-004901.txt,VERIFIED_FROM_OFFICIAL_SEC_MASTER_INDEX,Sequential 10-Q/10-K under frozen H06 F5 rule
100,health_care,2,IQV,IQVIA,0001478242,F3,10-Q,2020-04-30,0001478242-20-000029,https://www.sec.gov/Archives/edgar/data/1478242/0001478242-20-000029.txt,VERIFIED_FROM_OFFICIAL_SEC_MASTER_INDEX,Sequential 10-Q/10-K under frozen H06 F5 rule
100,health_care,2,IQV,IQVIA,0001478242,F4,10-Q,2020-07-23,0001478242-20-000047,https://www.sec.gov/Archives/edgar/data/1478242/0001478242-20-000047.txt,VERIFIED_FROM_OFFICIAL_SEC_MASTER_INDEX,Sequential 10-Q/10-K under frozen H06 F5 rule
100,health_care,2,IQV,IQVIA,0001478242,F5,10-Q,2020-10-22,0001478242-20-000075,https://www.sec.gov/Archives/edgar/data/1478242/0001478242-20-000075.txt,VERIFIED_FROM_OFFICIAL_SEC_MASTER_INDEX,Sequential 10-Q/10-K under frozen H06 F5 rule
101,health_care,3,ABMD,Abiomed,0000815094,F1,10-Q,2019-10-31,0001564590-19-039144,https://www.sec.gov/Archives/edgar/data/815094/0001564590-19-039144.txt,VERIFIED_FROM_OFFICIAL_SEC_MASTER_INDEX,Sequential 10-Q/10-K under frozen H06 F5 rule
101,health_care,3,ABMD,Abiomed,0000815094,F2,10-Q,2020-02-06,0001564590-20-003682,https://www.sec.gov/Archives/edgar/data/815094/0001564590-20-003682.txt,VERIFIED_FROM_OFFICIAL_SEC_MASTER_INDEX,Sequential 10-Q/10-K under frozen H06 F5 rule
101,health_care,3,ABMD,Abiomed,0000815094,F3,10-K,2020-05-21,0001564590-20-026547,https://www.sec.gov/Archives/edgar/data/815094/0001564590-20-026547.txt,VERIFIED_FROM_OFFICIAL_SEC_MASTER_INDEX,Sequential 10-Q/10-K under frozen H06 F5 rule
101,health_care,3,ABMD,Abiomed,0000815094,F4,10-Q,2020-08-06,0001564590-20-037706,https://www.sec.gov/Archives/edgar/data/815094/0001564590-20-037706.txt,VERIFIED_FROM_OFFICIAL_SEC_MASTER_INDEX,Sequential 10-Q/10-K under frozen H06 F5 rule
101,health_care,3,ABMD,Abiomed,0000815094,F5,10-Q,2020-11-06,0001564590-20-051944,https://www.sec.gov/Archives/edgar/data/815094/0001564590-20-051944.txt,VERIFIED_FROM_OFFICIAL_SEC_MASTER_INDEX,Sequential 10-Q/10-K under frozen H06 F5 rule
102,health_care,4,MDT,Medtronic,0001613103,F1,10-Q,2019-08-30,0001613103-19-000038,https://www.sec.gov/Archives/edgar/data/1613103/0001613103-19-000038.txt,VERIFIED_FROM_OFFICIAL_SEC_MASTER_INDEX,Sequential 10-Q/10-K under frozen H06 F5 rule
102,health_care,4,MDT,Medtronic,0001613103,F2,10-Q,2019-12-03,0001613103-19-000056,https://www.sec.gov/Archives/edgar/data/1613103/0001613103-19-000056.txt,VERIFIED_FROM_OFFICIAL_SEC_MASTER_INDEX,Sequential 10-Q/10-K under frozen H06 F5 rule
102,health_care,4,MDT,Medtronic,0001613103,F3,10-Q,2020-02-28,0001613103-20-000007,https://www.sec.gov/Archives/edgar/data/1613103/0001613103-20-000007.txt,VERIFIED_FROM_OFFICIAL_SEC_MASTER_INDEX,Sequential 10-Q/10-K under frozen H06 F5 rule
102,health_care,4,MDT,Medtronic,0001613103,F4,10-K,2020-06-19,0001613103-20-000021,https://www.sec.gov/Archives/edgar/data/1613103/0001613103-20-000021.txt,VERIFIED_FROM_OFFICIAL_SEC_MASTER_INDEX,Sequential 10-Q/10-K under frozen H06 F5 rule
102,health_care,4,MDT,Medtronic,0001613103,F5,10-Q,2020-09-03,0001613103-20-000033,https://www.sec.gov/Archives/edgar/data/1613103/0001613103-20-000033.txt,VERIFIED_FROM_OFFICIAL_SEC_MASTER_INDEX,Sequential 10-Q/10-K under frozen H06 F5 rule
103,health_care,5,MCK,McKesson Corporation,0000927653,F1,10-Q,2019-10-30,0000927653-19-000021,https://www.sec.gov/Archives/edgar/data/927653/0000927653-19-000021.txt,VERIFIED_FROM_OFFICIAL_SEC_MASTER_INDEX,Sequential 10-Q/10-K under frozen H06 F5 rule
103,health_care,5,MCK,McKesson Corporation,0000927653,F2,10-Q,2020-02-04,0000927653-20-000016,https://www.sec.gov/Archives/edgar/data/927653/0000927653-20-000016.txt,VERIFIED_FROM_OFFICIAL_SEC_MASTER_INDEX,Sequential 10-Q/10-K under frozen H06 F5 rule
103,health_care,5,MCK,McKesson Corporation,0000927653,F3,10-K,2020-05-22,0000927653-20-000033,https://www.sec.gov/Archives/edgar/data/927653/0000927653-20-000033.txt,VERIFIED_FROM_OFFICIAL_SEC_MASTER_INDEX,Sequential 10-Q/10-K under frozen H06 F5 rule
103,health_care,5,MCK,McKesson Corporation,0000927653,F4,10-Q,2020-08-03,0000927653-20-000061,https://www.sec.gov/Archives/edgar/data/927653/0000927653-20-000061.txt,VERIFIED_FROM_OFFICIAL_SEC_MASTER_INDEX,Sequential 10-Q/10-K under frozen H06 F5 rule
103,health_care,5,MCK,McKesson Corporation,0000927653,F5,10-Q,2020-11-03,0000927653-20-000093,https://www.sec.gov/Archives/edgar/data/927653/0000927653-20-000093.txt,VERIFIED_FROM_OFFICIAL_SEC_MASTER_INDEX,Sequential 10-Q/10-K under frozen H06 F5 rule
104,health_care,6,REGN,Regeneron Pharmaceuticals,0000872589,F1,10-Q,2019-11-05,0001532176-19-000034,https://www.sec.gov/Archives/edgar/data/872589/0001532176-19-000034.txt,VERIFIED_FROM_OFFICIAL_SEC_MASTER_INDEX,Sequential 10-Q/10-K under frozen H06 F5 rule
104,health_care,6,REGN,Regeneron Pharmaceuticals,0000872589,F2,10-K,2020-02-07,0001532176-20-000008,https://www.sec.gov/Archives/edgar/data/872589/0001532176-20-000008.txt,VERIFIED_FROM_OFFICIAL_SEC_MASTER_INDEX,Sequential 10-Q/10-K under frozen H06 F5 rule
104,health_care,6,REGN,Regeneron Pharmaceuticals,0000872589,F3,10-Q,2020-05-05,0001804220-20-000011,https://www.sec.gov/Archives/edgar/data/872589/0001804220-20-000011.txt,VERIFIED_FROM_OFFICIAL_SEC_MASTER_INDEX,Sequential 10-Q/10-K under frozen H06 F5 rule
104,health_care,6,REGN,Regeneron Pharmaceuticals,0000872589,F4,10-Q,2020-08-05,0001804220-20-000022,https://www.sec.gov/Archives/edgar/data/872589/0001804220-20-000022.txt,VERIFIED_FROM_OFFICIAL_SEC_MASTER_INDEX,Sequential 10-Q/10-K under frozen H06 F5 rule
104,health_care,6,REGN,Regeneron Pharmaceuticals,0000872589,F5,10-Q,2020-11-05,0001804220-20-000030,https://www.sec.gov/Archives/edgar/data/872589/0001804220-20-000030.txt,VERIFIED_FROM_OFFICIAL_SEC_MASTER_INDEX,Sequential 10-Q/10-K under frozen H06 F5 rule
105,health_care,7,ALGN,Align Technology,0001097149,F1,10-Q,2019-10-31,0001097149-19-000036,https://www.sec.gov/Archives/edgar/data/1097149/0001097149-19-000036.txt,VERIFIED_FROM_OFFICIAL_SEC_MASTER_INDEX,Sequential 10-Q/10-K under frozen H06 F5 rule
105,health_care,7,ALGN,Align Technology,0001097149,F2,10-K,2020-02-28,0001097149-20-000008,https://www.sec.gov/Archives/edgar/data/1097149/0001097149-20-000008.txt,VERIFIED_FROM_OFFICIAL_SEC_MASTER_INDEX,Sequential 10-Q/10-K under frozen H06 F5 rule
105,health_care,7,ALGN,Align Technology,0001097149,F3,10-Q,2020-05-05,0001097149-20-000025,https://www.sec.gov/Archives/edgar/data/1097149/0001097149-20-000025.txt,VERIFIED_FROM_OFFICIAL_SEC_MASTER_INDEX,Sequential 10-Q/10-K under frozen H06 F5 rule
105,health_care,7,ALGN,Align Technology,0001097149,F4,10-Q,2020-07-31,0001097149-20-000049,https://www.sec.gov/Archives/edgar/data/1097149/0001097149-20-000049.txt,VERIFIED_FROM_OFFICIAL_SEC_MASTER_INDEX,Sequential 10-Q/10-K under frozen H06 F5 rule
105,health_care,7,ALGN,Align Technology,0001097149,F5,10-Q,2020-10-30,0001097149-20-000052,https://www.sec.gov/Archives/edgar/data/1097149/0001097149-20-000052.txt,VERIFIED_FROM_OFFICIAL_SEC_MASTER_INDEX,Sequential 10-Q/10-K under frozen H06 F5 rule
106,health_care,8,ABBV,AbbVie,0001551152,F1,10-Q,2019-11-06,0001551152-19-000030,https://www.sec.gov/Archives/edgar/data/1551152/0001551152-19-000030.txt,VERIFIED_FROM_OFFICIAL_SEC_MASTER_INDEX,Sequential 10-Q/10-K under frozen H06 F5 rule
106,health_care,8,ABBV,AbbVie,0001551152,F2,10-K,2020-02-21,0001551152-20-000007,https://www.sec.gov/Archives/edgar/data/1551152/0001551152-20-000007.txt,VERIFIED_FROM_OFFICIAL_SEC_MASTER_INDEX,Sequential 10-Q/10-K under frozen H06 F5 rule
106,health_care,8,ABBV,AbbVie,0001551152,F3,10-Q,2020-05-08,0001551152-20-000015,https://www.sec.gov/Archives/edgar/data/1551152/0001551152-20-000015.txt,VERIFIED_FROM_OFFICIAL_SEC_MASTER_INDEX,Sequential 10-Q/10-K under frozen H06 F5 rule
106,health_care,8,ABBV,AbbVie,0001551152,F4,10-Q,2020-08-04,0001551152-20-000023,https://www.sec.gov/Archives/edgar/data/1551152/0001551152-20-000023.txt,VERIFIED_FROM_OFFICIAL_SEC_MASTER_INDEX,Sequential 10-Q/10-K under frozen H06 F5 rule
106,health_care,8,ABBV,AbbVie,0001551152,F5,10-Q,2020-11-04,0001551152-20-000032,https://www.sec.gov/Archives/edgar/data/1551152/0001551152-20-000032.txt,VERIFIED_FROM_OFFICIAL_SEC_MASTER_INDEX,Sequential 10-Q/10-K under frozen H06 F5 rule
107,health_care,9,BIO,Bio-Rad Laboratories,0000012208,F1,10-Q,2019-11-01,0001628280-19-013083,https://www.sec.gov/Archives/edgar/data/12208/0001628280-19-013083.txt,VERIFIED_FROM_OFFICIAL_SEC_MASTER_INDEX,Sequential 10-Q/10-K under frozen H06 F5 rule
107,health_care,9,BIO,Bio-Rad Laboratories,0000012208,F2,10-K,2020-03-02,0000012208-20-000012,https://www.sec.gov/Archives/edgar/data/12208/0000012208-20-000012.txt,VERIFIED_FROM_OFFICIAL_SEC_MASTER_INDEX,Sequential 10-Q/10-K under frozen H06 F5 rule
107,health_care,9,BIO,Bio-Rad Laboratories,0000012208,F3,10-Q,2020-05-08,0000012208-20-000022,https://www.sec.gov/Archives/edgar/data/12208/0000012208-20-000022.txt,VERIFIED_FROM_OFFICIAL_SEC_MASTER_INDEX,Sequential 10-Q/10-K under frozen H06 F5 rule
107,health_care,9,BIO,Bio-Rad Laboratories,0000012208,F4,10-Q,2020-07-31,0000012208-20-000039,https://www.sec.gov/Archives/edgar/data/12208/0000012208-20-000039.txt,VERIFIED_FROM_OFFICIAL_SEC_MASTER_INDEX,Sequential 10-Q/10-K under frozen H06 F5 rule
107,health_care,9,BIO,Bio-Rad Laboratories,0000012208,F5,10-Q,2020-10-30,0000012208-20-000055,https://www.sec.gov/Archives/edgar/data/12208/0000012208-20-000055.txt,VERIFIED_FROM_OFFICIAL_SEC_MASTER_INDEX,Sequential 10-Q/10-K under frozen H06 F5 rule
108,health_care,10,CI,Cigna,0001739940,F1,10-Q,2019-10-31,0001739940-19-000012,https://www.sec.gov/Archives/edgar/data/1739940/0001739940-19-000012.txt,VERIFIED_FROM_OFFICIAL_SEC_MASTER_INDEX,Sequential 10-Q/10-K under frozen H06 F5 rule
108,health_care,10,CI,Cigna,0001739940,F2,10-K,2020-02-27,0001739940-20-000006,https://www.sec.gov/Archives/edgar/data/1739940/0001739940-20-000006.txt,VERIFIED_FROM_OFFICIAL_SEC_MASTER_INDEX,Sequential 10-Q/10-K under frozen H06 F5 rule
108,health_care,10,CI,Cigna,0001739940,F3,10-Q,2020-05-07,0001739940-20-000012,https://www.sec.gov/Archives/edgar/data/1739940/0001739940-20-000012.txt,VERIFIED_FROM_OFFICIAL_SEC_MASTER_INDEX,Sequential 10-Q/10-K under frozen H06 F5 rule
108,health_care,10,CI,Cigna,0001739940,F4,10-Q,2020-08-06,0001739940-20-000017,https://www.sec.gov/Archives/edgar/data/1739940/0001739940-20-000017.txt,VERIFIED_FROM_OFFICIAL_SEC_MASTER_INDEX,Sequential 10-Q/10-K under frozen H06 F5 rule
108,health_care,10,CI,Cigna,0001739940,F5,10-Q,2020-11-05,0001739940-20-000021,https://www.sec.gov/Archives/edgar/data/1739940/0001739940-20-000021.txt,VERIFIED_FROM_OFFICIAL_SEC_MASTER_INDEX,Sequential 10-Q/10-K under frozen H06 F5 rule
109,health_care,11,VAR,Varian Medical Systems,0000203527,F1,10-K,2019-11-25,0000203527-19-000025,https://www.sec.gov/Archives/edgar/data/203527/0000203527-19-000025.txt,VERIFIED_FROM_OFFICIAL_SEC_MASTER_INDEX,Sequential 10-Q/10-K under frozen H06 F5 rule
109,health_care,11,VAR,Varian Medical Systems,0000203527,F2,10-Q,2020-02-11,0000203527-20-000008,https://www.sec.gov/Archives/edgar/data/203527/0000203527-20-000008.txt,VERIFIED_FROM_OFFICIAL_SEC_MASTER_INDEX,Sequential 10-Q/10-K under frozen H06 F5 rule
109,health_care,11,VAR,Varian Medical Systems,0000203527,F3,10-Q,2020-05-12,0000203527-20-000015,https://www.sec.gov/Archives/edgar/data/203527/0000203527-20-000015.txt,VERIFIED_FROM_OFFICIAL_SEC_MASTER_INDEX,Sequential 10-Q/10-K under frozen H06 F5 rule
109,health_care,11,VAR,Varian Medical Systems,0000203527,F4,10-Q,2020-08-11,0000203527-20-000016,https://www.sec.gov/Archives/edgar/data/203527/0000203527-20-000016.txt,VERIFIED_FROM_OFFICIAL_SEC_MASTER_INDEX,Sequential 10-Q/10-K under frozen H06 F5 rule
109,health_care,11,VAR,Varian Medical Systems,0000203527,F5,10-K,2020-11-25,0000203527-20-000027,https://www.sec.gov/Archives/edgar/data/203527/0000203527-20-000027.txt,VERIFIED_FROM_OFFICIAL_SEC_MASTER_INDEX,Sequential 10-Q/10-K under frozen H06 F5 rule
110,health_care,12,RMD,ResMed,0000943819,F1,10-Q,2019-10-25,0000943819-19-000029,https://www.sec.gov/Archives/edgar/data/943819/0000943819-19-000029.txt,VERIFIED_FROM_OFFICIAL_SEC_MASTER_INDEX,Sequential 10-Q/10-K under frozen H06 F5 rule
110,health_care,12,RMD,ResMed,0000943819,F2,10-Q,2020-01-31,0000943819-20-000003,https://www.sec.gov/Archives/edgar/data/943819/0000943819-20-000003.txt,VERIFIED_FROM_OFFICIAL_SEC_MASTER_INDEX,Sequential 10-Q/10-K under frozen H06 F5 rule
110,health_care,12,RMD,ResMed,0000943819,F3,10-Q,2020-05-01,0000943819-20-000008,https://www.sec.gov/Archives/edgar/data/943819/0000943819-20-000008.txt,VERIFIED_FROM_OFFICIAL_SEC_MASTER_INDEX,Sequential 10-Q/10-K under frozen H06 F5 rule
110,health_care,12,RMD,ResMed,0000943819,F4,10-K,2020-08-13,0000943819-20-000013,https://www.sec.gov/Archives/edgar/data/943819/0000943819-20-000013.txt,VERIFIED_FROM_OFFICIAL_SEC_MASTER_INDEX,Sequential 10-Q/10-K under frozen H06 F5 rule
110,health_care,12,RMD,ResMed,0000943819,F5,10-Q,2020-10-30,0000943819-20-000024,https://www.sec.gov/Archives/edgar/data/943819/0000943819-20-000024.txt,VERIFIED_FROM_OFFICIAL_SEC_MASTER_INDEX,Sequential 10-Q/10-K under frozen H06 F5 rule
111,health_care,13,PKI,PerkinElmer,0000031791,F1,10-Q,2019-11-05,0000031791-19-000014,https://www.sec.gov/Archives/edgar/data/31791/0000031791-19-000014.txt,VERIFIED_FROM_OFFICIAL_SEC_MASTER_INDEX,Sequential 10-Q/10-K under frozen H06 F5 rule
111,health_care,13,PKI,PerkinElmer,0000031791,F2,10-K,2020-02-25,0000031791-20-000003,https://www.sec.gov/Archives/edgar/data/31791/0000031791-20-000003.txt,VERIFIED_FROM_OFFICIAL_SEC_MASTER_INDEX,Sequential 10-Q/10-K under frozen H06 F5 rule
111,health_care,13,PKI,PerkinElmer,0000031791,F3,10-Q,2020-05-12,0000031791-20-000006,https://www.sec.gov/Archives/edgar/data/31791/0000031791-20-000006.txt,VERIFIED_FROM_OFFICIAL_SEC_MASTER_INDEX,Sequential 10-Q/10-K under frozen H06 F5 rule
111,health_care,13,PKI,PerkinElmer,0000031791,F4,10-Q,2020-08-11,0001628280-20-012418,https://www.sec.gov/Archives/edgar/data/31791/0001628280-20-012418.txt,VERIFIED_FROM_OFFICIAL_SEC_MASTER_INDEX,Sequential 10-Q/10-K under frozen H06 F5 rule
111,health_care,13,PKI,PerkinElmer,0000031791,F5,10-Q,2020-11-10,0000031791-20-000010,https://www.sec.gov/Archives/edgar/data/31791/0000031791-20-000010.txt,VERIFIED_FROM_OFFICIAL_SEC_MASTER_INDEX,Sequential 10-Q/10-K under frozen H06 F5 rule
112,health_care,14,PFE,Pfizer,0000078003,F1,10-Q,2019-11-07,0000078003-19-000082,https://www.sec.gov/Archives/edgar/data/78003/0000078003-19-000082.txt,VERIFIED_FROM_OFFICIAL_SEC_MASTER_INDEX,Sequential 10-Q/10-K under frozen H06 F5 rule
112,health_care,14,PFE,Pfizer,0000078003,F2,10-K,2020-02-27,0000078003-20-000014,https://www.sec.gov/Archives/edgar/data/78003/0000078003-20-000014.txt,VERIFIED_FROM_OFFICIAL_SEC_MASTER_INDEX,Sequential 10-Q/10-K under frozen H06 F5 rule
112,health_care,14,PFE,Pfizer,0000078003,F3,10-Q,2020-05-07,0000078003-20-000037,https://www.sec.gov/Archives/edgar/data/78003/0000078003-20-000037.txt,VERIFIED_FROM_OFFICIAL_SEC_MASTER_INDEX,Sequential 10-Q/10-K under frozen H06 F5 rule
112,health_care,14,PFE,Pfizer,0000078003,F4,10-Q,2020-08-06,0000078003-20-000060,https://www.sec.gov/Archives/edgar/data/78003/0000078003-20-000060.txt,VERIFIED_FROM_OFFICIAL_SEC_MASTER_INDEX,Sequential 10-Q/10-K under frozen H06 F5 rule
112,health_care,14,PFE,Pfizer,0000078003,F5,10-Q,2020-11-05,0000078003-20-000070,https://www.sec.gov/Archives/edgar/data/78003/0000078003-20-000070.txt,VERIFIED_FROM_OFFICIAL_SEC_MASTER_INDEX,Sequential 10-Q/10-K under frozen H06 F5 rule
113,health_care,15,BDX,Becton Dickinson,0000010795,F1,10-K,2019-11-27,0000010795-19-000044,https://www.sec.gov/Archives/edgar/data/10795/0000010795-19-000044.txt,VERIFIED_FROM_OFFICIAL_SEC_MASTER_INDEX,Sequential 10-Q/10-K under frozen H06 F5 rule
113,health_care,15,BDX,Becton Dickinson,0000010795,F2,10-Q,2020-02-06,0000010795-20-000010,https://www.sec.gov/Archives/edgar/data/10795/0000010795-20-000010.txt,VERIFIED_FROM_OFFICIAL_SEC_MASTER_INDEX,Sequential 10-Q/10-K under frozen H06 F5 rule
113,health_care,15,BDX,Becton Dickinson,0000010795,F3,10-Q,2020-05-07,0000010795-20-000019,https://www.sec.gov/Archives/edgar/data/10795/0000010795-20-000019.txt,VERIFIED_FROM_OFFICIAL_SEC_MASTER_INDEX,Sequential 10-Q/10-K under frozen H06 F5 rule
113,health_care,15,BDX,Becton Dickinson,0000010795,F4,10-Q,2020-08-06,0000010795-20-000027,https://www.sec.gov/Archives/edgar/data/10795/0000010795-20-000027.txt,VERIFIED_FROM_OFFICIAL_SEC_MASTER_INDEX,Sequential 10-Q/10-K under frozen H06 F5 rule
113,health_care,15,BDX,Becton Dickinson,0000010795,F5,10-K,2020-11-25,0000010795-20-000055,https://www.sec.gov/Archives/edgar/data/10795/0000010795-20-000055.txt,VERIFIED_FROM_OFFICIAL_SEC_MASTER_INDEX,Sequential 10-Q/10-K under frozen H06 F5 rule
114,health_care,16,ZTS,Zoetis,0001555280,F1,10-Q,2019-11-07,0001555280-19-000270,https://www.sec.gov/Archives/edgar/data/1555280/0001555280-19-000270.txt,VERIFIED_FROM_OFFICIAL_SEC_MASTER_INDEX,Sequential 10-Q/10-K under frozen H06 F5 rule
114,health_care,16,ZTS,Zoetis,0001555280,F2,10-K,2020-02-13,0001555280-20-000054,https://www.sec.gov/Archives/edgar/data/1555280/0001555280-20-000054.txt,VERIFIED_FROM_OFFICIAL_SEC_MASTER_INDEX,Sequential 10-Q/10-K under frozen H06 F5 rule
114,health_care,16,ZTS,Zoetis,0001555280,F3,10-Q,2020-05-06,0001555280-20-000199,https://www.sec.gov/Archives/edgar/data/1555280/0001555280-20-000199.txt,VERIFIED_FROM_OFFICIAL_SEC_MASTER_INDEX,Sequential 10-Q/10-K under frozen H06 F5 rule
114,health_care,16,ZTS,Zoetis,0001555280,F4,10-Q,2020-08-06,0001555280-20-000261,https://www.sec.gov/Archives/edgar/data/1555280/0001555280-20-000261.txt,VERIFIED_FROM_OFFICIAL_SEC_MASTER_INDEX,Sequential 10-Q/10-K under frozen H06 F5 rule
114,health_care,16,ZTS,Zoetis,0001555280,F5,10-Q,2020-11-05,0001555280-20-000316,https://www.sec.gov/Archives/edgar/data/1555280/0001555280-20-000316.txt,VERIFIED_FROM_OFFICIAL_SEC_MASTER_INDEX,Sequential 10-Q/10-K under frozen H06 F5 rule
115,health_care,17,CVS,CVS Health,0000064803,F1,10-Q,2019-11-06,0000064803-19-000049,https://www.sec.gov/Archives/edgar/data/64803/0000064803-19-000049.txt,VERIFIED_FROM_OFFICIAL_SEC_MASTER_INDEX,Sequential 10-Q/10-K under frozen H06 F5 rule
115,health_care,17,CVS,CVS Health,0000064803,F2,10-K,2020-02-18,0000064803-20-000007,https://www.sec.gov/Archives/edgar/data/64803/0000064803-20-000007.txt,VERIFIED_FROM_OFFICIAL_SEC_MASTER_INDEX,Sequential 10-Q/10-K under frozen H06 F5 rule
115,health_care,17,CVS,CVS Health,0000064803,F3,10-Q,2020-05-06,0000064803-20-000015,https://www.sec.gov/Archives/edgar/data/64803/0000064803-20-000015.txt,VERIFIED_FROM_OFFICIAL_SEC_MASTER_INDEX,Sequential 10-Q/10-K under frozen H06 F5 rule
115,health_care,17,CVS,CVS Health,0000064803,F4,10-Q,2020-08-05,0000064803-20-000030,https://www.sec.gov/Archives/edgar/data/64803/0000064803-20-000030.txt,VERIFIED_FROM_OFFICIAL_SEC_MASTER_INDEX,Sequential 10-Q/10-K under frozen H06 F5 rule
115,health_care,17,CVS,CVS Health,0000064803,F5,10-Q,2020-11-06,0000064803-20-000041,https://www.sec.gov/Archives/edgar/data/64803/0000064803-20-000041.txt,VERIFIED_FROM_OFFICIAL_SEC_MASTER_INDEX,Sequential 10-Q/10-K under frozen H06 F5 rule
116,health_care,18,LH,Labcorp,0000920148,F1,10-Q,2019-10-31,0000920148-19-000092,https://www.sec.gov/Archives/edgar/data/920148/0000920148-19-000092.txt,VERIFIED_FROM_OFFICIAL_SEC_MASTER_INDEX,Sequential 10-Q/10-K under frozen H06 F5 rule
116,health_care,18,LH,Labcorp,0000920148,F2,10-K,2020-02-28,0000920148-20-000011,https://www.sec.gov/Archives/edgar/data/920148/0000920148-20-000011.txt,VERIFIED_FROM_OFFICIAL_SEC_MASTER_INDEX,Sequential 10-Q/10-K under frozen H06 F5 rule
116,health_care,18,LH,Labcorp,0000920148,F3,10-Q,2020-05-08,0000920148-20-000029,https://www.sec.gov/Archives/edgar/data/920148/0000920148-20-000029.txt,VERIFIED_FROM_OFFICIAL_SEC_MASTER_INDEX,Sequential 10-Q/10-K under frozen H06 F5 rule
116,health_care,18,LH,Labcorp,0000920148,F4,10-Q,2020-07-31,0000920148-20-000043,https://www.sec.gov/Archives/edgar/data/920148/0000920148-20-000043.txt,VERIFIED_FROM_OFFICIAL_SEC_MASTER_INDEX,Sequential 10-Q/10-K under frozen H06 F5 rule
116,health_care,18,LH,Labcorp,0000920148,F5,10-Q,2020-10-29,0000920148-20-000058,https://www.sec.gov/Archives/edgar/data/920148/0000920148-20-000058.txt,VERIFIED_FROM_OFFICIAL_SEC_MASTER_INDEX,Sequential 10-Q/10-K under frozen H06 F5 rule
117,health_care,19,HUM,Humana,0000049071,F1,10-Q,2019-11-06,0000049071-19-000105,https://www.sec.gov/Archives/edgar/data/49071/0000049071-19-000105.txt,VERIFIED_FROM_OFFICIAL_SEC_MASTER_INDEX,Sequential 10-Q/10-K under frozen H06 F5 rule
117,health_care,19,HUM,Humana,0000049071,F2,10-K,2020-02-20,0000049071-20-000032,https://www.sec.gov/Archives/edgar/data/49071/0000049071-20-000032.txt,VERIFIED_FROM_OFFICIAL_SEC_MASTER_INDEX,Sequential 10-Q/10-K under frozen H06 F5 rule
117,health_care,19,HUM,Humana,0000049071,F3,10-Q,2020-04-29,0000049071-20-000083,https://www.sec.gov/Archives/edgar/data/49071/0000049071-20-000083.txt,VERIFIED_FROM_OFFICIAL_SEC_MASTER_INDEX,Sequential 10-Q/10-K under frozen H06 F5 rule
117,health_care,19,HUM,Humana,0000049071,F4,10-Q,2020-08-05,0000049071-20-000106,https://www.sec.gov/Archives/edgar/data/49071/0000049071-20-000106.txt,VERIFIED_FROM_OFFICIAL_SEC_MASTER_INDEX,Sequential 10-Q/10-K under frozen H06 F5 rule
117,health_care,19,HUM,Humana,0000049071,F5,10-Q,2020-11-03,0000049071-20-000135,https://www.sec.gov/Archives/edgar/data/49071/0000049071-20-000135.txt,VERIFIED_FROM_OFFICIAL_SEC_MASTER_INDEX,Sequential 10-Q/10-K under frozen H06 F5 rule
118,health_care,20,ALXN,Alexion Pharmaceuticals,0000899866,F1,10-Q,2019-10-23,0000899866-19-000099,https://www.sec.gov/Archives/edgar/data/899866/0000899866-19-000099.txt,VERIFIED_FROM_OFFICIAL_SEC_MASTER_INDEX,Sequential 10-Q/10-K under frozen H06 F5 rule
118,health_care,20,ALXN,Alexion Pharmaceuticals,0000899866,F2,10-K,2020-02-04,0000899866-20-000012,https://www.sec.gov/Archives/edgar/data/899866/0000899866-20-000012.txt,VERIFIED_FROM_OFFICIAL_SEC_MASTER_INDEX,Sequential 10-Q/10-K under frozen H06 F5 rule
118,health_care,20,ALXN,Alexion Pharmaceuticals,0000899866,F3,10-Q,2020-05-06,0000899866-20-000042,https://www.sec.gov/Archives/edgar/data/899866/0000899866-20-000042.txt,VERIFIED_FROM_OFFICIAL_SEC_MASTER_INDEX,Sequential 10-Q/10-K under frozen H06 F5 rule
118,health_care,20,ALXN,Alexion Pharmaceuticals,0000899866,F4,10-Q,2020-07-30,0000899866-20-000074,https://www.sec.gov/Archives/edgar/data/899866/0000899866-20-000074.txt,VERIFIED_FROM_OFFICIAL_SEC_MASTER_INDEX,Sequential 10-Q/10-K under frozen H06 F5 rule
118,health_care,20,ALXN,Alexion Pharmaceuticals,0000899866,F5,10-Q,2020-10-29,0000899866-20-000088,https://www.sec.gov/Archives/edgar/data/899866/0000899866-20-000088.txt,VERIFIED_FROM_OFFICIAL_SEC_MASTER_INDEX,Sequential 10-Q/10-K under frozen H06 F5 rule
119,health_care,21,UNH,UnitedHealth Group,0000731766,F1,10-Q,2019-11-06,0000731766-19-000034,https://www.sec.gov/Archives/edgar/data/731766/0000731766-19-000034.txt,VERIFIED_FROM_OFFICIAL_SEC_MASTER_INDEX,Sequential 10-Q/10-K under frozen H06 F5 rule
119,health_care,21,UNH,UnitedHealth Group,0000731766,F2,10-K,2020-02-14,0000731766-20-000006,https://www.sec.gov/Archives/edgar/data/731766/0000731766-20-000006.txt,VERIFIED_FROM_OFFICIAL_SEC_MASTER_INDEX,Sequential 10-Q/10-K under frozen H06 F5 rule
119,health_care,21,UNH,UnitedHealth Group,0000731766,F3,10-Q,2020-05-06,0000731766-20-000026,https://www.sec.gov/Archives/edgar/data/731766/0000731766-20-000026.txt,VERIFIED_FROM_OFFICIAL_SEC_MASTER_INDEX,Sequential 10-Q/10-K under frozen H06 F5 rule
119,health_care,21,UNH,UnitedHealth Group,0000731766,F4,10-Q,2020-08-03,0000731766-20-000042,https://www.sec.gov/Archives/edgar/data/731766/0000731766-20-000042.txt,VERIFIED_FROM_OFFICIAL_SEC_MASTER_INDEX,Sequential 10-Q/10-K under frozen H06 F5 rule
119,health_care,21,UNH,UnitedHealth Group,0000731766,F5,10-Q,2020-11-02,0000731766-20-000049,https://www.sec.gov/Archives/edgar/data/731766/0000731766-20-000049.txt,VERIFIED_FROM_OFFICIAL_SEC_MASTER_INDEX,Sequential 10-Q/10-K under frozen H06 F5 rule
120,health_care,22,COO,Cooper Companies,0000711404,F1,10-Q,2019-08-30,0000711404-19-000039,https://www.sec.gov/Archives/edgar/data/711404/0000711404-19-000039.txt,VERIFIED_FROM_OFFICIAL_SEC_MASTER_INDEX,Sequential 10-Q/10-K under frozen H06 F5 rule
120,health_care,22,COO,Cooper Companies,0000711404,F2,10-K,2019-12-20,0000711404-19-000051,https://www.sec.gov/Archives/edgar/data/711404/0000711404-19-000051.txt,VERIFIED_FROM_OFFICIAL_SEC_MASTER_INDEX,Sequential 10-Q/10-K under frozen H06 F5 rule
120,health_care,22,COO,Cooper Companies,0000711404,F3,10-Q,2020-03-06,0000711404-20-000011,https://www.sec.gov/Archives/edgar/data/711404/0000711404-20-000011.txt,VERIFIED_FROM_OFFICIAL_SEC_MASTER_INDEX,Sequential 10-Q/10-K under frozen H06 F5 rule
120,health_care,22,COO,Cooper Companies,0000711404,F4,10-Q,2020-06-05,0000711404-20-000021,https://www.sec.gov/Archives/edgar/data/711404/0000711404-20-000021.txt,VERIFIED_FROM_OFFICIAL_SEC_MASTER_INDEX,Sequential 10-Q/10-K under frozen H06 F5 rule
120,health_care,22,COO,Cooper Companies,0000711404,F5,10-Q,2020-09-04,0000711404-20-000032,https://www.sec.gov/Archives/edgar/data/711404/0000711404-20-000032.txt,VERIFIED_FROM_OFFICIAL_SEC_MASTER_INDEX,Sequential 10-Q/10-K under frozen H06 F5 rule
121,health_care,23,EW,Edwards Lifesciences,0001099800,F1,10-Q,2019-10-25,0001099800-19-000024,https://www.sec.gov/Archives/edgar/data/1099800/0001099800-19-000024.txt,VERIFIED_FROM_OFFICIAL_SEC_MASTER_INDEX,Sequential 10-Q/10-K under frozen H06 F5 rule
121,health_care,23,EW,Edwards Lifesciences,0001099800,F2,10-K,2020-02-14,0001099800-20-000005,https://www.sec.gov/Archives/edgar/data/1099800/0001099800-20-000005.txt,VERIFIED_FROM_OFFICIAL_SEC_MASTER_INDEX,Sequential 10-Q/10-K under frozen H06 F5 rule
121,health_care,23,EW,Edwards Lifesciences,0001099800,F3,10-Q,2020-04-28,0001099800-20-000009,https://www.sec.gov/Archives/edgar/data/1099800/0001099800-20-000009.txt,VERIFIED_FROM_OFFICIAL_SEC_MASTER_INDEX,Sequential 10-Q/10-K under frozen H06 F5 rule
121,health_care,23,EW,Edwards Lifesciences,0001099800,F4,10-Q,2020-07-27,0001099800-20-000019,https://www.sec.gov/Archives/edgar/data/1099800/0001099800-20-000019.txt,VERIFIED_FROM_OFFICIAL_SEC_MASTER_INDEX,Sequential 10-Q/10-K under frozen H06 F5 rule
121,health_care,23,EW,Edwards Lifesciences,0001099800,F5,10-Q,2020-10-26,0001099800-20-000024,https://www.sec.gov/Archives/edgar/data/1099800/0001099800-20-000024.txt,VERIFIED_FROM_OFFICIAL_SEC_MASTER_INDEX,Sequential 10-Q/10-K under frozen H06 F5 rule
122,health_care,24,ABC,AmerisourceBergen,0001140859,F1,10-K,2019-11-19,0001140859-19-000040,https://www.sec.gov/Archives/edgar/data/1140859/0001140859-19-000040.txt,VERIFIED_FROM_OFFICIAL_SEC_MASTER_INDEX,Sequential 10-Q/10-K under frozen H06 F5 rule
122,health_care,24,ABC,AmerisourceBergen,0001140859,F2,10-Q,2020-01-30,0001140859-20-000008,https://www.sec.gov/Archives/edgar/data/1140859/0001140859-20-000008.txt,VERIFIED_FROM_OFFICIAL_SEC_MASTER_INDEX,Sequential 10-Q/10-K under frozen H06 F5 rule
122,health_care,24,ABC,AmerisourceBergen,0001140859,F3,10-Q,2020-05-07,0001140859-20-000022,https://www.sec.gov/Archives/edgar/data/1140859/0001140859-20-000022.txt,VERIFIED_FROM_OFFICIAL_SEC_MASTER_INDEX,Sequential 10-Q/10-K under frozen H06 F5 rule
122,health_care,24,ABC,AmerisourceBergen,0001140859,F4,10-Q,2020-08-05,0001140859-20-000035,https://www.sec.gov/Archives/edgar/data/1140859/0001140859-20-000035.txt,VERIFIED_FROM_OFFICIAL_SEC_MASTER_INDEX,Sequential 10-Q/10-K under frozen H06 F5 rule
122,health_care,24,ABC,AmerisourceBergen,0001140859,F5,10-K,2020-11-19,0001140859-20-000050,https://www.sec.gov/Archives/edgar/data/1140859/0001140859-20-000050.txt,VERIFIED_FROM_OFFICIAL_SEC_MASTER_INDEX,Sequential 10-Q/10-K under frozen H06 F5 rule
123,health_care,25,HOLX,Hologic,0000859737,F1,10-K,2019-11-27,0000859737-19-000026,https://www.sec.gov/Archives/edgar/data/859737/0000859737-19-000026.txt,VERIFIED_FROM_OFFICIAL_SEC_MASTER_INDEX,Sequential 10-Q/10-K under frozen H06 F5 rule
123,health_care,25,HOLX,Hologic,0000859737,F2,10-Q,2020-01-29,0000859737-20-000007,https://www.sec.gov/Archives/edgar/data/859737/0000859737-20-000007.txt,VERIFIED_FROM_OFFICIAL_SEC_MASTER_INDEX,Sequential 10-Q/10-K under frozen H06 F5 rule
123,health_care,25,HOLX,Hologic,0000859737,F3,10-Q,2020-04-29,0000859737-20-000018,https://www.sec.gov/Archives/edgar/data/859737/0000859737-20-000018.txt,VERIFIED_FROM_OFFICIAL_SEC_MASTER_INDEX,Sequential 10-Q/10-K under frozen H06 F5 rule
123,health_care,25,HOLX,Hologic,0000859737,F4,10-Q,2020-07-29,0000859737-20-000028,https://www.sec.gov/Archives/edgar/data/859737/0000859737-20-000028.txt,VERIFIED_FROM_OFFICIAL_SEC_MASTER_INDEX,Sequential 10-Q/10-K under frozen H06 F5 rule
123,health_care,25,HOLX,Hologic,0000859737,F5,10-K,2020-11-17,0000859737-20-000039,https://www.sec.gov/Archives/edgar/data/859737/0000859737-20-000039.txt,VERIFIED_FROM_OFFICIAL_SEC_MASTER_INDEX,Sequential 10-Q/10-K under frozen H06 F5 rule
124,health_care,26,ANTM,Anthem,0001156039,F1,10-Q,2019-10-23,0001156039-19-000016,https://www.sec.gov/Archives/edgar/data/1156039/0001156039-19-000016.txt,VERIFIED_FROM_OFFICIAL_SEC_MASTER_INDEX,Sequential 10-Q/10-K under frozen H06 F5 rule
124,health_care,26,ANTM,Anthem,0001156039,F2,10-K,2020-02-19,0001156039-20-000003,https://www.sec.gov/Archives/edgar/data/1156039/0001156039-20-000003.txt,VERIFIED_FROM_OFFICIAL_SEC_MASTER_INDEX,Sequential 10-Q/10-K under frozen H06 F5 rule
124,health_care,26,ANTM,Anthem,0001156039,F3,10-Q,2020-04-29,0001156039-20-000028,https://www.sec.gov/Archives/edgar/data/1156039/0001156039-20-000028.txt,VERIFIED_FROM_OFFICIAL_SEC_MASTER_INDEX,Sequential 10-Q/10-K under frozen H06 F5 rule
124,health_care,26,ANTM,Anthem,0001156039,F4,10-Q,2020-07-29,0001156039-20-000070,https://www.sec.gov/Archives/edgar/data/1156039/0001156039-20-000070.txt,VERIFIED_FROM_OFFICIAL_SEC_MASTER_INDEX,Sequential 10-Q/10-K under frozen H06 F5 rule
124,health_care,26,ANTM,Anthem,0001156039,F5,10-Q,2020-10-28,0001156039-20-000089,https://www.sec.gov/Archives/edgar/data/1156039/0001156039-20-000089.txt,VERIFIED_FROM_OFFICIAL_SEC_MASTER_INDEX,Sequential 10-Q/10-K under frozen H06 F5 rule
125,health_care,27,TFX,Teleflex,0000096943,F1,10-Q,2019-10-31,0000096943-19-000177,https://www.sec.gov/Archives/edgar/data/96943/0000096943-19-000177.txt,VERIFIED_FROM_OFFICIAL_SEC_MASTER_INDEX,Sequential 10-Q/10-K under frozen H06 F5 rule
125,health_care,27,TFX,Teleflex,0000096943,F2,10-K,2020-02-21,0000096943-20-000017,https://www.sec.gov/Archives/edgar/data/96943/0000096943-20-000017.txt,VERIFIED_FROM_OFFICIAL_SEC_MASTER_INDEX,Sequential 10-Q/10-K under frozen H06 F5 rule
125,health_care,27,TFX,Teleflex,0000096943,F3,10-Q,2020-04-30,0000096943-20-000053,https://www.sec.gov/Archives/edgar/data/96943/0000096943-20-000053.txt,VERIFIED_FROM_OFFICIAL_SEC_MASTER_INDEX,Sequential 10-Q/10-K under frozen H06 F5 rule
125,health_care,27,TFX,Teleflex,0000096943,F4,10-Q,2020-07-30,0000096943-20-000097,https://www.sec.gov/Archives/edgar/data/96943/0000096943-20-000097.txt,VERIFIED_FROM_OFFICIAL_SEC_MASTER_INDEX,Sequential 10-Q/10-K under frozen H06 F5 rule
125,health_care,27,TFX,Teleflex,0000096943,F5,10-Q,2020-10-29,0000096943-20-000113,https://www.sec.gov/Archives/edgar/data/96943/0000096943-20-000113.txt,VERIFIED_FROM_OFFICIAL_SEC_MASTER_INDEX,Sequential 10-Q/10-K under frozen H06 F5 rule
126,health_care,29,ABT,Abbott Laboratories,0000001800,F1,10-Q,2019-10-31,0001104659-19-058323,https://www.sec.gov/Archives/edgar/data/1800/0001104659-19-058323.txt,VERIFIED_FROM_OFFICIAL_SEC_MASTER_INDEX,Sequential 10-Q/10-K under frozen H06 F5 rule
126,health_care,29,ABT,Abbott Laboratories,0000001800,F2,10-K,2020-02-21,0001104659-20-023904,https://www.sec.gov/Archives/edgar/data/1800/0001104659-20-023904.txt,VERIFIED_FROM_OFFICIAL_SEC_MASTER_INDEX,Sequential 10-Q/10-K under frozen H06 F5 rule
126,health_care,29,ABT,Abbott Laboratories,0000001800,F3,10-Q,2020-04-29,0001104659-20-053384,https://www.sec.gov/Archives/edgar/data/1800/0001104659-20-053384.txt,VERIFIED_FROM_OFFICIAL_SEC_MASTER_INDEX,Sequential 10-Q/10-K under frozen H06 F5 rule
126,health_care,29,ABT,Abbott Laboratories,0000001800,F4,10-Q,2020-07-29,0001104659-20-087850,https://www.sec.gov/Archives/edgar/data/1800/0001104659-20-087850.txt,VERIFIED_FROM_OFFICIAL_SEC_MASTER_INDEX,Sequential 10-Q/10-K under frozen H06 F5 rule
126,health_care,29,ABT,Abbott Laboratories,0000001800,F5,10-Q,2020-11-04,0001104659-20-121336,https://www.sec.gov/Archives/edgar/data/1800/0001104659-20-121336.txt,VERIFIED_FROM_OFFICIAL_SEC_MASTER_INDEX,Sequential 10-Q/10-K under frozen H06 F5 rule
127,industrials,1,IR,Ingersoll Rand,0001699150,F1,10-Q,2019-10-30,0001140361-19-019437,https://www.sec.gov/Archives/edgar/data/1699150/0001140361-19-019437.txt,VERIFIED_FROM_OFFICIAL_SEC_MASTER_INDEX,Sequential 10-Q/10-K under frozen H06 F5 rule
127,industrials,1,IR,Ingersoll Rand,0001699150,F2,10-K,2020-02-26,0001140361-20-004146,https://www.sec.gov/Archives/edgar/data/1699150/0001140361-20-004146.txt,VERIFIED_FROM_OFFICIAL_SEC_MASTER_INDEX,Sequential 10-Q/10-K under frozen H06 F5 rule
127,industrials,1,IR,Ingersoll Rand,0001699150,F3,10-Q,2020-05-15,0001140361-20-011736,https://www.sec.gov/Archives/edgar/data/1699150/0001140361-20-011736.txt,VERIFIED_FROM_OFFICIAL_SEC_MASTER_INDEX,Sequential 10-Q/10-K under frozen H06 F5 rule
127,industrials,1,IR,Ingersoll Rand,0001699150,F4,10-Q,2020-08-04,0001140361-20-017479,https://www.sec.gov/Archives/edgar/data/1699150/0001140361-20-017479.txt,VERIFIED_FROM_OFFICIAL_SEC_MASTER_INDEX,Sequential 10-Q/10-K under frozen H06 F5 rule
127,industrials,1,IR,Ingersoll Rand,0001699150,F5,10-Q,2020-11-03,0001628280-20-015382,https://www.sec.gov/Archives/edgar/data/1699150/0001628280-20-015382.txt,VERIFIED_FROM_OFFICIAL_SEC_MASTER_INDEX,Sequential 10-Q/10-K under frozen H06 F5 rule
128,industrials,2,PNR,Pentair,0000077360,F1,10-Q,2019-10-23,0000077360-19-000035,https://www.sec.gov/Archives/edgar/data/77360/0000077360-19-000035.txt,VERIFIED_FROM_OFFICIAL_SEC_MASTER_INDEX,Sequential 10-Q/10-K under frozen H06 F5 rule
128,industrials,2,PNR,Pentair,0000077360,F2,10-K,2020-02-25,0000077360-20-000006,https://www.sec.gov/Archives/edgar/data/77360/0000077360-20-000006.txt,VERIFIED_FROM_OFFICIAL_SEC_MASTER_INDEX,Sequential 10-Q/10-K under frozen H06 F5 rule
128,industrials,2,PNR,Pentair,0000077360,F3,10-Q,2020-04-30,0000077360-20-000018,https://www.sec.gov/Archives/edgar/data/77360/0000077360-20-000018.txt,VERIFIED_FROM_OFFICIAL_SEC_MASTER_INDEX,Sequential 10-Q/10-K under frozen H06 F5 rule
128,industrials,2,PNR,Pentair,0000077360,F4,10-Q,2020-07-23,0000077360-20-000031,https://www.sec.gov/Archives/edgar/data/77360/0000077360-20-000031.txt,VERIFIED_FROM_OFFICIAL_SEC_MASTER_INDEX,Sequential 10-Q/10-K under frozen H06 F5 rule
128,industrials,2,PNR,Pentair,0000077360,F5,10-Q,2020-10-20,0000077360-20-000040,https://www.sec.gov/Archives/edgar/data/77360/0000077360-20-000040.txt,VERIFIED_FROM_OFFICIAL_SEC_MASTER_INDEX,Sequential 10-Q/10-K under frozen H06 F5 rule
129,industrials,3,XYL,Xylem Inc.,0001524472,F1,10-Q,2019-10-31,0001524472-19-000055,https://www.sec.gov/Archives/edgar/data/1524472/0001524472-19-000055.txt,VERIFIED_FROM_OFFICIAL_SEC_MASTER_INDEX,Sequential 10-Q/10-K under frozen H06 F5 rule
129,industrials,3,XYL,Xylem Inc.,0001524472,F2,10-K,2020-02-28,0001524472-20-000006,https://www.sec.gov/Archives/edgar/data/1524472/0001524472-20-000006.txt,VERIFIED_FROM_OFFICIAL_SEC_MASTER_INDEX,Sequential 10-Q/10-K under frozen H06 F5 rule
129,industrials,3,XYL,Xylem Inc.,0001524472,F3,10-Q,2020-05-05,0001524472-20-000020,https://www.sec.gov/Archives/edgar/data/1524472/0001524472-20-000020.txt,VERIFIED_FROM_OFFICIAL_SEC_MASTER_INDEX,Sequential 10-Q/10-K under frozen H06 F5 rule
129,industrials,3,XYL,Xylem Inc.,0001524472,F4,10-Q,2020-07-30,0001524472-20-000045,https://www.sec.gov/Archives/edgar/data/1524472/0001524472-20-000045.txt,VERIFIED_FROM_OFFICIAL_SEC_MASTER_INDEX,Sequential 10-Q/10-K under frozen H06 F5 rule
129,industrials,3,XYL,Xylem Inc.,0001524472,F5,10-Q,2020-10-29,0001524472-20-000055,https://www.sec.gov/Archives/edgar/data/1524472/0001524472-20-000055.txt,VERIFIED_FROM_OFFICIAL_SEC_MASTER_INDEX,Sequential 10-Q/10-K under frozen H06 F5 rule
130,industrials,4,CPRT,Copart,0000900075,F1,10-Q,2019-11-25,0000900075-19-000028,https://www.sec.gov/Archives/edgar/data/900075/0000900075-19-000028.txt,VERIFIED_FROM_OFFICIAL_SEC_MASTER_INDEX,Sequential 10-Q/10-K under frozen H06 F5 rule
130,industrials,4,CPRT,Copart,0000900075,F2,10-Q,2020-02-27,0000900075-20-000006,https://www.sec.gov/Archives/edgar/data/900075/0000900075-20-000006.txt,VERIFIED_FROM_OFFICIAL_SEC_MASTER_INDEX,Sequential 10-Q/10-K under frozen H06 F5 rule
130,industrials,4,CPRT,Copart,0000900075,F3,10-Q,2020-05-28,0000900075-20-000014,https://www.sec.gov/Archives/edgar/data/900075/0000900075-20-000014.txt,VERIFIED_FROM_OFFICIAL_SEC_MASTER_INDEX,Sequential 10-Q/10-K under frozen H06 F5 rule
130,industrials,4,CPRT,Copart,0000900075,F4,10-K,2020-09-28,0000900075-20-000021,https://www.sec.gov/Archives/edgar/data/900075/0000900075-20-000021.txt,VERIFIED_FROM_OFFICIAL_SEC_MASTER_INDEX,Sequential 10-Q/10-K under frozen H06 F5 rule
130,industrials,4,CPRT,Copart,0000900075,F5,10-Q,2020-11-20,0000900075-20-000029,https://www.sec.gov/Archives/edgar/data/900075/0000900075-20-000029.txt,VERIFIED_FROM_OFFICIAL_SEC_MASTER_INDEX,Sequential 10-Q/10-K under frozen H06 F5 rule
131,industrials,5,IEX,IDEX Corporation,0000832101,F1,10-Q,2019-10-30,0000832101-19-000031,https://www.sec.gov/Archives/edgar/data/832101/0000832101-19-000031.txt,VERIFIED_FROM_OFFICIAL_SEC_MASTER_INDEX,Sequential 10-Q/10-K under frozen H06 F5 rule
131,industrials,5,IEX,IDEX Corporation,0000832101,F2,10-K,2020-02-21,0000832101-20-000007,https://www.sec.gov/Archives/edgar/data/832101/0000832101-20-000007.txt,VERIFIED_FROM_OFFICIAL_SEC_MASTER_INDEX,Sequential 10-Q/10-K under frozen H06 F5 rule
131,industrials,5,IEX,IDEX Corporation,0000832101,F3,10-Q,2020-04-24,0000832101-20-000014,https://www.sec.gov/Archives/edgar/data/832101/0000832101-20-000014.txt,VERIFIED_FROM_OFFICIAL_SEC_MASTER_INDEX,Sequential 10-Q/10-K under frozen H06 F5 rule
131,industrials,5,IEX,IDEX Corporation,0000832101,F4,10-Q,2020-07-24,0000832101-20-000027,https://www.sec.gov/Archives/edgar/data/832101/0000832101-20-000027.txt,VERIFIED_FROM_OFFICIAL_SEC_MASTER_INDEX,Sequential 10-Q/10-K under frozen H06 F5 rule
131,industrials,5,IEX,IDEX Corporation,0000832101,F5,10-Q,2020-10-28,0000832101-20-000039,https://www.sec.gov/Archives/edgar/data/832101/0000832101-20-000039.txt,VERIFIED_FROM_OFFICIAL_SEC_MASTER_INDEX,Sequential 10-Q/10-K under frozen H06 F5 rule
132,industrials,6,UNP,Union Pacific Corporation,0000100885,F1,10-Q,2019-10-17,0000100885-19-000256,https://www.sec.gov/Archives/edgar/data/100885/0000100885-19-000256.txt,VERIFIED_FROM_OFFICIAL_SEC_MASTER_INDEX,Sequential 10-Q/10-K under frozen H06 F5 rule
132,industrials,6,UNP,Union Pacific Corporation,0000100885,F2,10-K,2020-02-07,0000100885-20-000065,https://www.sec.gov/Archives/edgar/data/100885/0000100885-20-000065.txt,VERIFIED_FROM_OFFICIAL_SEC_MASTER_INDEX,Sequential 10-Q/10-K under frozen H06 F5 rule
132,industrials,6,UNP,Union Pacific Corporation,0000100885,F3,10-Q,2020-04-23,0000100885-20-000143,https://www.sec.gov/Archives/edgar/data/100885/0000100885-20-000143.txt,VERIFIED_FROM_OFFICIAL_SEC_MASTER_INDEX,Sequential 10-Q/10-K under frozen H06 F5 rule
132,industrials,6,UNP,Union Pacific Corporation,0000100885,F4,10-Q,2020-07-23,0000100885-20-000221,https://www.sec.gov/Archives/edgar/data/100885/0000100885-20-000221.txt,VERIFIED_FROM_OFFICIAL_SEC_MASTER_INDEX,Sequential 10-Q/10-K under frozen H06 F5 rule
132,industrials,6,UNP,Union Pacific Corporation,0000100885,F5,10-Q,2020-10-22,0000100885-20-000304,https://www.sec.gov/Archives/edgar/data/100885/0000100885-20-000304.txt,VERIFIED_FROM_OFFICIAL_SEC_MASTER_INDEX,Sequential 10-Q/10-K under frozen H06 F5 rule
133,industrials,7,LMT,Lockheed Martin,0000936468,F1,10-Q,2019-10-24,0000936468-19-000069,https://www.sec.gov/Archives/edgar/data/936468/0000936468-19-000069.txt,VERIFIED_FROM_OFFICIAL_SEC_MASTER_INDEX,Sequential 10-Q/10-K under frozen H06 F5 rule
133,industrials,7,LMT,Lockheed Martin,0000936468,F2,10-K,2020-02-07,0000936468-20-000016,https://www.sec.gov/Archives/edgar/data/936468/0000936468-20-000016.txt,VERIFIED_FROM_OFFICIAL_SEC_MASTER_INDEX,Sequential 10-Q/10-K under frozen H06 F5 rule
133,industrials,7,LMT,Lockheed Martin,0000936468,F3,10-Q,2020-04-22,0000936468-20-000056,https://www.sec.gov/Archives/edgar/data/936468/0000936468-20-000056.txt,VERIFIED_FROM_OFFICIAL_SEC_MASTER_INDEX,Sequential 10-Q/10-K under frozen H06 F5 rule
133,industrials,7,LMT,Lockheed Martin,0000936468,F4,10-Q,2020-07-21,0000936468-20-000115,https://www.sec.gov/Archives/edgar/data/936468/0000936468-20-000115.txt,VERIFIED_FROM_OFFICIAL_SEC_MASTER_INDEX,Sequential 10-Q/10-K under frozen H06 F5 rule
133,industrials,7,LMT,Lockheed Martin,0000936468,F5,10-Q,2020-10-22,0000936468-20-000125,https://www.sec.gov/Archives/edgar/data/936468/0000936468-20-000125.txt,VERIFIED_FROM_OFFICIAL_SEC_MASTER_INDEX,Sequential 10-Q/10-K under frozen H06 F5 rule
134,industrials,8,URI,United Rentals,0001067701,F1,10-Q,2019-10-16,0001067701-19-000041,https://www.sec.gov/Archives/edgar/data/1067701/0001067701-19-000041.txt,VERIFIED_FROM_OFFICIAL_SEC_MASTER_INDEX,Sequential 10-Q/10-K under frozen H06 F5 rule
134,industrials,8,URI,United Rentals,0001067701,F2,10-K,2020-01-29,0001067701-20-000008,https://www.sec.gov/Archives/edgar/data/1067701/0001067701-20-000008.txt,VERIFIED_FROM_OFFICIAL_SEC_MASTER_INDEX,Sequential 10-Q/10-K under frozen H06 F5 rule
134,industrials,8,URI,United Rentals,0001067701,F3,10-Q,2020-04-29,0001067701-20-000019,https://www.sec.gov/Archives/edgar/data/1067701/0001067701-20-000019.txt,VERIFIED_FROM_OFFICIAL_SEC_MASTER_INDEX,Sequential 10-Q/10-K under frozen H06 F5 rule
134,industrials,8,URI,United Rentals,0001067701,F4,10-Q,2020-07-29,0001067701-20-000034,https://www.sec.gov/Archives/edgar/data/1067701/0001067701-20-000034.txt,VERIFIED_FROM_OFFICIAL_SEC_MASTER_INDEX,Sequential 10-Q/10-K under frozen H06 F5 rule
134,industrials,8,URI,United Rentals,0001067701,F5,10-Q,2020-10-28,0001067701-20-000046,https://www.sec.gov/Archives/edgar/data/1067701/0001067701-20-000046.txt,VERIFIED_FROM_OFFICIAL_SEC_MASTER_INDEX,Sequential 10-Q/10-K under frozen H06 F5 rule
135,industrials,9,INFO,IHS Markit,0001598014,F1,10-Q,2019-09-24,0001598014-19-000126,https://www.sec.gov/Archives/edgar/data/1598014/0001598014-19-000126.txt,VERIFIED_FROM_OFFICIAL_SEC_MASTER_INDEX,Sequential 10-Q/10-K under frozen H06 F5 rule
135,industrials,9,INFO,IHS Markit,0001598014,F2,10-K,2020-01-17,0001598014-20-000008,https://www.sec.gov/Archives/edgar/data/1598014/0001598014-20-000008.txt,VERIFIED_FROM_OFFICIAL_SEC_MASTER_INDEX,Sequential 10-Q/10-K under frozen H06 F5 rule
135,industrials,9,INFO,IHS Markit,0001598014,F3,10-Q,2020-03-24,0001598014-20-000065,https://www.sec.gov/Archives/edgar/data/1598014/0001598014-20-000065.txt,VERIFIED_FROM_OFFICIAL_SEC_MASTER_INDEX,Sequential 10-Q/10-K under frozen H06 F5 rule
135,industrials,9,INFO,IHS Markit,0001598014,F4,10-Q,2020-06-23,0001598014-20-000160,https://www.sec.gov/Archives/edgar/data/1598014/0001598014-20-000160.txt,VERIFIED_FROM_OFFICIAL_SEC_MASTER_INDEX,Sequential 10-Q/10-K under frozen H06 F5 rule
135,industrials,9,INFO,IHS Markit,0001598014,F5,10-Q,2020-09-29,0001598014-20-000200,https://www.sec.gov/Archives/edgar/data/1598014/0001598014-20-000200.txt,VERIFIED_FROM_OFFICIAL_SEC_MASTER_INDEX,Sequential 10-Q/10-K under frozen H06 F5 rule
136,industrials,10,FBHS,Fortune Brands Home & Security,0001519751,F1,10-Q,2019-10-31,0001564590-19-039139,https://www.sec.gov/Archives/edgar/data/1519751/0001564590-19-039139.txt,VERIFIED_FROM_OFFICIAL_SEC_MASTER_INDEX,Sequential 10-Q/10-K under frozen H06 F5 rule
136,industrials,10,FBHS,Fortune Brands Home & Security,0001519751,F2,10-K,2020-02-26,0001564590-20-006812,https://www.sec.gov/Archives/edgar/data/1519751/0001564590-20-006812.txt,VERIFIED_FROM_OFFICIAL_SEC_MASTER_INDEX,Sequential 10-Q/10-K under frozen H06 F5 rule
136,industrials,10,FBHS,Fortune Brands Home & Security,0001519751,F3,10-Q,2020-05-01,0001564590-20-020502,https://www.sec.gov/Archives/edgar/data/1519751/0001564590-20-020502.txt,VERIFIED_FROM_OFFICIAL_SEC_MASTER_INDEX,Sequential 10-Q/10-K under frozen H06 F5 rule
136,industrials,10,FBHS,Fortune Brands Home & Security,0001519751,F4,10-Q,2020-07-30,0001564590-20-034912,https://www.sec.gov/Archives/edgar/data/1519751/0001564590-20-034912.txt,VERIFIED_FROM_OFFICIAL_SEC_MASTER_INDEX,Sequential 10-Q/10-K under frozen H06 F5 rule
136,industrials,10,FBHS,Fortune Brands Home & Security,0001519751,F5,10-Q,2020-10-29,0001564590-20-048855,https://www.sec.gov/Archives/edgar/data/1519751/0001564590-20-048855.txt,VERIFIED_FROM_OFFICIAL_SEC_MASTER_INDEX,Sequential 10-Q/10-K under frozen H06 F5 rule
137,industrials,11,NLSN,Nielsen Holdings,0001492633,F1,10-Q,2019-11-07,0001564590-19-041345,https://www.sec.gov/Archives/edgar/data/1492633/0001564590-19-041345.txt,VERIFIED_FROM_OFFICIAL_SEC_MASTER_INDEX,Sequential 10-Q/10-K under frozen H06 F5 rule
137,industrials,11,NLSN,Nielsen Holdings,0001492633,F2,10-K,2020-02-27,0001564590-20-007004,https://www.sec.gov/Archives/edgar/data/1492633/0001564590-20-007004.txt,VERIFIED_FROM_OFFICIAL_SEC_MASTER_INDEX,Sequential 10-Q/10-K under frozen H06 F5 rule
137,industrials,11,NLSN,Nielsen Holdings,0001492633,F3,10-Q,2020-04-30,0001564590-20-020170,https://www.sec.gov/Archives/edgar/data/1492633/0001564590-20-020170.txt,VERIFIED_FROM_OFFICIAL_SEC_MASTER_INDEX,Sequential 10-Q/10-K under frozen H06 F5 rule
137,industrials,11,NLSN,Nielsen Holdings,0001492633,F4,10-Q,2020-08-05,0001564590-20-036796,https://www.sec.gov/Archives/edgar/data/1492633/0001564590-20-036796.txt,VERIFIED_FROM_OFFICIAL_SEC_MASTER_INDEX,Sequential 10-Q/10-K under frozen H06 F5 rule
137,industrials,11,NLSN,Nielsen Holdings,0001492633,F5,10-Q,2020-11-02,0001564590-20-049632,https://www.sec.gov/Archives/edgar/data/1492633/0001564590-20-049632.txt,VERIFIED_FROM_OFFICIAL_SEC_MASTER_INDEX,Sequential 10-Q/10-K under frozen H06 F5 rule
138,industrials,12,EMR,Emerson Electric,0000032604,F1,10-K,2019-11-18,0000032604-19-000048,https://www.sec.gov/Archives/edgar/data/32604/0000032604-19-000048.txt,VERIFIED_FROM_OFFICIAL_SEC_MASTER_INDEX,Sequential 10-Q/10-K under frozen H06 F5 rule
138,industrials,12,EMR,Emerson Electric,0000032604,F2,10-Q,2020-02-05,0000032604-20-000007,https://www.sec.gov/Archives/edgar/data/32604/0000032604-20-000007.txt,VERIFIED_FROM_OFFICIAL_SEC_MASTER_INDEX,Sequential 10-Q/10-K under frozen H06 F5 rule
138,industrials,12,EMR,Emerson Electric,0000032604,F3,10-Q,2020-04-24,0000032604-20-000021,https://www.sec.gov/Archives/edgar/data/32604/0000032604-20-000021.txt,VERIFIED_FROM_OFFICIAL_SEC_MASTER_INDEX,Sequential 10-Q/10-K under frozen H06 F5 rule
138,industrials,12,EMR,Emerson Electric,0000032604,F4,10-Q,2020-08-05,0000032604-20-000033,https://www.sec.gov/Archives/edgar/data/32604/0000032604-20-000033.txt,VERIFIED_FROM_OFFICIAL_SEC_MASTER_INDEX,Sequential 10-Q/10-K under frozen H06 F5 rule
138,industrials,12,EMR,Emerson Electric,0000032604,F5,10-K,2020-11-16,0000032604-20-000041,https://www.sec.gov/Archives/edgar/data/32604/0000032604-20-000041.txt,VERIFIED_FROM_OFFICIAL_SEC_MASTER_INDEX,Sequential 10-Q/10-K under frozen H06 F5 rule
139,industrials,13,FLS,Flowserve Corporation,0000030625,F1,10-Q,2019-10-30,0000030625-19-000072,https://www.sec.gov/Archives/edgar/data/30625/0000030625-19-000072.txt,VERIFIED_FROM_OFFICIAL_SEC_MASTER_INDEX,Sequential 10-Q/10-K under frozen H06 F5 rule
139,industrials,13,FLS,Flowserve Corporation,0000030625,F2,10-K,2020-02-18,0000030625-20-000007,https://www.sec.gov/Archives/edgar/data/30625/0000030625-20-000007.txt,VERIFIED_FROM_OFFICIAL_SEC_MASTER_INDEX,Sequential 10-Q/10-K under frozen H06 F5 rule
139,industrials,13,FLS,Flowserve Corporation,0000030625,F3,10-Q,2020-05-07,0000030625-20-000066,https://www.sec.gov/Archives/edgar/data/30625/0000030625-20-000066.txt,VERIFIED_FROM_OFFICIAL_SEC_MASTER_INDEX,Sequential 10-Q/10-K under frozen H06 F5 rule
139,industrials,13,FLS,Flowserve Corporation,0000030625,F4,10-Q,2020-07-30,0000030625-20-000100,https://www.sec.gov/Archives/edgar/data/30625/0000030625-20-000100.txt,VERIFIED_FROM_OFFICIAL_SEC_MASTER_INDEX,Sequential 10-Q/10-K under frozen H06 F5 rule
139,industrials,13,FLS,Flowserve Corporation,0000030625,F5,10-Q,2020-11-13,0000030625-20-000116,https://www.sec.gov/Archives/edgar/data/30625/0000030625-20-000116.txt,VERIFIED_FROM_OFFICIAL_SEC_MASTER_INDEX,Sequential 10-Q/10-K under frozen H06 F5 rule
140,industrials,14,ALK,Alaska Air Group,0000766421,F1,10-Q,2019-11-07,0000766421-19-000054,https://www.sec.gov/Archives/edgar/data/766421/0000766421-19-000054.txt,VERIFIED_FROM_OFFICIAL_SEC_MASTER_INDEX,Sequential 10-Q/10-K under frozen H06 F5 rule
140,industrials,14,ALK,Alaska Air Group,0000766421,F2,10-K,2020-02-12,0000766421-20-000013,https://www.sec.gov/Archives/edgar/data/766421/0000766421-20-000013.txt,VERIFIED_FROM_OFFICIAL_SEC_MASTER_INDEX,Sequential 10-Q/10-K under frozen H06 F5 rule
140,industrials,14,ALK,Alaska Air Group,0000766421,F3,10-Q,2020-05-14,0000766421-20-000046,https://www.sec.gov/Archives/edgar/data/766421/0000766421-20-000046.txt,VERIFIED_FROM_OFFICIAL_SEC_MASTER_INDEX,Sequential 10-Q/10-K under frozen H06 F5 rule
140,industrials,14,ALK,Alaska Air Group,0000766421,F4,10-Q,2020-08-04,0000766421-20-000071,https://www.sec.gov/Archives/edgar/data/766421/0000766421-20-000071.txt,VERIFIED_FROM_OFFICIAL_SEC_MASTER_INDEX,Sequential 10-Q/10-K under frozen H06 F5 rule
140,industrials,14,ALK,Alaska Air Group,0000766421,F5,10-Q,2020-11-05,0000766421-20-000089,https://www.sec.gov/Archives/edgar/data/766421/0000766421-20-000089.txt,VERIFIED_FROM_OFFICIAL_SEC_MASTER_INDEX,Sequential 10-Q/10-K under frozen H06 F5 rule
141,industrials,15,ODFL,Old Dominion,0000878927,F1,10-Q,2019-11-04,0001564590-19-039710,https://www.sec.gov/Archives/edgar/data/878927/0001564590-19-039710.txt,VERIFIED_FROM_OFFICIAL_SEC_MASTER_INDEX,Sequential 10-Q/10-K under frozen H06 F5 rule
141,industrials,15,ODFL,Old Dominion,0000878927,F2,10-K,2020-02-26,0001564590-20-006626,https://www.sec.gov/Archives/edgar/data/878927/0001564590-20-006626.txt,VERIFIED_FROM_OFFICIAL_SEC_MASTER_INDEX,Sequential 10-Q/10-K under frozen H06 F5 rule
141,industrials,15,ODFL,Old Dominion,0000878927,F3,10-Q,2020-05-05,0001564590-20-021054,https://www.sec.gov/Archives/edgar/data/878927/0001564590-20-021054.txt,VERIFIED_FROM_OFFICIAL_SEC_MASTER_INDEX,Sequential 10-Q/10-K under frozen H06 F5 rule
141,industrials,15,ODFL,Old Dominion,0000878927,F4,10-Q,2020-08-06,0001564590-20-037340,https://www.sec.gov/Archives/edgar/data/878927/0001564590-20-037340.txt,VERIFIED_FROM_OFFICIAL_SEC_MASTER_INDEX,Sequential 10-Q/10-K under frozen H06 F5 rule
141,industrials,15,ODFL,Old Dominion,0000878927,F5,10-Q,2020-11-06,0001564590-20-051868,https://www.sec.gov/Archives/edgar/data/878927/0001564590-20-051868.txt,VERIFIED_FROM_OFFICIAL_SEC_MASTER_INDEX,Sequential 10-Q/10-K under frozen H06 F5 rule
142,industrials,16,GWW,W. W. Grainger,0000277135,F1,10-Q,2019-10-23,0000277135-19-000031,https://www.sec.gov/Archives/edgar/data/277135/0000277135-19-000031.txt,VERIFIED_FROM_OFFICIAL_SEC_MASTER_INDEX,Sequential 10-Q/10-K under frozen H06 F5 rule
142,industrials,16,GWW,W. W. Grainger,0000277135,F2,10-K,2020-02-20,0000277135-20-000007,https://www.sec.gov/Archives/edgar/data/277135/0000277135-20-000007.txt,VERIFIED_FROM_OFFICIAL_SEC_MASTER_INDEX,Sequential 10-Q/10-K under frozen H06 F5 rule
142,industrials,16,GWW,W. W. Grainger,0000277135,F3,10-Q,2020-04-23,0000277135-20-000014,https://www.sec.gov/Archives/edgar/data/277135/0000277135-20-000014.txt,VERIFIED_FROM_OFFICIAL_SEC_MASTER_INDEX,Sequential 10-Q/10-K under frozen H06 F5 rule
142,industrials,16,GWW,W. W. Grainger,0000277135,F4,10-Q,2020-07-23,0000277135-20-000021,https://www.sec.gov/Archives/edgar/data/277135/0000277135-20-000021.txt,VERIFIED_FROM_OFFICIAL_SEC_MASTER_INDEX,Sequential 10-Q/10-K under frozen H06 F5 rule
142,industrials,16,GWW,W. W. Grainger,0000277135,F5,10-Q,2020-10-22,0000277135-20-000028,https://www.sec.gov/Archives/edgar/data/277135/0000277135-20-000028.txt,VERIFIED_FROM_OFFICIAL_SEC_MASTER_INDEX,Sequential 10-Q/10-K under frozen H06 F5 rule
143,industrials,17,DD,DuPont,0001666700,F1,10-Q,2019-10-31,0001666700-19-000073,https://www.sec.gov/Archives/edgar/data/1666700/0001666700-19-000073.txt,VERIFIED_FROM_OFFICIAL_SEC_MASTER_INDEX,Sequential 10-Q/10-K under frozen H06 F5 rule
143,industrials,17,DD,DuPont,0001666700,F2,10-K,2020-02-14,0001666700-20-000006,https://www.sec.gov/Archives/edgar/data/1666700/0001666700-20-000006.txt,VERIFIED_FROM_OFFICIAL_SEC_MASTER_INDEX,Sequential 10-Q/10-K under frozen H06 F5 rule
143,industrials,17,DD,DuPont,0001666700,F3,10-Q,2020-05-05,0001666700-20-000017,https://www.sec.gov/Archives/edgar/data/1666700/0001666700-20-000017.txt,VERIFIED_FROM_OFFICIAL_SEC_MASTER_INDEX,Sequential 10-Q/10-K under frozen H06 F5 rule
143,industrials,17,DD,DuPont,0001666700,F4,10-Q,2020-07-31,0001666700-20-000042,https://www.sec.gov/Archives/edgar/data/1666700/0001666700-20-000042.txt,VERIFIED_FROM_OFFICIAL_SEC_MASTER_INDEX,Sequential 10-Q/10-K under frozen H06 F5 rule
143,industrials,17,DD,DuPont,0001666700,F5,10-Q,2020-10-30,0001666700-20-000053,https://www.sec.gov/Archives/edgar/data/1666700/0001666700-20-000053.txt,VERIFIED_FROM_OFFICIAL_SEC_MASTER_INDEX,Sequential 10-Q/10-K under frozen H06 F5 rule
144,industrials,18,CMI,Cummins,0000026172,F1,10-Q,2019-10-29,0000026172-19-000041,https://www.sec.gov/Archives/edgar/data/26172/0000026172-19-000041.txt,VERIFIED_FROM_OFFICIAL_SEC_MASTER_INDEX,Sequential 10-Q/10-K under frozen H06 F5 rule
144,industrials,18,CMI,Cummins,0000026172,F2,10-K,2020-02-11,0000026172-20-000009,https://www.sec.gov/Archives/edgar/data/26172/0000026172-20-000009.txt,VERIFIED_FROM_OFFICIAL_SEC_MASTER_INDEX,Sequential 10-Q/10-K under frozen H06 F5 rule
144,industrials,18,CMI,Cummins,0000026172,F3,10-Q,2020-04-28,0000026172-20-000019,https://www.sec.gov/Archives/edgar/data/26172/0000026172-20-000019.txt,VERIFIED_FROM_OFFICIAL_SEC_MASTER_INDEX,Sequential 10-Q/10-K under frozen H06 F5 rule
144,industrials,18,CMI,Cummins,0000026172,F4,10-Q,2020-07-28,0000026172-20-000042,https://www.sec.gov/Archives/edgar/data/26172/0000026172-20-000042.txt,VERIFIED_FROM_OFFICIAL_SEC_MASTER_INDEX,Sequential 10-Q/10-K under frozen H06 F5 rule
144,industrials,18,CMI,Cummins,0000026172,F5,10-Q,2020-10-27,0000026172-20-000054,https://www.sec.gov/Archives/edgar/data/26172/0000026172-20-000054.txt,VERIFIED_FROM_OFFICIAL_SEC_MASTER_INDEX,Sequential 10-Q/10-K under frozen H06 F5 rule
145,industrials,19,TDG,TransDigm Group,0001260221,F1,10-K,2019-11-19,0001260221-19-000043,https://www.sec.gov/Archives/edgar/data/1260221/0001260221-19-000043.txt,VERIFIED_FROM_OFFICIAL_SEC_MASTER_INDEX,Sequential 10-Q/10-K under frozen H06 F5 rule
145,industrials,19,TDG,TransDigm Group,0001260221,F2,10-Q,2020-02-04,0001260221-20-000008,https://www.sec.gov/Archives/edgar/data/1260221/0001260221-20-000008.txt,VERIFIED_FROM_OFFICIAL_SEC_MASTER_INDEX,Sequential 10-Q/10-K under frozen H06 F5 rule
145,industrials,19,TDG,TransDigm Group,0001260221,F3,10-Q,2020-05-05,0001260221-20-000050,https://www.sec.gov/Archives/edgar/data/1260221/0001260221-20-000050.txt,VERIFIED_FROM_OFFICIAL_SEC_MASTER_INDEX,Sequential 10-Q/10-K under frozen H06 F5 rule
145,industrials,19,TDG,TransDigm Group,0001260221,F4,10-Q,2020-08-04,0001260221-20-000087,https://www.sec.gov/Archives/edgar/data/1260221/0001260221-20-000087.txt,VERIFIED_FROM_OFFICIAL_SEC_MASTER_INDEX,Sequential 10-Q/10-K under frozen H06 F5 rule
145,industrials,19,TDG,TransDigm Group,0001260221,F5,10-K,2020-11-12,0001260221-20-000099,https://www.sec.gov/Archives/edgar/data/1260221/0001260221-20-000099.txt,VERIFIED_FROM_OFFICIAL_SEC_MASTER_INDEX,Sequential 10-Q/10-K under frozen H06 F5 rule
146,industrials,20,MAS,Masco,0000062996,F1,10-Q,2019-10-30,0000062996-19-000063,https://www.sec.gov/Archives/edgar/data/62996/0000062996-19-000063.txt,VERIFIED_FROM_OFFICIAL_SEC_MASTER_INDEX,Sequential 10-Q/10-K under frozen H06 F5 rule
146,industrials,20,MAS,Masco,0000062996,F2,10-K,2020-02-11,0000062996-20-000006,https://www.sec.gov/Archives/edgar/data/62996/0000062996-20-000006.txt,VERIFIED_FROM_OFFICIAL_SEC_MASTER_INDEX,Sequential 10-Q/10-K under frozen H06 F5 rule
146,industrials,20,MAS,Masco,0000062996,F3,10-Q,2020-04-29,0000062996-20-000016,https://www.sec.gov/Archives/edgar/data/62996/0000062996-20-000016.txt,VERIFIED_FROM_OFFICIAL_SEC_MASTER_INDEX,Sequential 10-Q/10-K under frozen H06 F5 rule
146,industrials,20,MAS,Masco,0000062996,F4,10-Q,2020-07-30,0000062996-20-000034,https://www.sec.gov/Archives/edgar/data/62996/0000062996-20-000034.txt,VERIFIED_FROM_OFFICIAL_SEC_MASTER_INDEX,Sequential 10-Q/10-K under frozen H06 F5 rule
146,industrials,20,MAS,Masco,0000062996,F5,10-Q,2020-10-28,0000062996-20-000041,https://www.sec.gov/Archives/edgar/data/62996/0000062996-20-000041.txt,VERIFIED_FROM_OFFICIAL_SEC_MASTER_INDEX,Sequential 10-Q/10-K under frozen H06 F5 rule
147,industrials,21,WAB,Wabtec,0000943452,F1,10-Q,2019-11-01,0001628280-19-013038,https://www.sec.gov/Archives/edgar/data/943452/0001628280-19-013038.txt,VERIFIED_FROM_OFFICIAL_SEC_MASTER_INDEX,Sequential 10-Q/10-K under frozen H06 F5 rule
147,industrials,21,WAB,Wabtec,0000943452,F2,10-K,2020-02-24,0001628280-20-002098,https://www.sec.gov/Archives/edgar/data/943452/0001628280-20-002098.txt,VERIFIED_FROM_OFFICIAL_SEC_MASTER_INDEX,Sequential 10-Q/10-K under frozen H06 F5 rule
147,industrials,21,WAB,Wabtec,0000943452,F3,10-Q,2020-05-06,0001628280-20-006580,https://www.sec.gov/Archives/edgar/data/943452/0001628280-20-006580.txt,VERIFIED_FROM_OFFICIAL_SEC_MASTER_INDEX,Sequential 10-Q/10-K under frozen H06 F5 rule
147,industrials,21,WAB,Wabtec,0000943452,F4,10-Q,2020-07-29,0001628280-20-010768,https://www.sec.gov/Archives/edgar/data/943452/0001628280-20-010768.txt,VERIFIED_FROM_OFFICIAL_SEC_MASTER_INDEX,Sequential 10-Q/10-K under frozen H06 F5 rule
147,industrials,21,WAB,Wabtec,0000943452,F5,10-Q,2020-10-29,0001628280-20-015066,https://www.sec.gov/Archives/edgar/data/943452/0001628280-20-015066.txt,VERIFIED_FROM_OFFICIAL_SEC_MASTER_INDEX,Sequential 10-Q/10-K under frozen H06 F5 rule
148,industrials,22,J,Jacobs Solutions,0000052988,F1,10-K,2019-11-25,0000052988-19-000069,https://www.sec.gov/Archives/edgar/data/52988/0000052988-19-000069.txt,VERIFIED_FROM_OFFICIAL_SEC_MASTER_INDEX,Sequential 10-Q/10-K under frozen H06 F5 rule
148,industrials,22,J,Jacobs Solutions,0000052988,F2,10-Q,2020-02-04,0000052988-20-000019,https://www.sec.gov/Archives/edgar/data/52988/0000052988-20-000019.txt,VERIFIED_FROM_OFFICIAL_SEC_MASTER_INDEX,Sequential 10-Q/10-K under frozen H06 F5 rule
148,industrials,22,J,Jacobs Solutions,0000052988,F3,10-Q,2020-05-06,0000052988-20-000033,https://www.sec.gov/Archives/edgar/data/52988/0000052988-20-000033.txt,VERIFIED_FROM_OFFICIAL_SEC_MASTER_INDEX,Sequential 10-Q/10-K under frozen H06 F5 rule
148,industrials,22,J,Jacobs Solutions,0000052988,F4,10-Q,2020-08-03,0000052988-20-000050,https://www.sec.gov/Archives/edgar/data/52988/0000052988-20-000050.txt,VERIFIED_FROM_OFFICIAL_SEC_MASTER_INDEX,Sequential 10-Q/10-K under frozen H06 F5 rule
148,industrials,22,J,Jacobs Solutions,0000052988,F5,10-K,2020-11-24,0000052988-20-000070,https://www.sec.gov/Archives/edgar/data/52988/0000052988-20-000070.txt,VERIFIED_FROM_OFFICIAL_SEC_MASTER_INDEX,Sequential 10-Q/10-K under frozen H06 F5 rule
149,industrials,23,DOV,Dover Corporation,0000029905,F1,10-Q,2019-10-17,0000029905-19-000057,https://www.sec.gov/Archives/edgar/data/29905/0000029905-19-000057.txt,VERIFIED_FROM_OFFICIAL_SEC_MASTER_INDEX,Sequential 10-Q/10-K under frozen H06 F5 rule
149,industrials,23,DOV,Dover Corporation,0000029905,F2,10-K,2020-02-14,0000029905-20-000011,https://www.sec.gov/Archives/edgar/data/29905/0000029905-20-000011.txt,VERIFIED_FROM_OFFICIAL_SEC_MASTER_INDEX,Sequential 10-Q/10-K under frozen H06 F5 rule
149,industrials,23,DOV,Dover Corporation,0000029905,F3,10-Q,2020-04-21,0000029905-20-000018,https://www.sec.gov/Archives/edgar/data/29905/0000029905-20-000018.txt,VERIFIED_FROM_OFFICIAL_SEC_MASTER_INDEX,Sequential 10-Q/10-K under frozen H06 F5 rule
149,industrials,23,DOV,Dover Corporation,0000029905,F4,10-Q,2020-07-22,0000029905-20-000035,https://www.sec.gov/Archives/edgar/data/29905/0000029905-20-000035.txt,VERIFIED_FROM_OFFICIAL_SEC_MASTER_INDEX,Sequential 10-Q/10-K under frozen H06 F5 rule
149,industrials,23,DOV,Dover Corporation,0000029905,F5,10-Q,2020-10-20,0000029905-20-000043,https://www.sec.gov/Archives/edgar/data/29905/0000029905-20-000043.txt,VERIFIED_FROM_OFFICIAL_SEC_MASTER_INDEX,Sequential 10-Q/10-K under frozen H06 F5 rule
150,industrials,24,LHX,L3Harris,0000202058,F1,10-K,2019-08-22,0000202058-19-000090,https://www.sec.gov/Archives/edgar/data/202058/0000202058-19-000090.txt,VERIFIED_FROM_OFFICIAL_SEC_MASTER_INDEX,Sequential 10-Q/10-K under frozen H06 F5 rule
150,industrials,24,LHX,L3Harris,0000202058,F2,10-Q,2019-10-31,0000202058-19-000103,https://www.sec.gov/Archives/edgar/data/202058/0000202058-19-000103.txt,VERIFIED_FROM_OFFICIAL_SEC_MASTER_INDEX,Sequential 10-Q/10-K under frozen H06 F5 rule
150,industrials,24,LHX,L3Harris,0000202058,F3,10-Q,2020-05-07,0000202058-20-000040,https://www.sec.gov/Archives/edgar/data/202058/0000202058-20-000040.txt,VERIFIED_FROM_OFFICIAL_SEC_MASTER_INDEX,Sequential 10-Q/10-K under frozen H06 F5 rule
150,industrials,24,LHX,L3Harris,0000202058,F4,10-Q,2020-08-04,0000202058-20-000053,https://www.sec.gov/Archives/edgar/data/202058/0000202058-20-000053.txt,VERIFIED_FROM_OFFICIAL_SEC_MASTER_INDEX,Sequential 10-Q/10-K under frozen H06 F5 rule
150,industrials,24,LHX,L3Harris,0000202058,F5,10-Q,2020-11-02,0000202058-20-000063,https://www.sec.gov/Archives/edgar/data/202058/0000202058-20-000063.txt,VERIFIED_FROM_OFFICIAL_SEC_MASTER_INDEX,Sequential 10-Q/10-K under frozen H06 F5 rule
151,industrials,25,PH,Parker Hannifin,0000076334,F1,10-Q,2019-11-06,0000076334-19-000135,https://www.sec.gov/Archives/edgar/data/76334/0000076334-19-000135.txt,VERIFIED_FROM_OFFICIAL_SEC_MASTER_INDEX,Sequential 10-Q/10-K under frozen H06 F5 rule
151,industrials,25,PH,Parker Hannifin,0000076334,F2,10-Q,2020-02-05,0000076334-20-000009,https://www.sec.gov/Archives/edgar/data/76334/0000076334-20-000009.txt,VERIFIED_FROM_OFFICIAL_SEC_MASTER_INDEX,Sequential 10-Q/10-K under frozen H06 F5 rule
151,industrials,25,PH,Parker Hannifin,0000076334,F3,10-Q,2020-05-06,0000076334-20-000052,https://www.sec.gov/Archives/edgar/data/76334/0000076334-20-000052.txt,VERIFIED_FROM_OFFICIAL_SEC_MASTER_INDEX,Sequential 10-Q/10-K under frozen H06 F5 rule
151,industrials,25,PH,Parker Hannifin,0000076334,F4,10-K,2020-08-26,0000076334-20-000099,https://www.sec.gov/Archives/edgar/data/76334/0000076334-20-000099.txt,VERIFIED_FROM_OFFICIAL_SEC_MASTER_INDEX,Sequential 10-Q/10-K under frozen H06 F5 rule
151,industrials,25,PH,Parker Hannifin,0000076334,F5,10-Q,2020-11-06,0000076334-20-000131,https://www.sec.gov/Archives/edgar/data/76334/0000076334-20-000131.txt,VERIFIED_FROM_OFFICIAL_SEC_MASTER_INDEX,Sequential 10-Q/10-K under frozen H06 F5 rule
152,industrials,26,TXT,Textron,0000217346,F1,10-Q,2019-10-23,0001104659-19-055774,https://www.sec.gov/Archives/edgar/data/217346/0001104659-19-055774.txt,VERIFIED_FROM_OFFICIAL_SEC_MASTER_INDEX,Sequential 10-Q/10-K under frozen H06 F5 rule
152,industrials,26,TXT,Textron,0000217346,F2,10-K,2020-02-25,0001104659-20-024773,https://www.sec.gov/Archives/edgar/data/217346/0001104659-20-024773.txt,VERIFIED_FROM_OFFICIAL_SEC_MASTER_INDEX,Sequential 10-Q/10-K under frozen H06 F5 rule
152,industrials,26,TXT,Textron,0000217346,F3,10-Q,2020-05-01,0001104659-20-055073,https://www.sec.gov/Archives/edgar/data/217346/0001104659-20-055073.txt,VERIFIED_FROM_OFFICIAL_SEC_MASTER_INDEX,Sequential 10-Q/10-K under frozen H06 F5 rule
152,industrials,26,TXT,Textron,0000217346,F4,10-Q,2020-07-31,0001104659-20-088960,https://www.sec.gov/Archives/edgar/data/217346/0001104659-20-088960.txt,VERIFIED_FROM_OFFICIAL_SEC_MASTER_INDEX,Sequential 10-Q/10-K under frozen H06 F5 rule
152,industrials,26,TXT,Textron,0000217346,F5,10-Q,2020-10-29,0000217346-20-000069,https://www.sec.gov/Archives/edgar/data/217346/0000217346-20-000069.txt,VERIFIED_FROM_OFFICIAL_SEC_MASTER_INDEX,Sequential 10-Q/10-K under frozen H06 F5 rule
153,industrials,28,NSC,Norfolk Southern,0000702165,F1,10-Q,2019-10-23,0000702165-19-000066,https://www.sec.gov/Archives/edgar/data/702165/0000702165-19-000066.txt,VERIFIED_FROM_OFFICIAL_SEC_MASTER_INDEX,Sequential 10-Q/10-K under frozen H06 F5 rule
153,industrials,28,NSC,Norfolk Southern,0000702165,F2,10-K,2020-02-06,0000702165-20-000011,https://www.sec.gov/Archives/edgar/data/702165/0000702165-20-000011.txt,VERIFIED_FROM_OFFICIAL_SEC_MASTER_INDEX,Sequential 10-Q/10-K under frozen H06 F5 rule
153,industrials,28,NSC,Norfolk Southern,0000702165,F3,10-Q,2020-04-29,0000702165-20-000016,https://www.sec.gov/Archives/edgar/data/702165/0000702165-20-000016.txt,VERIFIED_FROM_OFFICIAL_SEC_MASTER_INDEX,Sequential 10-Q/10-K under frozen H06 F5 rule
153,industrials,28,NSC,Norfolk Southern,0000702165,F4,10-Q,2020-07-29,0000702165-20-000033,https://www.sec.gov/Archives/edgar/data/702165/0000702165-20-000033.txt,VERIFIED_FROM_OFFICIAL_SEC_MASTER_INDEX,Sequential 10-Q/10-K under frozen H06 F5 rule
153,industrials,28,NSC,Norfolk Southern,0000702165,F5,10-Q,2020-10-28,0000702165-20-000042,https://www.sec.gov/Archives/edgar/data/702165/0000702165-20-000042.txt,VERIFIED_FROM_OFFICIAL_SEC_MASTER_INDEX,Sequential 10-Q/10-K under frozen H06 F5 rule
154,industrials,29,LDOS,Leidos,0001336920,F1,10-Q,2019-10-29,0001336920-19-000054,https://www.sec.gov/Archives/edgar/data/1336920/0001336920-19-000054.txt,VERIFIED_FROM_OFFICIAL_SEC_MASTER_INDEX,Sequential 10-Q/10-K under frozen H06 F5 rule
154,industrials,29,LDOS,Leidos,0001336920,F2,10-K,2020-02-18,0001336920-20-000023,https://www.sec.gov/Archives/edgar/data/1336920/0001336920-20-000023.txt,VERIFIED_FROM_OFFICIAL_SEC_MASTER_INDEX,Sequential 10-Q/10-K under frozen H06 F5 rule
154,industrials,29,LDOS,Leidos,0001336920,F3,10-Q,2020-05-05,0001336920-20-000038,https://www.sec.gov/Archives/edgar/data/1336920/0001336920-20-000038.txt,VERIFIED_FROM_OFFICIAL_SEC_MASTER_INDEX,Sequential 10-Q/10-K under frozen H06 F5 rule
154,industrials,29,LDOS,Leidos,0001336920,F4,10-Q,2020-08-04,0001336920-20-000069,https://www.sec.gov/Archives/edgar/data/1336920/0001336920-20-000069.txt,VERIFIED_FROM_OFFICIAL_SEC_MASTER_INDEX,Sequential 10-Q/10-K under frozen H06 F5 rule
154,industrials,29,LDOS,Leidos,0001336920,F5,10-Q,2020-11-02,0001336920-20-000083,https://www.sec.gov/Archives/edgar/data/1336920/0001336920-20-000083.txt,VERIFIED_FROM_OFFICIAL_SEC_MASTER_INDEX,Sequential 10-Q/10-K under frozen H06 F5 rule
155,industrials,30,RSG,Republic Services,0001060391,F1,10-Q,2019-10-31,0001060391-19-000042,https://www.sec.gov/Archives/edgar/data/1060391/0001060391-19-000042.txt,VERIFIED_FROM_OFFICIAL_SEC_MASTER_INDEX,Sequential 10-Q/10-K under frozen H06 F5 rule
155,industrials,30,RSG,Republic Services,0001060391,F2,10-K,2020-02-14,0001060391-20-000016,https://www.sec.gov/Archives/edgar/data/1060391/0001060391-20-000016.txt,VERIFIED_FROM_OFFICIAL_SEC_MASTER_INDEX,Sequential 10-Q/10-K under frozen H06 F5 rule
155,industrials,30,RSG,Republic Services,0001060391,F3,10-Q,2020-05-06,0001060391-20-000032,https://www.sec.gov/Archives/edgar/data/1060391/0001060391-20-000032.txt,VERIFIED_FROM_OFFICIAL_SEC_MASTER_INDEX,Sequential 10-Q/10-K under frozen H06 F5 rule
155,industrials,30,RSG,Republic Services,0001060391,F4,10-Q,2020-08-07,0001060391-20-000057,https://www.sec.gov/Archives/edgar/data/1060391/0001060391-20-000057.txt,VERIFIED_FROM_OFFICIAL_SEC_MASTER_INDEX,Sequential 10-Q/10-K under frozen H06 F5 rule
155,industrials,30,RSG,Republic Services,0001060391,F5,10-Q,2020-11-06,0001060391-20-000069,https://www.sec.gov/Archives/edgar/data/1060391/0001060391-20-000069.txt,VERIFIED_FROM_OFFICIAL_SEC_MASTER_INDEX,Sequential 10-Q/10-K under frozen H06 F5 rule
156,industrials,31,DAL,Delta Air Lines,0000027904,F1,10-Q,2019-10-10,0000027904-19-000012,https://www.sec.gov/Archives/edgar/data/27904/0000027904-19-000012.txt,VERIFIED_FROM_OFFICIAL_SEC_MASTER_INDEX,Sequential 10-Q/10-K under frozen H06 F5 rule
156,industrials,31,DAL,Delta Air Lines,0000027904,F2,10-K,2020-02-13,0000027904-20-000004,https://www.sec.gov/Archives/edgar/data/27904/0000027904-20-000004.txt,VERIFIED_FROM_OFFICIAL_SEC_MASTER_INDEX,Sequential 10-Q/10-K under frozen H06 F5 rule
156,industrials,31,DAL,Delta Air Lines,0000027904,F3,10-Q,2020-04-22,0000027904-20-000007,https://www.sec.gov/Archives/edgar/data/27904/0000027904-20-000007.txt,VERIFIED_FROM_OFFICIAL_SEC_MASTER_INDEX,Sequential 10-Q/10-K under frozen H06 F5 rule
156,industrials,31,DAL,Delta Air Lines,0000027904,F4,10-Q,2020-07-15,0000027904-20-000010,https://www.sec.gov/Archives/edgar/data/27904/0000027904-20-000010.txt,VERIFIED_FROM_OFFICIAL_SEC_MASTER_INDEX,Sequential 10-Q/10-K under frozen H06 F5 rule
156,industrials,31,DAL,Delta Air Lines,0000027904,F5,10-Q,2020-10-14,0000027904-20-000013,https://www.sec.gov/Archives/edgar/data/27904/0000027904-20-000013.txt,VERIFIED_FROM_OFFICIAL_SEC_MASTER_INDEX,Sequential 10-Q/10-K under frozen H06 F5 rule
157,industrials,32,HII,Huntington Ingalls Industries,0001501585,F1,10-Q,2019-11-07,0001501585-19-000026,https://www.sec.gov/Archives/edgar/data/1501585/0001501585-19-000026.txt,VERIFIED_FROM_OFFICIAL_SEC_MASTER_INDEX,Sequential 10-Q/10-K under frozen H06 F5 rule
157,industrials,32,HII,Huntington Ingalls Industries,0001501585,F2,10-K,2020-02-13,0001501585-20-000011,https://www.sec.gov/Archives/edgar/data/1501585/0001501585-20-000011.txt,VERIFIED_FROM_OFFICIAL_SEC_MASTER_INDEX,Sequential 10-Q/10-K under frozen H06 F5 rule
157,industrials,32,HII,Huntington Ingalls Industries,0001501585,F3,10-Q,2020-05-07,0001501585-20-000019,https://www.sec.gov/Archives/edgar/data/1501585/0001501585-20-000019.txt,VERIFIED_FROM_OFFICIAL_SEC_MASTER_INDEX,Sequential 10-Q/10-K under frozen H06 F5 rule
157,industrials,32,HII,Huntington Ingalls Industries,0001501585,F4,10-Q,2020-08-06,0001501585-20-000035,https://www.sec.gov/Archives/edgar/data/1501585/0001501585-20-000035.txt,VERIFIED_FROM_OFFICIAL_SEC_MASTER_INDEX,Sequential 10-Q/10-K under frozen H06 F5 rule
157,industrials,32,HII,Huntington Ingalls Industries,0001501585,F5,10-Q,2020-11-05,0001501585-20-000042,https://www.sec.gov/Archives/edgar/data/1501585/0001501585-20-000042.txt,VERIFIED_FROM_OFFICIAL_SEC_MASTER_INDEX,Sequential 10-Q/10-K under frozen H06 F5 rule
158,information_technology,1,KEYS,Keysight Technologies,0001601046,F1,10-Q,2019-08-30,0001601046-19-000038,https://www.sec.gov/Archives/edgar/data/1601046/0001601046-19-000038.txt,VERIFIED_FROM_OFFICIAL_SEC_MASTER_INDEX,Sequential 10-Q/10-K under frozen H06 F5 rule
158,information_technology,1,KEYS,Keysight Technologies,0001601046,F2,10-K,2019-12-18,0001601046-19-000110,https://www.sec.gov/Archives/edgar/data/1601046/0001601046-19-000110.txt,VERIFIED_FROM_OFFICIAL_SEC_MASTER_INDEX,Sequential 10-Q/10-K under frozen H06 F5 rule
158,information_technology,1,KEYS,Keysight Technologies,0001601046,F3,10-Q,2020-03-05,0001601046-20-000005,https://www.sec.gov/Archives/edgar/data/1601046/0001601046-20-000005.txt,VERIFIED_FROM_OFFICIAL_SEC_MASTER_INDEX,Sequential 10-Q/10-K under frozen H06 F5 rule
158,information_technology,1,KEYS,Keysight Technologies,0001601046,F4,10-Q,2020-06-02,0001601046-20-000045,https://www.sec.gov/Archives/edgar/data/1601046/0001601046-20-000045.txt,VERIFIED_FROM_OFFICIAL_SEC_MASTER_INDEX,Sequential 10-Q/10-K under frozen H06 F5 rule
158,information_technology,1,KEYS,Keysight Technologies,0001601046,F5,10-Q,2020-09-01,0001601046-20-000056,https://www.sec.gov/Archives/edgar/data/1601046/0001601046-20-000056.txt,VERIFIED_FROM_OFFICIAL_SEC_MASTER_INDEX,Sequential 10-Q/10-K under frozen H06 F5 rule
159,information_technology,2,IT,Gartner,0000749251,F1,10-Q,2019-10-31,0000749251-19-000025,https://www.sec.gov/Archives/edgar/data/749251/0000749251-19-000025.txt,VERIFIED_FROM_OFFICIAL_SEC_MASTER_INDEX,Sequential 10-Q/10-K under frozen H06 F5 rule
159,information_technology,2,IT,Gartner,0000749251,F2,10-K,2020-02-19,0000749251-20-000008,https://www.sec.gov/Archives/edgar/data/749251/0000749251-20-000008.txt,VERIFIED_FROM_OFFICIAL_SEC_MASTER_INDEX,Sequential 10-Q/10-K under frozen H06 F5 rule
159,information_technology,2,IT,Gartner,0000749251,F3,10-Q,2020-05-07,0000749251-20-000015,https://www.sec.gov/Archives/edgar/data/749251/0000749251-20-000015.txt,VERIFIED_FROM_OFFICIAL_SEC_MASTER_INDEX,Sequential 10-Q/10-K under frozen H06 F5 rule
159,information_technology,2,IT,Gartner,0000749251,F4,10-Q,2020-08-04,0000749251-20-000026,https://www.sec.gov/Archives/edgar/data/749251/0000749251-20-000026.txt,VERIFIED_FROM_OFFICIAL_SEC_MASTER_INDEX,Sequential 10-Q/10-K under frozen H06 F5 rule
159,information_technology,2,IT,Gartner,0000749251,F5,10-Q,2020-11-03,0000749251-20-000034,https://www.sec.gov/Archives/edgar/data/749251/0000749251-20-000034.txt,VERIFIED_FROM_OFFICIAL_SEC_MASTER_INDEX,Sequential 10-Q/10-K under frozen H06 F5 rule
160,information_technology,3,KLAC,KLA Corporation,0000319201,F1,10-Q,2019-10-31,0000319201-19-000039,https://www.sec.gov/Archives/edgar/data/319201/0000319201-19-000039.txt,VERIFIED_FROM_OFFICIAL_SEC_MASTER_INDEX,Sequential 10-Q/10-K under frozen H06 F5 rule
160,information_technology,3,KLAC,KLA Corporation,0000319201,F2,10-Q,2020-02-05,0000319201-20-000008,https://www.sec.gov/Archives/edgar/data/319201/0000319201-20-000008.txt,VERIFIED_FROM_OFFICIAL_SEC_MASTER_INDEX,Sequential 10-Q/10-K under frozen H06 F5 rule
160,information_technology,3,KLAC,KLA Corporation,0000319201,F3,10-Q,2020-05-06,0000319201-20-000026,https://www.sec.gov/Archives/edgar/data/319201/0000319201-20-000026.txt,VERIFIED_FROM_OFFICIAL_SEC_MASTER_INDEX,Sequential 10-Q/10-K under frozen H06 F5 rule
160,information_technology,3,KLAC,KLA Corporation,0000319201,F4,10-K,2020-08-07,0000319201-20-000047,https://www.sec.gov/Archives/edgar/data/319201/0000319201-20-000047.txt,VERIFIED_FROM_OFFICIAL_SEC_MASTER_INDEX,Sequential 10-Q/10-K under frozen H06 F5 rule
160,information_technology,3,KLAC,KLA Corporation,0000319201,F5,10-Q,2020-10-30,0000319201-20-000057,https://www.sec.gov/Archives/edgar/data/319201/0000319201-20-000057.txt,VERIFIED_FROM_OFFICIAL_SEC_MASTER_INDEX,Sequential 10-Q/10-K under frozen H06 F5 rule
161,information_technology,4,NLOK,NortonLifeLock,0000849399,F1,10-Q,2019-11-08,0000849399-19-000016,https://www.sec.gov/Archives/edgar/data/849399/0000849399-19-000016.txt,VERIFIED_FROM_OFFICIAL_SEC_MASTER_INDEX,Sequential 10-Q/10-K under frozen H06 F5 rule
161,information_technology,4,NLOK,NortonLifeLock,0000849399,F2,10-Q,2020-02-07,0000849399-20-000002,https://www.sec.gov/Archives/edgar/data/849399/0000849399-20-000002.txt,VERIFIED_FROM_OFFICIAL_SEC_MASTER_INDEX,Sequential 10-Q/10-K under frozen H06 F5 rule
161,information_technology,4,NLOK,NortonLifeLock,0000849399,F3,10-K,2020-05-28,0000849399-20-000004,https://www.sec.gov/Archives/edgar/data/849399/0000849399-20-000004.txt,VERIFIED_FROM_OFFICIAL_SEC_MASTER_INDEX,Sequential 10-Q/10-K under frozen H06 F5 rule
161,information_technology,4,NLOK,NortonLifeLock,0000849399,F4,10-Q,2020-08-06,0000849399-20-000007,https://www.sec.gov/Archives/edgar/data/849399/0000849399-20-000007.txt,VERIFIED_FROM_OFFICIAL_SEC_MASTER_INDEX,Sequential 10-Q/10-K under frozen H06 F5 rule
161,information_technology,4,NLOK,NortonLifeLock,0000849399,F5,10-Q,2020-11-06,0000849399-20-000011,https://www.sec.gov/Archives/edgar/data/849399/0000849399-20-000011.txt,VERIFIED_FROM_OFFICIAL_SEC_MASTER_INDEX,Sequential 10-Q/10-K under frozen H06 F5 rule
162,information_technology,5,NVDA,Nvidia,0001045810,F1,10-Q,2019-11-14,0001045810-19-000170,https://www.sec.gov/Archives/edgar/data/1045810/0001045810-19-000170.txt,VERIFIED_FROM_OFFICIAL_SEC_MASTER_INDEX,Sequential 10-Q/10-K under frozen H06 F5 rule
162,information_technology,5,NVDA,Nvidia,0001045810,F2,10-K,2020-02-20,0001045810-20-000010,https://www.sec.gov/Archives/edgar/data/1045810/0001045810-20-000010.txt,VERIFIED_FROM_OFFICIAL_SEC_MASTER_INDEX,Sequential 10-Q/10-K under frozen H06 F5 rule
162,information_technology,5,NVDA,Nvidia,0001045810,F3,10-Q,2020-05-21,0001045810-20-000065,https://www.sec.gov/Archives/edgar/data/1045810/0001045810-20-000065.txt,VERIFIED_FROM_OFFICIAL_SEC_MASTER_INDEX,Sequential 10-Q/10-K under frozen H06 F5 rule
162,information_technology,5,NVDA,Nvidia,0001045810,F4,10-Q,2020-08-19,0001045810-20-000147,https://www.sec.gov/Archives/edgar/data/1045810/0001045810-20-000147.txt,VERIFIED_FROM_OFFICIAL_SEC_MASTER_INDEX,Sequential 10-Q/10-K under frozen H06 F5 rule
162,information_technology,5,NVDA,Nvidia,0001045810,F5,10-Q,2020-11-18,0001045810-20-000189,https://www.sec.gov/Archives/edgar/data/1045810/0001045810-20-000189.txt,VERIFIED_FROM_OFFICIAL_SEC_MASTER_INDEX,Sequential 10-Q/10-K under frozen H06 F5 rule
163,information_technology,6,XLNX,Xilinx,0000743988,F1,10-Q,2019-10-25,0000743988-19-000038,https://www.sec.gov/Archives/edgar/data/743988/0000743988-19-000038.txt,VERIFIED_FROM_OFFICIAL_SEC_MASTER_INDEX,Sequential 10-Q/10-K under frozen H06 F5 rule
163,information_technology,6,XLNX,Xilinx,0000743988,F2,10-Q,2020-01-28,0000743988-20-000009,https://www.sec.gov/Archives/edgar/data/743988/0000743988-20-000009.txt,VERIFIED_FROM_OFFICIAL_SEC_MASTER_INDEX,Sequential 10-Q/10-K under frozen H06 F5 rule
163,information_technology,6,XLNX,Xilinx,0000743988,F3,10-K,2020-05-08,0000743988-20-000020,https://www.sec.gov/Archives/edgar/data/743988/0000743988-20-000020.txt,VERIFIED_FROM_OFFICIAL_SEC_MASTER_INDEX,Sequential 10-Q/10-K under frozen H06 F5 rule
163,information_technology,6,XLNX,Xilinx,0000743988,F4,10-Q,2020-07-31,0000743988-20-000040,https://www.sec.gov/Archives/edgar/data/743988/0000743988-20-000040.txt,VERIFIED_FROM_OFFICIAL_SEC_MASTER_INDEX,Sequential 10-Q/10-K under frozen H06 F5 rule
163,information_technology,6,XLNX,Xilinx,0000743988,F5,10-Q,2020-10-22,0000743988-20-000051,https://www.sec.gov/Archives/edgar/data/743988/0000743988-20-000051.txt,VERIFIED_FROM_OFFICIAL_SEC_MASTER_INDEX,Sequential 10-Q/10-K under frozen H06 F5 rule
164,information_technology,7,SWKS,Skyworks Solutions,0000004127,F1,10-K,2019-11-14,0000004127-19-000049,https://www.sec.gov/Archives/edgar/data/4127/0000004127-19-000049.txt,VERIFIED_FROM_OFFICIAL_SEC_MASTER_INDEX,Sequential 10-Q/10-K under frozen H06 F5 rule
164,information_technology,7,SWKS,Skyworks Solutions,0000004127,F2,10-Q,2020-01-24,0000004127-20-000007,https://www.sec.gov/Archives/edgar/data/4127/0000004127-20-000007.txt,VERIFIED_FROM_OFFICIAL_SEC_MASTER_INDEX,Sequential 10-Q/10-K under frozen H06 F5 rule
164,information_technology,7,SWKS,Skyworks Solutions,0000004127,F3,10-Q,2020-05-05,0000004127-20-000027,https://www.sec.gov/Archives/edgar/data/4127/0000004127-20-000027.txt,VERIFIED_FROM_OFFICIAL_SEC_MASTER_INDEX,Sequential 10-Q/10-K under frozen H06 F5 rule
164,information_technology,7,SWKS,Skyworks Solutions,0000004127,F4,10-Q,2020-07-24,0000004127-20-000046,https://www.sec.gov/Archives/edgar/data/4127/0000004127-20-000046.txt,VERIFIED_FROM_OFFICIAL_SEC_MASTER_INDEX,Sequential 10-Q/10-K under frozen H06 F5 rule
164,information_technology,7,SWKS,Skyworks Solutions,0000004127,F5,10-K,2020-11-17,0000004127-20-000058,https://www.sec.gov/Archives/edgar/data/4127/0000004127-20-000058.txt,VERIFIED_FROM_OFFICIAL_SEC_MASTER_INDEX,Sequential 10-Q/10-K under frozen H06 F5 rule
165,information_technology,8,CTXS,Citrix,0000877890,F1,10-Q,2019-11-01,0000877890-19-000279,https://www.sec.gov/Archives/edgar/data/877890/0000877890-19-000279.txt,VERIFIED_FROM_OFFICIAL_SEC_MASTER_INDEX,Sequential 10-Q/10-K under frozen H06 F5 rule
165,information_technology,8,CTXS,Citrix,0000877890,F2,10-K,2020-02-14,0000877890-20-000051,https://www.sec.gov/Archives/edgar/data/877890/0000877890-20-000051.txt,VERIFIED_FROM_OFFICIAL_SEC_MASTER_INDEX,Sequential 10-Q/10-K under frozen H06 F5 rule
165,information_technology,8,CTXS,Citrix,0000877890,F3,10-Q,2020-05-05,0000877890-20-000155,https://www.sec.gov/Archives/edgar/data/877890/0000877890-20-000155.txt,VERIFIED_FROM_OFFICIAL_SEC_MASTER_INDEX,Sequential 10-Q/10-K under frozen H06 F5 rule
165,information_technology,8,CTXS,Citrix,0000877890,F4,10-Q,2020-07-31,0000877890-20-000247,https://www.sec.gov/Archives/edgar/data/877890/0000877890-20-000247.txt,VERIFIED_FROM_OFFICIAL_SEC_MASTER_INDEX,Sequential 10-Q/10-K under frozen H06 F5 rule
165,information_technology,8,CTXS,Citrix,0000877890,F5,10-Q,2020-10-30,0000877890-20-000316,https://www.sec.gov/Archives/edgar/data/877890/0000877890-20-000316.txt,VERIFIED_FROM_OFFICIAL_SEC_MASTER_INDEX,Sequential 10-Q/10-K under frozen H06 F5 rule
166,information_technology,9,TDY,Teledyne Technologies,0001094285,F1,10-Q,2019-10-28,0001094285-19-000162,https://www.sec.gov/Archives/edgar/data/1094285/0001094285-19-000162.txt,VERIFIED_FROM_OFFICIAL_SEC_MASTER_INDEX,Sequential 10-Q/10-K under frozen H06 F5 rule
166,information_technology,9,TDY,Teledyne Technologies,0001094285,F2,10-K,2020-02-24,0001094285-20-000045,https://www.sec.gov/Archives/edgar/data/1094285/0001094285-20-000045.txt,VERIFIED_FROM_OFFICIAL_SEC_MASTER_INDEX,Sequential 10-Q/10-K under frozen H06 F5 rule
166,information_technology,9,TDY,Teledyne Technologies,0001094285,F3,10-Q,2020-04-22,0001094285-20-000068,https://www.sec.gov/Archives/edgar/data/1094285/0001094285-20-000068.txt,VERIFIED_FROM_OFFICIAL_SEC_MASTER_INDEX,Sequential 10-Q/10-K under frozen H06 F5 rule
166,information_technology,9,TDY,Teledyne Technologies,0001094285,F4,10-Q,2020-07-23,0001094285-20-000139,https://www.sec.gov/Archives/edgar/data/1094285/0001094285-20-000139.txt,VERIFIED_FROM_OFFICIAL_SEC_MASTER_INDEX,Sequential 10-Q/10-K under frozen H06 F5 rule
166,information_technology,9,TDY,Teledyne Technologies,0001094285,F5,10-Q,2020-10-22,0001094285-20-000163,https://www.sec.gov/Archives/edgar/data/1094285/0001094285-20-000163.txt,VERIFIED_FROM_OFFICIAL_SEC_MASTER_INDEX,Sequential 10-Q/10-K under frozen H06 F5 rule
167,information_technology,10,AKAM,Akamai Technologies,0001086222,F1,10-Q,2019-11-08,0001086222-19-000241,https://www.sec.gov/Archives/edgar/data/1086222/0001086222-19-000241.txt,VERIFIED_FROM_OFFICIAL_SEC_MASTER_INDEX,Sequential 10-Q/10-K under frozen H06 F5 rule
167,information_technology,10,AKAM,Akamai Technologies,0001086222,F2,10-K,2020-02-28,0001086222-20-000045,https://www.sec.gov/Archives/edgar/data/1086222/0001086222-20-000045.txt,VERIFIED_FROM_OFFICIAL_SEC_MASTER_INDEX,Sequential 10-Q/10-K under frozen H06 F5 rule
167,information_technology,10,AKAM,Akamai Technologies,0001086222,F3,10-Q,2020-05-08,0001086222-20-000103,https://www.sec.gov/Archives/edgar/data/1086222/0001086222-20-000103.txt,VERIFIED_FROM_OFFICIAL_SEC_MASTER_INDEX,Sequential 10-Q/10-K under frozen H06 F5 rule
167,information_technology,10,AKAM,Akamai Technologies,0001086222,F4,10-Q,2020-08-07,0001086222-20-000198,https://www.sec.gov/Archives/edgar/data/1086222/0001086222-20-000198.txt,VERIFIED_FROM_OFFICIAL_SEC_MASTER_INDEX,Sequential 10-Q/10-K under frozen H06 F5 rule
167,information_technology,10,AKAM,Akamai Technologies,0001086222,F5,10-Q,2020-11-06,0001086222-20-000220,https://www.sec.gov/Archives/edgar/data/1086222/0001086222-20-000220.txt,VERIFIED_FROM_OFFICIAL_SEC_MASTER_INDEX,Sequential 10-Q/10-K under frozen H06 F5 rule
168,information_technology,11,INTU,Intuit,0000896878,F1,10-Q,2019-11-21,0000896878-19-000174,https://www.sec.gov/Archives/edgar/data/896878/0000896878-19-000174.txt,VERIFIED_FROM_OFFICIAL_SEC_MASTER_INDEX,Sequential 10-Q/10-K under frozen H06 F5 rule
168,information_technology,11,INTU,Intuit,0000896878,F2,10-Q,2020-02-24,0000896878-20-000027,https://www.sec.gov/Archives/edgar/data/896878/0000896878-20-000027.txt,VERIFIED_FROM_OFFICIAL_SEC_MASTER_INDEX,Sequential 10-Q/10-K under frozen H06 F5 rule
168,information_technology,11,INTU,Intuit,0000896878,F3,10-Q,2020-05-21,0000896878-20-000065,https://www.sec.gov/Archives/edgar/data/896878/0000896878-20-000065.txt,VERIFIED_FROM_OFFICIAL_SEC_MASTER_INDEX,Sequential 10-Q/10-K under frozen H06 F5 rule
168,information_technology,11,INTU,Intuit,0000896878,F4,10-K,2020-08-31,0000896878-20-000148,https://www.sec.gov/Archives/edgar/data/896878/0000896878-20-000148.txt,VERIFIED_FROM_OFFICIAL_SEC_MASTER_INDEX,Sequential 10-Q/10-K under frozen H06 F5 rule
168,information_technology,11,INTU,Intuit,0000896878,F5,10-Q,2020-11-19,0000896878-20-000223,https://www.sec.gov/Archives/edgar/data/896878/0000896878-20-000223.txt,VERIFIED_FROM_OFFICIAL_SEC_MASTER_INDEX,Sequential 10-Q/10-K under frozen H06 F5 rule
169,information_technology,12,CDNS,Cadence Design Systems,0000813672,F1,10-Q,2019-10-21,0000813672-19-000027,https://www.sec.gov/Archives/edgar/data/813672/0000813672-19-000027.txt,VERIFIED_FROM_OFFICIAL_SEC_MASTER_INDEX,Sequential 10-Q/10-K under frozen H06 F5 rule
169,information_technology,12,CDNS,Cadence Design Systems,0000813672,F2,10-K,2020-02-24,0000813672-20-000007,https://www.sec.gov/Archives/edgar/data/813672/0000813672-20-000007.txt,VERIFIED_FROM_OFFICIAL_SEC_MASTER_INDEX,Sequential 10-Q/10-K under frozen H06 F5 rule
169,information_technology,12,CDNS,Cadence Design Systems,0000813672,F3,10-Q,2020-04-20,0000813672-20-000013,https://www.sec.gov/Archives/edgar/data/813672/0000813672-20-000013.txt,VERIFIED_FROM_OFFICIAL_SEC_MASTER_INDEX,Sequential 10-Q/10-K under frozen H06 F5 rule
169,information_technology,12,CDNS,Cadence Design Systems,0000813672,F4,10-Q,2020-07-20,0000813672-20-000020,https://www.sec.gov/Archives/edgar/data/813672/0000813672-20-000020.txt,VERIFIED_FROM_OFFICIAL_SEC_MASTER_INDEX,Sequential 10-Q/10-K under frozen H06 F5 rule
169,information_technology,12,CDNS,Cadence Design Systems,0000813672,F5,10-Q,2020-10-19,0000813672-20-000027,https://www.sec.gov/Archives/edgar/data/813672/0000813672-20-000027.txt,VERIFIED_FROM_OFFICIAL_SEC_MASTER_INDEX,Sequential 10-Q/10-K under frozen H06 F5 rule
170,information_technology,13,CRM,Salesforce,0001108524,F1,10-Q,2019-08-23,0001108524-19-000052,https://www.sec.gov/Archives/edgar/data/1108524/0001108524-19-000052.txt,VERIFIED_FROM_OFFICIAL_SEC_MASTER_INDEX,Sequential 10-Q/10-K under frozen H06 F5 rule
170,information_technology,13,CRM,Salesforce,0001108524,F2,10-Q,2019-12-04,0001108524-19-000076,https://www.sec.gov/Archives/edgar/data/1108524/0001108524-19-000076.txt,VERIFIED_FROM_OFFICIAL_SEC_MASTER_INDEX,Sequential 10-Q/10-K under frozen H06 F5 rule
170,information_technology,13,CRM,Salesforce,0001108524,F3,10-K,2020-03-05,0001108524-20-000014,https://www.sec.gov/Archives/edgar/data/1108524/0001108524-20-000014.txt,VERIFIED_FROM_OFFICIAL_SEC_MASTER_INDEX,Sequential 10-Q/10-K under frozen H06 F5 rule
170,information_technology,13,CRM,Salesforce,0001108524,F4,10-Q,2020-06-01,0001108524-22-000007,https://www.sec.gov/Archives/edgar/data/1108524/0001108524-22-000007.txt,VERIFIED_FROM_OFFICIAL_SEC_MASTER_INDEX,Sequential 10-Q/10-K under frozen H06 F5 rule
170,information_technology,13,CRM,Salesforce,0001108524,F5,10-Q,2020-08-28,0001108524-20-000041,https://www.sec.gov/Archives/edgar/data/1108524/0001108524-20-000041.txt,VERIFIED_FROM_OFFICIAL_SEC_MASTER_INDEX,Sequential 10-Q/10-K under frozen H06 F5 rule
171,information_technology,14,INTC,Intel,0000050863,F1,10-Q,2019-10-25,0000050863-19-000029,https://www.sec.gov/Archives/edgar/data/50863/0000050863-19-000029.txt,VERIFIED_FROM_OFFICIAL_SEC_MASTER_INDEX,Sequential 10-Q/10-K under frozen H06 F5 rule
171,information_technology,14,INTC,Intel,0000050863,F2,10-K,2020-01-24,0000050863-20-000011,https://www.sec.gov/Archives/edgar/data/50863/0000050863-20-000011.txt,VERIFIED_FROM_OFFICIAL_SEC_MASTER_INDEX,Sequential 10-Q/10-K under frozen H06 F5 rule
171,information_technology,14,INTC,Intel,0000050863,F3,10-Q,2020-04-24,0000050863-20-000017,https://www.sec.gov/Archives/edgar/data/50863/0000050863-20-000017.txt,VERIFIED_FROM_OFFICIAL_SEC_MASTER_INDEX,Sequential 10-Q/10-K under frozen H06 F5 rule
171,information_technology,14,INTC,Intel,0000050863,F4,10-Q,2020-07-24,0000050863-20-000026,https://www.sec.gov/Archives/edgar/data/50863/0000050863-20-000026.txt,VERIFIED_FROM_OFFICIAL_SEC_MASTER_INDEX,Sequential 10-Q/10-K under frozen H06 F5 rule
171,information_technology,14,INTC,Intel,0000050863,F5,10-Q,2020-10-23,0000050863-20-000043,https://www.sec.gov/Archives/edgar/data/50863/0000050863-20-000043.txt,VERIFIED_FROM_OFFICIAL_SEC_MASTER_INDEX,Sequential 10-Q/10-K under frozen H06 F5 rule
172,information_technology,15,JNPR,Juniper Networks,0001043604,F1,10-Q,2019-11-06,0001043604-19-000113,https://www.sec.gov/Archives/edgar/data/1043604/0001043604-19-000113.txt,VERIFIED_FROM_OFFICIAL_SEC_MASTER_INDEX,Sequential 10-Q/10-K under frozen H06 F5 rule
172,information_technology,15,JNPR,Juniper Networks,0001043604,F2,10-K,2020-02-20,0001043604-20-000021,https://www.sec.gov/Archives/edgar/data/1043604/0001043604-20-000021.txt,VERIFIED_FROM_OFFICIAL_SEC_MASTER_INDEX,Sequential 10-Q/10-K under frozen H06 F5 rule
172,information_technology,15,JNPR,Juniper Networks,0001043604,F3,10-Q,2020-05-05,0001043604-20-000051,https://www.sec.gov/Archives/edgar/data/1043604/0001043604-20-000051.txt,VERIFIED_FROM_OFFICIAL_SEC_MASTER_INDEX,Sequential 10-Q/10-K under frozen H06 F5 rule
172,information_technology,15,JNPR,Juniper Networks,0001043604,F4,10-Q,2020-08-04,0001043604-20-000072,https://www.sec.gov/Archives/edgar/data/1043604/0001043604-20-000072.txt,VERIFIED_FROM_OFFICIAL_SEC_MASTER_INDEX,Sequential 10-Q/10-K under frozen H06 F5 rule
172,information_technology,15,JNPR,Juniper Networks,0001043604,F5,10-Q,2020-11-02,0001043604-20-000088,https://www.sec.gov/Archives/edgar/data/1043604/0001043604-20-000088.txt,VERIFIED_FROM_OFFICIAL_SEC_MASTER_INDEX,Sequential 10-Q/10-K under frozen H06 F5 rule
173,information_technology,16,ROP,Roper Technologies,0000882835,F1,10-Q,2019-11-01,0000882835-19-000050,https://www.sec.gov/Archives/edgar/data/882835/0000882835-19-000050.txt,VERIFIED_FROM_OFFICIAL_SEC_MASTER_INDEX,Sequential 10-Q/10-K under frozen H06 F5 rule
173,information_technology,16,ROP,Roper Technologies,0000882835,F2,10-K,2020-02-28,0000882835-20-000006,https://www.sec.gov/Archives/edgar/data/882835/0000882835-20-000006.txt,VERIFIED_FROM_OFFICIAL_SEC_MASTER_INDEX,Sequential 10-Q/10-K under frozen H06 F5 rule
173,information_technology,16,ROP,Roper Technologies,0000882835,F3,10-Q,2020-05-06,0000882835-20-000012,https://www.sec.gov/Archives/edgar/data/882835/0000882835-20-000012.txt,VERIFIED_FROM_OFFICIAL_SEC_MASTER_INDEX,Sequential 10-Q/10-K under frozen H06 F5 rule
173,information_technology,16,ROP,Roper Technologies,0000882835,F4,10-Q,2020-08-05,0000882835-20-000025,https://www.sec.gov/Archives/edgar/data/882835/0000882835-20-000025.txt,VERIFIED_FROM_OFFICIAL_SEC_MASTER_INDEX,Sequential 10-Q/10-K under frozen H06 F5 rule
173,information_technology,16,ROP,Roper Technologies,0000882835,F5,10-Q,2020-11-04,0000882835-20-000033,https://www.sec.gov/Archives/edgar/data/882835/0000882835-20-000033.txt,VERIFIED_FROM_OFFICIAL_SEC_MASTER_INDEX,Sequential 10-Q/10-K under frozen H06 F5 rule
174,information_technology,17,VRSN,Verisign,0001014473,F1,10-Q,2019-10-24,0001014473-19-000037,https://www.sec.gov/Archives/edgar/data/1014473/0001014473-19-000037.txt,VERIFIED_FROM_OFFICIAL_SEC_MASTER_INDEX,Sequential 10-Q/10-K under frozen H06 F5 rule
174,information_technology,17,VRSN,Verisign,0001014473,F2,10-K,2020-02-14,0001014473-20-000006,https://www.sec.gov/Archives/edgar/data/1014473/0001014473-20-000006.txt,VERIFIED_FROM_OFFICIAL_SEC_MASTER_INDEX,Sequential 10-Q/10-K under frozen H06 F5 rule
174,information_technology,17,VRSN,Verisign,0001014473,F3,10-Q,2020-04-23,0001014473-20-000019,https://www.sec.gov/Archives/edgar/data/1014473/0001014473-20-000019.txt,VERIFIED_FROM_OFFICIAL_SEC_MASTER_INDEX,Sequential 10-Q/10-K under frozen H06 F5 rule
174,information_technology,17,VRSN,Verisign,0001014473,F4,10-Q,2020-07-23,0001014473-20-000029,https://www.sec.gov/Archives/edgar/data/1014473/0001014473-20-000029.txt,VERIFIED_FROM_OFFICIAL_SEC_MASTER_INDEX,Sequential 10-Q/10-K under frozen H06 F5 rule
174,information_technology,17,VRSN,Verisign,0001014473,F5,10-Q,2020-10-22,0001014473-20-000034,https://www.sec.gov/Archives/edgar/data/1014473/0001014473-20-000034.txt,VERIFIED_FROM_OFFICIAL_SEC_MASTER_INDEX,Sequential 10-Q/10-K under frozen H06 F5 rule
175,information_technology,18,AVGO,Broadcom,0001730168,F1,10-Q,2019-09-13,0001730168-19-000118,https://www.sec.gov/Archives/edgar/data/1730168/0001730168-19-000118.txt,VERIFIED_FROM_OFFICIAL_SEC_MASTER_INDEX,Sequential 10-Q/10-K under frozen H06 F5 rule
175,information_technology,18,AVGO,Broadcom,0001730168,F2,10-K,2019-12-20,0001730168-19-000144,https://www.sec.gov/Archives/edgar/data/1730168/0001730168-19-000144.txt,VERIFIED_FROM_OFFICIAL_SEC_MASTER_INDEX,Sequential 10-Q/10-K under frozen H06 F5 rule
175,information_technology,18,AVGO,Broadcom,0001730168,F3,10-Q,2020-03-13,0001730168-20-000045,https://www.sec.gov/Archives/edgar/data/1730168/0001730168-20-000045.txt,VERIFIED_FROM_OFFICIAL_SEC_MASTER_INDEX,Sequential 10-Q/10-K under frozen H06 F5 rule
175,information_technology,18,AVGO,Broadcom,0001730168,F4,10-Q,2020-06-12,0001730168-20-000109,https://www.sec.gov/Archives/edgar/data/1730168/0001730168-20-000109.txt,VERIFIED_FROM_OFFICIAL_SEC_MASTER_INDEX,Sequential 10-Q/10-K under frozen H06 F5 rule
175,information_technology,18,AVGO,Broadcom,0001730168,F5,10-Q,2020-09-11,0001730168-20-000164,https://www.sec.gov/Archives/edgar/data/1730168/0001730168-20-000164.txt,VERIFIED_FROM_OFFICIAL_SEC_MASTER_INDEX,Sequential 10-Q/10-K under frozen H06 F5 rule
176,information_technology,19,ACN,Accenture,0001467373,F1,10-K,2019-10-29,0001467373-19-000339,https://www.sec.gov/Archives/edgar/data/1467373/0001467373-19-000339.txt,VERIFIED_FROM_OFFICIAL_SEC_MASTER_INDEX,Sequential 10-Q/10-K under frozen H06 F5 rule
176,information_technology,19,ACN,Accenture,0001467373,F2,10-Q,2019-12-19,0001467373-19-000395,https://www.sec.gov/Archives/edgar/data/1467373/0001467373-19-000395.txt,VERIFIED_FROM_OFFICIAL_SEC_MASTER_INDEX,Sequential 10-Q/10-K under frozen H06 F5 rule
176,information_technology,19,ACN,Accenture,0001467373,F3,10-Q,2020-03-19,0001467373-20-000158,https://www.sec.gov/Archives/edgar/data/1467373/0001467373-20-000158.txt,VERIFIED_FROM_OFFICIAL_SEC_MASTER_INDEX,Sequential 10-Q/10-K under frozen H06 F5 rule
176,information_technology,19,ACN,Accenture,0001467373,F4,10-Q,2020-06-25,0001467373-20-000251,https://www.sec.gov/Archives/edgar/data/1467373/0001467373-20-000251.txt,VERIFIED_FROM_OFFICIAL_SEC_MASTER_INDEX,Sequential 10-Q/10-K under frozen H06 F5 rule
176,information_technology,19,ACN,Accenture,0001467373,F5,10-K,2020-10-22,0001467373-20-000376,https://www.sec.gov/Archives/edgar/data/1467373/0001467373-20-000376.txt,VERIFIED_FROM_OFFICIAL_SEC_MASTER_INDEX,Sequential 10-Q/10-K under frozen H06 F5 rule
177,information_technology,20,LRCX,Lam Research,0000707549,F1,10-Q,2019-10-29,0000707549-19-000163,https://www.sec.gov/Archives/edgar/data/707549/0000707549-19-000163.txt,VERIFIED_FROM_OFFICIAL_SEC_MASTER_INDEX,Sequential 10-Q/10-K under frozen H06 F5 rule
177,information_technology,20,LRCX,Lam Research,0000707549,F2,10-Q,2020-02-04,0000707549-20-000020,https://www.sec.gov/Archives/edgar/data/707549/0000707549-20-000020.txt,VERIFIED_FROM_OFFICIAL_SEC_MASTER_INDEX,Sequential 10-Q/10-K under frozen H06 F5 rule
177,information_technology,20,LRCX,Lam Research,0000707549,F3,10-Q,2020-04-28,0000707549-20-000081,https://www.sec.gov/Archives/edgar/data/707549/0000707549-20-000081.txt,VERIFIED_FROM_OFFICIAL_SEC_MASTER_INDEX,Sequential 10-Q/10-K under frozen H06 F5 rule
177,information_technology,20,LRCX,Lam Research,0000707549,F4,10-K,2020-08-18,0000707549-20-000138,https://www.sec.gov/Archives/edgar/data/707549/0000707549-20-000138.txt,VERIFIED_FROM_OFFICIAL_SEC_MASTER_INDEX,Sequential 10-Q/10-K under frozen H06 F5 rule
177,information_technology,20,LRCX,Lam Research,0000707549,F5,10-Q,2020-10-27,0000707549-20-000173,https://www.sec.gov/Archives/edgar/data/707549/0000707549-20-000173.txt,VERIFIED_FROM_OFFICIAL_SEC_MASTER_INDEX,Sequential 10-Q/10-K under frozen H06 F5 rule
178,information_technology,21,SNPS,Synopsys,0000883241,F1,10-Q,2019-08-26,0000883241-19-000015,https://www.sec.gov/Archives/edgar/data/883241/0000883241-19-000015.txt,VERIFIED_FROM_OFFICIAL_SEC_MASTER_INDEX,Sequential 10-Q/10-K under frozen H06 F5 rule
178,information_technology,21,SNPS,Synopsys,0000883241,F2,10-K,2019-12-20,0000883241-19-000019,https://www.sec.gov/Archives/edgar/data/883241/0000883241-19-000019.txt,VERIFIED_FROM_OFFICIAL_SEC_MASTER_INDEX,Sequential 10-Q/10-K under frozen H06 F5 rule
178,information_technology,21,SNPS,Synopsys,0000883241,F3,10-Q,2020-02-21,0000883241-20-000006,https://www.sec.gov/Archives/edgar/data/883241/0000883241-20-000006.txt,VERIFIED_FROM_OFFICIAL_SEC_MASTER_INDEX,Sequential 10-Q/10-K under frozen H06 F5 rule
178,information_technology,21,SNPS,Synopsys,0000883241,F4,10-Q,2020-05-22,0000883241-20-000009,https://www.sec.gov/Archives/edgar/data/883241/0000883241-20-000009.txt,VERIFIED_FROM_OFFICIAL_SEC_MASTER_INDEX,Sequential 10-Q/10-K under frozen H06 F5 rule
178,information_technology,21,SNPS,Synopsys,0000883241,F5,10-Q,2020-08-21,0000883241-20-000012,https://www.sec.gov/Archives/edgar/data/883241/0000883241-20-000012.txt,VERIFIED_FROM_OFFICIAL_SEC_MASTER_INDEX,Sequential 10-Q/10-K under frozen H06 F5 rule
179,information_technology,22,WDC,Western Digital,0000106040,F1,10-Q,2019-11-12,0000106040-19-000075,https://www.sec.gov/Archives/edgar/data/106040/0000106040-19-000075.txt,VERIFIED_FROM_OFFICIAL_SEC_MASTER_INDEX,Sequential 10-Q/10-K under frozen H06 F5 rule
179,information_technology,22,WDC,Western Digital,0000106040,F2,10-Q,2020-02-11,0000106040-20-000011,https://www.sec.gov/Archives/edgar/data/106040/0000106040-20-000011.txt,VERIFIED_FROM_OFFICIAL_SEC_MASTER_INDEX,Sequential 10-Q/10-K under frozen H06 F5 rule
179,information_technology,22,WDC,Western Digital,0000106040,F3,10-Q,2020-05-08,0000106040-20-000024,https://www.sec.gov/Archives/edgar/data/106040/0000106040-20-000024.txt,VERIFIED_FROM_OFFICIAL_SEC_MASTER_INDEX,Sequential 10-Q/10-K under frozen H06 F5 rule
179,information_technology,22,WDC,Western Digital,0000106040,F4,10-K,2020-08-28,0000106040-20-000049,https://www.sec.gov/Archives/edgar/data/106040/0000106040-20-000049.txt,VERIFIED_FROM_OFFICIAL_SEC_MASTER_INDEX,Sequential 10-Q/10-K under frozen H06 F5 rule
179,information_technology,22,WDC,Western Digital,0000106040,F5,10-Q,2020-11-06,0000106040-20-000061,https://www.sec.gov/Archives/edgar/data/106040/0000106040-20-000061.txt,VERIFIED_FROM_OFFICIAL_SEC_MASTER_INDEX,Sequential 10-Q/10-K under frozen H06 F5 rule
180,information_technology,24,HPQ,HP Inc.,0000047217,F1,10-Q,2019-08-29,0000047217-19-000048,https://www.sec.gov/Archives/edgar/data/47217/0000047217-19-000048.txt,VERIFIED_FROM_OFFICIAL_SEC_MASTER_INDEX,Sequential 10-Q/10-K under frozen H06 F5 rule
180,information_technology,24,HPQ,HP Inc.,0000047217,F2,10-K,2019-12-12,0000047217-19-000071,https://www.sec.gov/Archives/edgar/data/47217/0000047217-19-000071.txt,VERIFIED_FROM_OFFICIAL_SEC_MASTER_INDEX,Sequential 10-Q/10-K under frozen H06 F5 rule
180,information_technology,24,HPQ,HP Inc.,0000047217,F3,10-Q,2020-03-05,0000047217-20-000006,https://www.sec.gov/Archives/edgar/data/47217/0000047217-20-000006.txt,VERIFIED_FROM_OFFICIAL_SEC_MASTER_INDEX,Sequential 10-Q/10-K under frozen H06 F5 rule
180,information_technology,24,HPQ,HP Inc.,0000047217,F4,10-Q,2020-06-05,0000047217-20-000020,https://www.sec.gov/Archives/edgar/data/47217/0000047217-20-000020.txt,VERIFIED_FROM_OFFICIAL_SEC_MASTER_INDEX,Sequential 10-Q/10-K under frozen H06 F5 rule
180,information_technology,24,HPQ,HP Inc.,0000047217,F5,10-Q,2020-09-04,0000047217-20-000034,https://www.sec.gov/Archives/edgar/data/47217/0000047217-20-000034.txt,VERIFIED_FROM_OFFICIAL_SEC_MASTER_INDEX,Sequential 10-Q/10-K under frozen H06 F5 rule
181,information_technology,25,MSFT,Microsoft,0000789019,F1,10-Q,2019-10-23,0001564590-19-037549,https://www.sec.gov/Archives/edgar/data/789019/0001564590-19-037549.txt,VERIFIED_FROM_OFFICIAL_SEC_MASTER_INDEX,Sequential 10-Q/10-K under frozen H06 F5 rule
181,information_technology,25,MSFT,Microsoft,0000789019,F2,10-Q,2020-01-29,0001564590-20-002450,https://www.sec.gov/Archives/edgar/data/789019/0001564590-20-002450.txt,VERIFIED_FROM_OFFICIAL_SEC_MASTER_INDEX,Sequential 10-Q/10-K under frozen H06 F5 rule
181,information_technology,25,MSFT,Microsoft,0000789019,F3,10-Q,2020-04-29,0001564590-20-019706,https://www.sec.gov/Archives/edgar/data/789019/0001564590-20-019706.txt,VERIFIED_FROM_OFFICIAL_SEC_MASTER_INDEX,Sequential 10-Q/10-K under frozen H06 F5 rule
181,information_technology,25,MSFT,Microsoft,0000789019,F4,10-K,2020-07-30,0001564590-20-034944,https://www.sec.gov/Archives/edgar/data/789019/0001564590-20-034944.txt,VERIFIED_FROM_OFFICIAL_SEC_MASTER_INDEX,Sequential 10-Q/10-K under frozen H06 F5 rule
181,information_technology,25,MSFT,Microsoft,0000789019,F5,10-Q,2020-10-27,0001564590-20-047996,https://www.sec.gov/Archives/edgar/data/789019/0001564590-20-047996.txt,VERIFIED_FROM_OFFICIAL_SEC_MASTER_INDEX,Sequential 10-Q/10-K under frozen H06 F5 rule
182,information_technology,26,QRVO,Qorvo,0001604778,F1,10-Q,2019-11-01,0001604778-19-000084,https://www.sec.gov/Archives/edgar/data/1604778/0001604778-19-000084.txt,VERIFIED_FROM_OFFICIAL_SEC_MASTER_INDEX,Sequential 10-Q/10-K under frozen H06 F5 rule
182,information_technology,26,QRVO,Qorvo,0001604778,F2,10-Q,2020-01-30,0001604778-20-000008,https://www.sec.gov/Archives/edgar/data/1604778/0001604778-20-000008.txt,VERIFIED_FROM_OFFICIAL_SEC_MASTER_INDEX,Sequential 10-Q/10-K under frozen H06 F5 rule
182,information_technology,26,QRVO,Qorvo,0001604778,F3,10-K,2020-05-20,0001604778-20-000030,https://www.sec.gov/Archives/edgar/data/1604778/0001604778-20-000030.txt,VERIFIED_FROM_OFFICIAL_SEC_MASTER_INDEX,Sequential 10-Q/10-K under frozen H06 F5 rule
182,information_technology,26,QRVO,Qorvo,0001604778,F4,10-Q,2020-07-30,0001604778-20-000057,https://www.sec.gov/Archives/edgar/data/1604778/0001604778-20-000057.txt,VERIFIED_FROM_OFFICIAL_SEC_MASTER_INDEX,Sequential 10-Q/10-K under frozen H06 F5 rule
182,information_technology,26,QRVO,Qorvo,0001604778,F5,10-Q,2020-11-05,0001604778-20-000086,https://www.sec.gov/Archives/edgar/data/1604778/0001604778-20-000086.txt,VERIFIED_FROM_OFFICIAL_SEC_MASTER_INDEX,Sequential 10-Q/10-K under frozen H06 F5 rule
183,information_technology,27,ZBRA,Zebra Technologies,0000877212,F1,10-Q,2019-10-30,0000877212-19-000034,https://www.sec.gov/Archives/edgar/data/877212/0000877212-19-000034.txt,VERIFIED_FROM_OFFICIAL_SEC_MASTER_INDEX,Sequential 10-Q/10-K under frozen H06 F5 rule
183,information_technology,27,ZBRA,Zebra Technologies,0000877212,F2,10-K,2020-02-13,0000877212-20-000006,https://www.sec.gov/Archives/edgar/data/877212/0000877212-20-000006.txt,VERIFIED_FROM_OFFICIAL_SEC_MASTER_INDEX,Sequential 10-Q/10-K under frozen H06 F5 rule
183,information_technology,27,ZBRA,Zebra Technologies,0000877212,F3,10-Q,2020-04-28,0000877212-20-000022,https://www.sec.gov/Archives/edgar/data/877212/0000877212-20-000022.txt,VERIFIED_FROM_OFFICIAL_SEC_MASTER_INDEX,Sequential 10-Q/10-K under frozen H06 F5 rule
183,information_technology,27,ZBRA,Zebra Technologies,0000877212,F4,10-Q,2020-07-28,0000877212-20-000146,https://www.sec.gov/Archives/edgar/data/877212/0000877212-20-000146.txt,VERIFIED_FROM_OFFICIAL_SEC_MASTER_INDEX,Sequential 10-Q/10-K under frozen H06 F5 rule
183,information_technology,27,ZBRA,Zebra Technologies,0000877212,F5,10-Q,2020-11-03,0000877212-20-000169,https://www.sec.gov/Archives/edgar/data/877212/0000877212-20-000169.txt,VERIFIED_FROM_OFFICIAL_SEC_MASTER_INDEX,Sequential 10-Q/10-K under frozen H06 F5 rule
184,information_technology,28,CTSH,Cognizant,0001058290,F1,10-Q,2019-10-31,0001058290-19-000036,https://www.sec.gov/Archives/edgar/data/1058290/0001058290-19-000036.txt,VERIFIED_FROM_OFFICIAL_SEC_MASTER_INDEX,Sequential 10-Q/10-K under frozen H06 F5 rule
184,information_technology,28,CTSH,Cognizant,0001058290,F2,10-K,2020-02-14,0001058290-20-000008,https://www.sec.gov/Archives/edgar/data/1058290/0001058290-20-000008.txt,VERIFIED_FROM_OFFICIAL_SEC_MASTER_INDEX,Sequential 10-Q/10-K under frozen H06 F5 rule
184,information_technology,28,CTSH,Cognizant,0001058290,F3,10-Q,2020-05-08,0001058290-20-000033,https://www.sec.gov/Archives/edgar/data/1058290/0001058290-20-000033.txt,VERIFIED_FROM_OFFICIAL_SEC_MASTER_INDEX,Sequential 10-Q/10-K under frozen H06 F5 rule
184,information_technology,28,CTSH,Cognizant,0001058290,F4,10-Q,2020-07-30,0001058290-20-000048,https://www.sec.gov/Archives/edgar/data/1058290/0001058290-20-000048.txt,VERIFIED_FROM_OFFICIAL_SEC_MASTER_INDEX,Sequential 10-Q/10-K under frozen H06 F5 rule
184,information_technology,28,CTSH,Cognizant,0001058290,F5,10-Q,2020-10-29,0001058290-20-000137,https://www.sec.gov/Archives/edgar/data/1058290/0001058290-20-000137.txt,VERIFIED_FROM_OFFICIAL_SEC_MASTER_INDEX,Sequential 10-Q/10-K under frozen H06 F5 rule
185,information_technology,29,WU,Western Union,0001365135,F1,10-Q,2019-10-31,0001558370-19-009577,https://www.sec.gov/Archives/edgar/data/1365135/0001558370-19-009577.txt,VERIFIED_FROM_OFFICIAL_SEC_MASTER_INDEX,Sequential 10-Q/10-K under frozen H06 F5 rule
185,information_technology,29,WU,Western Union,0001365135,F2,10-K,2020-02-20,0001558370-20-001090,https://www.sec.gov/Archives/edgar/data/1365135/0001558370-20-001090.txt,VERIFIED_FROM_OFFICIAL_SEC_MASTER_INDEX,Sequential 10-Q/10-K under frozen H06 F5 rule
185,information_technology,29,WU,Western Union,0001365135,F3,10-Q,2020-05-05,0001558370-20-005200,https://www.sec.gov/Archives/edgar/data/1365135/0001558370-20-005200.txt,VERIFIED_FROM_OFFICIAL_SEC_MASTER_INDEX,Sequential 10-Q/10-K under frozen H06 F5 rule
185,information_technology,29,WU,Western Union,0001365135,F4,10-Q,2020-08-04,0001558370-20-009217,https://www.sec.gov/Archives/edgar/data/1365135/0001558370-20-009217.txt,VERIFIED_FROM_OFFICIAL_SEC_MASTER_INDEX,Sequential 10-Q/10-K under frozen H06 F5 rule
185,information_technology,29,WU,Western Union,0001365135,F5,10-Q,2020-10-29,0001558370-20-012046,https://www.sec.gov/Archives/edgar/data/1365135/0001558370-20-012046.txt,VERIFIED_FROM_OFFICIAL_SEC_MASTER_INDEX,Sequential 10-Q/10-K under frozen H06 F5 rule
186,materials,1,NUE,Nucor,0000073309,F1,10-Q,2019-11-06,0001564590-19-040956,https://www.sec.gov/Archives/edgar/data/73309/0001564590-19-040956.txt,VERIFIED_FROM_OFFICIAL_SEC_MASTER_INDEX,Sequential 10-Q/10-K under frozen H06 F5 rule
186,materials,1,NUE,Nucor,0000073309,F2,10-K,2020-02-28,0001564590-20-007794,https://www.sec.gov/Archives/edgar/data/73309/0001564590-20-007794.txt,VERIFIED_FROM_OFFICIAL_SEC_MASTER_INDEX,Sequential 10-Q/10-K under frozen H06 F5 rule
186,materials,1,NUE,Nucor,0000073309,F3,10-Q,2020-05-13,0001564590-20-025117,https://www.sec.gov/Archives/edgar/data/73309/0001564590-20-025117.txt,VERIFIED_FROM_OFFICIAL_SEC_MASTER_INDEX,Sequential 10-Q/10-K under frozen H06 F5 rule
186,materials,1,NUE,Nucor,0000073309,F4,10-Q,2020-08-12,0001564590-20-039639,https://www.sec.gov/Archives/edgar/data/73309/0001564590-20-039639.txt,VERIFIED_FROM_OFFICIAL_SEC_MASTER_INDEX,Sequential 10-Q/10-K under frozen H06 F5 rule
186,materials,1,NUE,Nucor,0000073309,F5,10-Q,2020-11-12,0001564590-20-053596,https://www.sec.gov/Archives/edgar/data/73309/0001564590-20-053596.txt,VERIFIED_FROM_OFFICIAL_SEC_MASTER_INDEX,Sequential 10-Q/10-K under frozen H06 F5 rule
187,materials,2,PKG,Packaging Corporation of America,0000075677,F1,10-Q,2019-11-01,0001564590-19-039297,https://www.sec.gov/Archives/edgar/data/75677/0001564590-19-039297.txt,VERIFIED_FROM_OFFICIAL_SEC_MASTER_INDEX,Sequential 10-Q/10-K under frozen H06 F5 rule
187,materials,2,PKG,Packaging Corporation of America,0000075677,F2,10-K,2020-02-26,0001564590-20-006774,https://www.sec.gov/Archives/edgar/data/75677/0001564590-20-006774.txt,VERIFIED_FROM_OFFICIAL_SEC_MASTER_INDEX,Sequential 10-Q/10-K under frozen H06 F5 rule
187,materials,2,PKG,Packaging Corporation of America,0000075677,F3,10-Q,2020-05-06,0001564590-20-021593,https://www.sec.gov/Archives/edgar/data/75677/0001564590-20-021593.txt,VERIFIED_FROM_OFFICIAL_SEC_MASTER_INDEX,Sequential 10-Q/10-K under frozen H06 F5 rule
187,materials,2,PKG,Packaging Corporation of America,0000075677,F4,10-Q,2020-08-06,0001564590-20-037372,https://www.sec.gov/Archives/edgar/data/75677/0001564590-20-037372.txt,VERIFIED_FROM_OFFICIAL_SEC_MASTER_INDEX,Sequential 10-Q/10-K under frozen H06 F5 rule
187,materials,2,PKG,Packaging Corporation of America,0000075677,F5,10-Q,2020-11-05,0001564590-20-050944,https://www.sec.gov/Archives/edgar/data/75677/0001564590-20-050944.txt,VERIFIED_FROM_OFFICIAL_SEC_MASTER_INDEX,Sequential 10-Q/10-K under frozen H06 F5 rule
188,materials,3,ALB,Albemarle Corporation,0000915913,F1,10-Q,2019-11-06,0000915913-19-000099,https://www.sec.gov/Archives/edgar/data/915913/0000915913-19-000099.txt,VERIFIED_FROM_OFFICIAL_SEC_MASTER_INDEX,Sequential 10-Q/10-K under frozen H06 F5 rule
188,materials,3,ALB,Albemarle Corporation,0000915913,F2,10-K,2020-02-26,0000915913-20-000040,https://www.sec.gov/Archives/edgar/data/915913/0000915913-20-000040.txt,VERIFIED_FROM_OFFICIAL_SEC_MASTER_INDEX,Sequential 10-Q/10-K under frozen H06 F5 rule
188,materials,3,ALB,Albemarle Corporation,0000915913,F3,10-Q,2020-05-11,0000915913-20-000105,https://www.sec.gov/Archives/edgar/data/915913/0000915913-20-000105.txt,VERIFIED_FROM_OFFICIAL_SEC_MASTER_INDEX,Sequential 10-Q/10-K under frozen H06 F5 rule
188,materials,3,ALB,Albemarle Corporation,0000915913,F4,10-Q,2020-08-05,0000915913-20-000143,https://www.sec.gov/Archives/edgar/data/915913/0000915913-20-000143.txt,VERIFIED_FROM_OFFICIAL_SEC_MASTER_INDEX,Sequential 10-Q/10-K under frozen H06 F5 rule
188,materials,3,ALB,Albemarle Corporation,0000915913,F5,10-Q,2020-11-04,0000915913-20-000165,https://www.sec.gov/Archives/edgar/data/915913/0000915913-20-000165.txt,VERIFIED_FROM_OFFICIAL_SEC_MASTER_INDEX,Sequential 10-Q/10-K under frozen H06 F5 rule
189,materials,4,CF,CF Industries,0001324404,F1,10-Q,2019-10-31,0001324404-19-000023,https://www.sec.gov/Archives/edgar/data/1324404/0001324404-19-000023.txt,VERIFIED_FROM_OFFICIAL_SEC_MASTER_INDEX,Sequential 10-Q/10-K under frozen H06 F5 rule
189,materials,4,CF,CF Industries,0001324404,F2,10-K,2020-02-24,0001324404-20-000006,https://www.sec.gov/Archives/edgar/data/1324404/0001324404-20-000006.txt,VERIFIED_FROM_OFFICIAL_SEC_MASTER_INDEX,Sequential 10-Q/10-K under frozen H06 F5 rule
189,materials,4,CF,CF Industries,0001324404,F3,10-Q,2020-05-07,0001324404-20-000013,https://www.sec.gov/Archives/edgar/data/1324404/0001324404-20-000013.txt,VERIFIED_FROM_OFFICIAL_SEC_MASTER_INDEX,Sequential 10-Q/10-K under frozen H06 F5 rule
189,materials,4,CF,CF Industries,0001324404,F4,10-Q,2020-08-06,0001324404-20-000019,https://www.sec.gov/Archives/edgar/data/1324404/0001324404-20-000019.txt,VERIFIED_FROM_OFFICIAL_SEC_MASTER_INDEX,Sequential 10-Q/10-K under frozen H06 F5 rule
189,materials,4,CF,CF Industries,0001324404,F5,10-Q,2020-11-05,0001324404-20-000025,https://www.sec.gov/Archives/edgar/data/1324404/0001324404-20-000025.txt,VERIFIED_FROM_OFFICIAL_SEC_MASTER_INDEX,Sequential 10-Q/10-K under frozen H06 F5 rule
190,materials,5,MLM,Martin Marietta Materials,0000916076,F1,10-Q,2019-10-30,0001564590-19-038626,https://www.sec.gov/Archives/edgar/data/916076/0001564590-19-038626.txt,VERIFIED_FROM_OFFICIAL_SEC_MASTER_INDEX,Sequential 10-Q/10-K under frozen H06 F5 rule
190,materials,5,MLM,Martin Marietta Materials,0000916076,F2,10-K,2020-02-21,0001564590-20-005784,https://www.sec.gov/Archives/edgar/data/916076/0001564590-20-005784.txt,VERIFIED_FROM_OFFICIAL_SEC_MASTER_INDEX,Sequential 10-Q/10-K under frozen H06 F5 rule
190,materials,5,MLM,Martin Marietta Materials,0000916076,F3,10-Q,2020-05-05,0001564590-20-021286,https://www.sec.gov/Archives/edgar/data/916076/0001564590-20-021286.txt,VERIFIED_FROM_OFFICIAL_SEC_MASTER_INDEX,Sequential 10-Q/10-K under frozen H06 F5 rule
190,materials,5,MLM,Martin Marietta Materials,0000916076,F4,10-Q,2020-07-28,0001564590-20-033797,https://www.sec.gov/Archives/edgar/data/916076/0001564590-20-033797.txt,VERIFIED_FROM_OFFICIAL_SEC_MASTER_INDEX,Sequential 10-Q/10-K under frozen H06 F5 rule
190,materials,5,MLM,Martin Marietta Materials,0000916076,F5,10-Q,2020-10-29,0001564590-20-048849,https://www.sec.gov/Archives/edgar/data/916076/0001564590-20-048849.txt,VERIFIED_FROM_OFFICIAL_SEC_MASTER_INDEX,Sequential 10-Q/10-K under frozen H06 F5 rule
191,materials,6,MOS,Mosaic Company,0001285785,F1,10-Q,2019-11-05,0001618034-19-000018,https://www.sec.gov/Archives/edgar/data/1285785/0001618034-19-000018.txt,VERIFIED_FROM_OFFICIAL_SEC_MASTER_INDEX,Sequential 10-Q/10-K under frozen H06 F5 rule
191,materials,6,MOS,Mosaic Company,0001285785,F2,10-K,2020-02-20,0001618034-20-000003,https://www.sec.gov/Archives/edgar/data/1285785/0001618034-20-000003.txt,VERIFIED_FROM_OFFICIAL_SEC_MASTER_INDEX,Sequential 10-Q/10-K under frozen H06 F5 rule
191,materials,6,MOS,Mosaic Company,0001285785,F3,10-Q,2020-05-05,0001618034-20-000007,https://www.sec.gov/Archives/edgar/data/1285785/0001618034-20-000007.txt,VERIFIED_FROM_OFFICIAL_SEC_MASTER_INDEX,Sequential 10-Q/10-K under frozen H06 F5 rule
191,materials,6,MOS,Mosaic Company,0001285785,F4,10-Q,2020-08-04,0001618034-20-000011,https://www.sec.gov/Archives/edgar/data/1285785/0001618034-20-000011.txt,VERIFIED_FROM_OFFICIAL_SEC_MASTER_INDEX,Sequential 10-Q/10-K under frozen H06 F5 rule
191,materials,6,MOS,Mosaic Company,0001285785,F5,10-Q,2020-11-03,0001618034-20-000014,https://www.sec.gov/Archives/edgar/data/1285785/0001618034-20-000014.txt,VERIFIED_FROM_OFFICIAL_SEC_MASTER_INDEX,Sequential 10-Q/10-K under frozen H06 F5 rule
192,materials,7,SEE,Sealed Air,0001012100,F1,10-Q,2019-11-08,0001628280-19-013765,https://www.sec.gov/Archives/edgar/data/1012100/0001628280-19-013765.txt,VERIFIED_FROM_OFFICIAL_SEC_MASTER_INDEX,Sequential 10-Q/10-K under frozen H06 F5 rule
192,materials,7,SEE,Sealed Air,0001012100,F2,10-K,2020-03-02,0001628280-20-002658,https://www.sec.gov/Archives/edgar/data/1012100/0001628280-20-002658.txt,VERIFIED_FROM_OFFICIAL_SEC_MASTER_INDEX,Sequential 10-Q/10-K under frozen H06 F5 rule
192,materials,7,SEE,Sealed Air,0001012100,F3,10-Q,2020-05-05,0001628280-20-006353,https://www.sec.gov/Archives/edgar/data/1012100/0001628280-20-006353.txt,VERIFIED_FROM_OFFICIAL_SEC_MASTER_INDEX,Sequential 10-Q/10-K under frozen H06 F5 rule
192,materials,7,SEE,Sealed Air,0001012100,F4,10-Q,2020-08-06,0001628280-20-011887,https://www.sec.gov/Archives/edgar/data/1012100/0001628280-20-011887.txt,VERIFIED_FROM_OFFICIAL_SEC_MASTER_INDEX,Sequential 10-Q/10-K under frozen H06 F5 rule
192,materials,7,SEE,Sealed Air,0001012100,F5,10-Q,2020-10-28,0001628280-20-014997,https://www.sec.gov/Archives/edgar/data/1012100/0001628280-20-014997.txt,VERIFIED_FROM_OFFICIAL_SEC_MASTER_INDEX,Sequential 10-Q/10-K under frozen H06 F5 rule
193,materials,8,SHW,Sherwin-Williams,0000089800,F1,10-Q,2019-10-22,0000089800-19-000023,https://www.sec.gov/Archives/edgar/data/89800/0000089800-19-000023.txt,VERIFIED_FROM_OFFICIAL_SEC_MASTER_INDEX,Sequential 10-Q/10-K under frozen H06 F5 rule
193,materials,8,SHW,Sherwin-Williams,0000089800,F2,10-K,2020-02-21,0000089800-20-000005,https://www.sec.gov/Archives/edgar/data/89800/0000089800-20-000005.txt,VERIFIED_FROM_OFFICIAL_SEC_MASTER_INDEX,Sequential 10-Q/10-K under frozen H06 F5 rule
193,materials,8,SHW,Sherwin-Williams,0000089800,F3,10-Q,2020-04-29,0000089800-20-000009,https://www.sec.gov/Archives/edgar/data/89800/0000089800-20-000009.txt,VERIFIED_FROM_OFFICIAL_SEC_MASTER_INDEX,Sequential 10-Q/10-K under frozen H06 F5 rule
193,materials,8,SHW,Sherwin-Williams,0000089800,F4,10-Q,2020-07-28,0000089800-20-000020,https://www.sec.gov/Archives/edgar/data/89800/0000089800-20-000020.txt,VERIFIED_FROM_OFFICIAL_SEC_MASTER_INDEX,Sequential 10-Q/10-K under frozen H06 F5 rule
193,materials,8,SHW,Sherwin-Williams,0000089800,F5,10-Q,2020-10-27,0000089800-20-000024,https://www.sec.gov/Archives/edgar/data/89800/0000089800-20-000024.txt,VERIFIED_FROM_OFFICIAL_SEC_MASTER_INDEX,Sequential 10-Q/10-K under frozen H06 F5 rule
194,materials,9,CE,Celanese,0001306830,F1,10-Q,2019-10-22,0001306830-19-000191,https://www.sec.gov/Archives/edgar/data/1306830/0001306830-19-000191.txt,VERIFIED_FROM_OFFICIAL_SEC_MASTER_INDEX,Sequential 10-Q/10-K under frozen H06 F5 rule
194,materials,9,CE,Celanese,0001306830,F2,10-K,2020-02-06,0001306830-20-000018,https://www.sec.gov/Archives/edgar/data/1306830/0001306830-20-000018.txt,VERIFIED_FROM_OFFICIAL_SEC_MASTER_INDEX,Sequential 10-Q/10-K under frozen H06 F5 rule
194,materials,9,CE,Celanese,0001306830,F3,10-Q,2020-04-28,0001306830-20-000105,https://www.sec.gov/Archives/edgar/data/1306830/0001306830-20-000105.txt,VERIFIED_FROM_OFFICIAL_SEC_MASTER_INDEX,Sequential 10-Q/10-K under frozen H06 F5 rule
194,materials,9,CE,Celanese,0001306830,F4,10-Q,2020-07-29,0001306830-20-000161,https://www.sec.gov/Archives/edgar/data/1306830/0001306830-20-000161.txt,VERIFIED_FROM_OFFICIAL_SEC_MASTER_INDEX,Sequential 10-Q/10-K under frozen H06 F5 rule
194,materials,9,CE,Celanese,0001306830,F5,10-Q,2020-10-26,0001306830-20-000204,https://www.sec.gov/Archives/edgar/data/1306830/0001306830-20-000204.txt,VERIFIED_FROM_OFFICIAL_SEC_MASTER_INDEX,Sequential 10-Q/10-K under frozen H06 F5 rule
195,materials,10,IFF,International Flavors & Fragrances,0000051253,F1,10-Q,2019-11-04,0000051253-19-000025,https://www.sec.gov/Archives/edgar/data/51253/0000051253-19-000025.txt,VERIFIED_FROM_OFFICIAL_SEC_MASTER_INDEX,Sequential 10-Q/10-K under frozen H06 F5 rule
195,materials,10,IFF,International Flavors & Fragrances,0000051253,F2,10-K,2020-03-03,0000051253-20-000007,https://www.sec.gov/Archives/edgar/data/51253/0000051253-20-000007.txt,VERIFIED_FROM_OFFICIAL_SEC_MASTER_INDEX,Sequential 10-Q/10-K under frozen H06 F5 rule
195,materials,10,IFF,International Flavors & Fragrances,0000051253,F3,10-Q,2020-05-11,0000051253-20-000011,https://www.sec.gov/Archives/edgar/data/51253/0000051253-20-000011.txt,VERIFIED_FROM_OFFICIAL_SEC_MASTER_INDEX,Sequential 10-Q/10-K under frozen H06 F5 rule
195,materials,10,IFF,International Flavors & Fragrances,0000051253,F4,10-Q,2020-08-10,0000051253-20-000046,https://www.sec.gov/Archives/edgar/data/51253/0000051253-20-000046.txt,VERIFIED_FROM_OFFICIAL_SEC_MASTER_INDEX,Sequential 10-Q/10-K under frozen H06 F5 rule
195,materials,10,IFF,International Flavors & Fragrances,0000051253,F5,10-Q,2020-11-09,0000051253-20-000055,https://www.sec.gov/Archives/edgar/data/51253/0000051253-20-000055.txt,VERIFIED_FROM_OFFICIAL_SEC_MASTER_INDEX,Sequential 10-Q/10-K under frozen H06 F5 rule
196,materials,11,IP,International Paper,0000051434,F1,10-Q,2019-11-01,0000051434-19-000037,https://www.sec.gov/Archives/edgar/data/51434/0000051434-19-000037.txt,VERIFIED_FROM_OFFICIAL_SEC_MASTER_INDEX,Sequential 10-Q/10-K under frozen H06 F5 rule
196,materials,11,IP,International Paper,0000051434,F2,10-K,2020-02-19,0000051434-20-000011,https://www.sec.gov/Archives/edgar/data/51434/0000051434-20-000011.txt,VERIFIED_FROM_OFFICIAL_SEC_MASTER_INDEX,Sequential 10-Q/10-K under frozen H06 F5 rule
196,materials,11,IP,International Paper,0000051434,F3,10-Q,2020-05-01,0000051434-20-000017,https://www.sec.gov/Archives/edgar/data/51434/0000051434-20-000017.txt,VERIFIED_FROM_OFFICIAL_SEC_MASTER_INDEX,Sequential 10-Q/10-K under frozen H06 F5 rule
196,materials,11,IP,International Paper,0000051434,F4,10-Q,2020-07-31,0000051434-20-000033,https://www.sec.gov/Archives/edgar/data/51434/0000051434-20-000033.txt,VERIFIED_FROM_OFFICIAL_SEC_MASTER_INDEX,Sequential 10-Q/10-K under frozen H06 F5 rule
196,materials,11,IP,International Paper,0000051434,F5,10-Q,2020-10-30,0000051434-20-000042,https://www.sec.gov/Archives/edgar/data/51434/0000051434-20-000042.txt,VERIFIED_FROM_OFFICIAL_SEC_MASTER_INDEX,Sequential 10-Q/10-K under frozen H06 F5 rule
197,materials,12,WRK,WestRock,0001732845,F1,10-K,2019-11-18,0000950123-19-011534,https://www.sec.gov/Archives/edgar/data/1732845/0000950123-19-011534.txt,VERIFIED_FROM_OFFICIAL_SEC_MASTER_INDEX,Sequential 10-Q/10-K under frozen H06 F5 rule
197,materials,12,WRK,WestRock,0001732845,F2,10-Q,2020-01-31,0001564590-20-002901,https://www.sec.gov/Archives/edgar/data/1732845/0001564590-20-002901.txt,VERIFIED_FROM_OFFICIAL_SEC_MASTER_INDEX,Sequential 10-Q/10-K under frozen H06 F5 rule
197,materials,12,WRK,WestRock,0001732845,F3,10-Q,2020-05-06,0001564590-20-022057,https://www.sec.gov/Archives/edgar/data/1732845/0001564590-20-022057.txt,VERIFIED_FROM_OFFICIAL_SEC_MASTER_INDEX,Sequential 10-Q/10-K under frozen H06 F5 rule
197,materials,12,WRK,WestRock,0001732845,F4,10-Q,2020-08-05,0001564590-20-036766,https://www.sec.gov/Archives/edgar/data/1732845/0001564590-20-036766.txt,VERIFIED_FROM_OFFICIAL_SEC_MASTER_INDEX,Sequential 10-Q/10-K under frozen H06 F5 rule
197,materials,12,WRK,WestRock,0001732845,F5,10-K,2020-11-23,0001564590-20-054816,https://www.sec.gov/Archives/edgar/data/1732845/0001564590-20-054816.txt,VERIFIED_FROM_OFFICIAL_SEC_MASTER_INDEX,Sequential 10-Q/10-K under frozen H06 F5 rule
198,real_estate,1,EQIX,Equinix,0001101239,F1,10-Q,2019-11-01,0001628280-19-013074,https://www.sec.gov/Archives/edgar/data/1101239/0001628280-19-013074.txt,VERIFIED_FROM_OFFICIAL_SEC_MASTER_INDEX,Sequential 10-Q/10-K under frozen H06 F5 rule
198,real_estate,1,EQIX,Equinix,0001101239,F2,10-K,2020-02-21,0001628280-20-001947,https://www.sec.gov/Archives/edgar/data/1101239/0001628280-20-001947.txt,VERIFIED_FROM_OFFICIAL_SEC_MASTER_INDEX,Sequential 10-Q/10-K under frozen H06 F5 rule
198,real_estate,1,EQIX,Equinix,0001101239,F3,10-Q,2020-05-07,0001628280-20-006896,https://www.sec.gov/Archives/edgar/data/1101239/0001628280-20-006896.txt,VERIFIED_FROM_OFFICIAL_SEC_MASTER_INDEX,Sequential 10-Q/10-K under frozen H06 F5 rule
198,real_estate,1,EQIX,Equinix,0001101239,F4,10-Q,2020-07-31,0001628280-20-011187,https://www.sec.gov/Archives/edgar/data/1101239/0001628280-20-011187.txt,VERIFIED_FROM_OFFICIAL_SEC_MASTER_INDEX,Sequential 10-Q/10-K under frozen H06 F5 rule
198,real_estate,1,EQIX,Equinix,0001101239,F5,10-Q,2020-10-30,0001628280-20-015158,https://www.sec.gov/Archives/edgar/data/1101239/0001628280-20-015158.txt,VERIFIED_FROM_OFFICIAL_SEC_MASTER_INDEX,Sequential 10-Q/10-K under frozen H06 F5 rule
199,real_estate,2,SBAC,SBA Communications,0001034054,F1,10-Q,2019-11-07,0001034054-19-000011,https://www.sec.gov/Archives/edgar/data/1034054/0001034054-19-000011.txt,VERIFIED_FROM_OFFICIAL_SEC_MASTER_INDEX,Sequential 10-Q/10-K under frozen H06 F5 rule
199,real_estate,2,SBAC,SBA Communications,0001034054,F2,10-K,2020-02-24,0001034054-20-000003,https://www.sec.gov/Archives/edgar/data/1034054/0001034054-20-000003.txt,VERIFIED_FROM_OFFICIAL_SEC_MASTER_INDEX,Sequential 10-Q/10-K under frozen H06 F5 rule
199,real_estate,2,SBAC,SBA Communications,0001034054,F3,10-Q,2020-05-06,0001034054-20-000006,https://www.sec.gov/Archives/edgar/data/1034054/0001034054-20-000006.txt,VERIFIED_FROM_OFFICIAL_SEC_MASTER_INDEX,Sequential 10-Q/10-K under frozen H06 F5 rule
199,real_estate,2,SBAC,SBA Communications,0001034054,F4,10-Q,2020-08-06,0001034054-20-000008,https://www.sec.gov/Archives/edgar/data/1034054/0001034054-20-000008.txt,VERIFIED_FROM_OFFICIAL_SEC_MASTER_INDEX,Sequential 10-Q/10-K under frozen H06 F5 rule
199,real_estate,2,SBAC,SBA Communications,0001034054,F5,10-Q,2020-11-05,0001034054-20-000010,https://www.sec.gov/Archives/edgar/data/1034054/0001034054-20-000010.txt,VERIFIED_FROM_OFFICIAL_SEC_MASTER_INDEX,Sequential 10-Q/10-K under frozen H06 F5 rule
200,real_estate,3,AMT,American Tower,0001053507,F1,10-Q,2019-10-31,0001053507-19-000134,https://www.sec.gov/Archives/edgar/data/1053507/0001053507-19-000134.txt,VERIFIED_FROM_OFFICIAL_SEC_MASTER_INDEX,Sequential 10-Q/10-K under frozen H06 F5 rule
200,real_estate,3,AMT,American Tower,0001053507,F2,10-K,2020-02-25,0001053507-20-000028,https://www.sec.gov/Archives/edgar/data/1053507/0001053507-20-000028.txt,VERIFIED_FROM_OFFICIAL_SEC_MASTER_INDEX,Sequential 10-Q/10-K under frozen H06 F5 rule
200,real_estate,3,AMT,American Tower,0001053507,F3,10-Q,2020-04-29,0001053507-20-000093,https://www.sec.gov/Archives/edgar/data/1053507/0001053507-20-000093.txt,VERIFIED_FROM_OFFICIAL_SEC_MASTER_INDEX,Sequential 10-Q/10-K under frozen H06 F5 rule
200,real_estate,3,AMT,American Tower,0001053507,F4,10-Q,2020-07-30,0001053507-20-000129,https://www.sec.gov/Archives/edgar/data/1053507/0001053507-20-000129.txt,VERIFIED_FROM_OFFICIAL_SEC_MASTER_INDEX,Sequential 10-Q/10-K under frozen H06 F5 rule
200,real_estate,3,AMT,American Tower,0001053507,F5,10-Q,2020-10-29,0001053507-20-000161,https://www.sec.gov/Archives/edgar/data/1053507/0001053507-20-000161.txt,VERIFIED_FROM_OFFICIAL_SEC_MASTER_INDEX,Sequential 10-Q/10-K under frozen H06 F5 rule
201,real_estate,4,PEAK,Healthpeak,0000765880,F1,10-Q,2019-10-31,0001628280-19-012968,https://www.sec.gov/Archives/edgar/data/765880/0001628280-19-012968.txt,VERIFIED_FROM_OFFICIAL_SEC_MASTER_INDEX,Sequential 10-Q/10-K under frozen H06 F5 rule
201,real_estate,4,PEAK,Healthpeak,0000765880,F2,10-K,2020-02-13,0001628280-20-001456,https://www.sec.gov/Archives/edgar/data/765880/0001628280-20-001456.txt,VERIFIED_FROM_OFFICIAL_SEC_MASTER_INDEX,Sequential 10-Q/10-K under frozen H06 F5 rule
201,real_estate,4,PEAK,Healthpeak,0000765880,F3,10-Q,2020-05-06,0001628280-20-006690,https://www.sec.gov/Archives/edgar/data/765880/0001628280-20-006690.txt,VERIFIED_FROM_OFFICIAL_SEC_MASTER_INDEX,Sequential 10-Q/10-K under frozen H06 F5 rule
201,real_estate,4,PEAK,Healthpeak,0000765880,F4,10-Q,2020-08-05,0001628280-20-011794,https://www.sec.gov/Archives/edgar/data/765880/0001628280-20-011794.txt,VERIFIED_FROM_OFFICIAL_SEC_MASTER_INDEX,Sequential 10-Q/10-K under frozen H06 F5 rule
201,real_estate,4,PEAK,Healthpeak,0000765880,F5,10-Q,2020-11-03,0001628280-20-015363,https://www.sec.gov/Archives/edgar/data/765880/0001628280-20-015363.txt,VERIFIED_FROM_OFFICIAL_SEC_MASTER_INDEX,Sequential 10-Q/10-K under frozen H06 F5 rule
202,real_estate,5,CBRE,CBRE Group,0001138118,F1,10-Q,2019-11-06,0001564590-19-040653,https://www.sec.gov/Archives/edgar/data/1138118/0001564590-19-040653.txt,VERIFIED_FROM_OFFICIAL_SEC_MASTER_INDEX,Sequential 10-Q/10-K under frozen H06 F5 rule
202,real_estate,5,CBRE,CBRE Group,0001138118,F2,10-K,2020-03-02,0001564590-20-008056,https://www.sec.gov/Archives/edgar/data/1138118/0001564590-20-008056.txt,VERIFIED_FROM_OFFICIAL_SEC_MASTER_INDEX,Sequential 10-Q/10-K under frozen H06 F5 rule
202,real_estate,5,CBRE,CBRE Group,0001138118,F3,10-Q,2020-05-07,0001564590-20-022348,https://www.sec.gov/Archives/edgar/data/1138118/0001564590-20-022348.txt,VERIFIED_FROM_OFFICIAL_SEC_MASTER_INDEX,Sequential 10-Q/10-K under frozen H06 F5 rule
202,real_estate,5,CBRE,CBRE Group,0001138118,F4,10-Q,2020-08-04,0001564590-20-035965,https://www.sec.gov/Archives/edgar/data/1138118/0001564590-20-035965.txt,VERIFIED_FROM_OFFICIAL_SEC_MASTER_INDEX,Sequential 10-Q/10-K under frozen H06 F5 rule
202,real_estate,5,CBRE,CBRE Group,0001138118,F5,10-Q,2020-10-29,0001564590-20-048948,https://www.sec.gov/Archives/edgar/data/1138118/0001564590-20-048948.txt,VERIFIED_FROM_OFFICIAL_SEC_MASTER_INDEX,Sequential 10-Q/10-K under frozen H06 F5 rule
203,real_estate,6,PSA,Public Storage,0001393311,F1,10-Q,2019-10-30,0001393311-19-000041,https://www.sec.gov/Archives/edgar/data/1393311/0001393311-19-000041.txt,VERIFIED_FROM_OFFICIAL_SEC_MASTER_INDEX,Sequential 10-Q/10-K under frozen H06 F5 rule
203,real_estate,6,PSA,Public Storage,0001393311,F2,10-K,2020-02-25,0001393311-20-000008,https://www.sec.gov/Archives/edgar/data/1393311/0001393311-20-000008.txt,VERIFIED_FROM_OFFICIAL_SEC_MASTER_INDEX,Sequential 10-Q/10-K under frozen H06 F5 rule
203,real_estate,6,PSA,Public Storage,0001393311,F3,10-Q,2020-04-30,0001562762-20-000160,https://www.sec.gov/Archives/edgar/data/1393311/0001562762-20-000160.txt,VERIFIED_FROM_OFFICIAL_SEC_MASTER_INDEX,Sequential 10-Q/10-K under frozen H06 F5 rule
203,real_estate,6,PSA,Public Storage,0001393311,F4,10-Q,2020-08-05,0001562762-20-000278,https://www.sec.gov/Archives/edgar/data/1393311/0001562762-20-000278.txt,VERIFIED_FROM_OFFICIAL_SEC_MASTER_INDEX,Sequential 10-Q/10-K under frozen H06 F5 rule
203,real_estate,6,PSA,Public Storage,0001393311,F5,10-Q,2020-11-04,0001562762-20-000379,https://www.sec.gov/Archives/edgar/data/1393311/0001562762-20-000379.txt,VERIFIED_FROM_OFFICIAL_SEC_MASTER_INDEX,Sequential 10-Q/10-K under frozen H06 F5 rule
204,real_estate,7,ESS,Essex Property Trust,0000920522,F1,10-Q,2019-10-24,0000920522-19-000059,https://www.sec.gov/Archives/edgar/data/920522/0000920522-19-000059.txt,VERIFIED_FROM_OFFICIAL_SEC_MASTER_INDEX,Sequential 10-Q/10-K under frozen H06 F5 rule
204,real_estate,7,ESS,Essex Property Trust,0000920522,F2,10-K,2020-02-20,0000920522-20-000026,https://www.sec.gov/Archives/edgar/data/920522/0000920522-20-000026.txt,VERIFIED_FROM_OFFICIAL_SEC_MASTER_INDEX,Sequential 10-Q/10-K under frozen H06 F5 rule
204,real_estate,7,ESS,Essex Property Trust,0000920522,F3,10-Q,2020-05-07,0000920522-20-000041,https://www.sec.gov/Archives/edgar/data/920522/0000920522-20-000041.txt,VERIFIED_FROM_OFFICIAL_SEC_MASTER_INDEX,Sequential 10-Q/10-K under frozen H06 F5 rule
204,real_estate,7,ESS,Essex Property Trust,0000920522,F4,10-Q,2020-08-05,0000920522-20-000055,https://www.sec.gov/Archives/edgar/data/920522/0000920522-20-000055.txt,VERIFIED_FROM_OFFICIAL_SEC_MASTER_INDEX,Sequential 10-Q/10-K under frozen H06 F5 rule
204,real_estate,7,ESS,Essex Property Trust,0000920522,F5,10-Q,2020-10-30,0000920522-20-000061,https://www.sec.gov/Archives/edgar/data/920522/0000920522-20-000061.txt,VERIFIED_FROM_OFFICIAL_SEC_MASTER_INDEX,Sequential 10-Q/10-K under frozen H06 F5 rule
205,real_estate,8,HST,Host Hotels & Resorts,0001070750,F1,10-Q,2019-11-07,0001564590-19-041532,https://www.sec.gov/Archives/edgar/data/1070750/0001564590-19-041532.txt,VERIFIED_FROM_OFFICIAL_SEC_MASTER_INDEX,Sequential 10-Q/10-K under frozen H06 F5 rule
205,real_estate,8,HST,Host Hotels & Resorts,0001070750,F2,10-K,2020-02-25,0001564590-20-006404,https://www.sec.gov/Archives/edgar/data/1070750/0001564590-20-006404.txt,VERIFIED_FROM_OFFICIAL_SEC_MASTER_INDEX,Sequential 10-Q/10-K under frozen H06 F5 rule
205,real_estate,8,HST,Host Hotels & Resorts,0001070750,F3,10-Q,2020-05-08,0001564590-20-023505,https://www.sec.gov/Archives/edgar/data/1070750/0001564590-20-023505.txt,VERIFIED_FROM_OFFICIAL_SEC_MASTER_INDEX,Sequential 10-Q/10-K under frozen H06 F5 rule
205,real_estate,8,HST,Host Hotels & Resorts,0001070750,F4,10-Q,2020-07-31,0001564590-20-035145,https://www.sec.gov/Archives/edgar/data/1070750/0001564590-20-035145.txt,VERIFIED_FROM_OFFICIAL_SEC_MASTER_INDEX,Sequential 10-Q/10-K under frozen H06 F5 rule
205,real_estate,8,HST,Host Hotels & Resorts,0001070750,F5,10-Q,2020-11-06,0001564590-20-051753,https://www.sec.gov/Archives/edgar/data/1070750/0001564590-20-051753.txt,VERIFIED_FROM_OFFICIAL_SEC_MASTER_INDEX,Sequential 10-Q/10-K under frozen H06 F5 rule
206,real_estate,9,VNO,Vornado Realty Trust,0000899689,F1,10-Q,2019-10-28,0000899689-19-000072,https://www.sec.gov/Archives/edgar/data/899689/0000899689-19-000072.txt,VERIFIED_FROM_OFFICIAL_SEC_MASTER_INDEX,Sequential 10-Q/10-K under frozen H06 F5 rule
206,real_estate,9,VNO,Vornado Realty Trust,0000899689,F2,10-K,2020-02-18,0000899689-20-000007,https://www.sec.gov/Archives/edgar/data/899689/0000899689-20-000007.txt,VERIFIED_FROM_OFFICIAL_SEC_MASTER_INDEX,Sequential 10-Q/10-K under frozen H06 F5 rule
206,real_estate,9,VNO,Vornado Realty Trust,0000899689,F3,10-Q,2020-05-04,0000899689-20-000025,https://www.sec.gov/Archives/edgar/data/899689/0000899689-20-000025.txt,VERIFIED_FROM_OFFICIAL_SEC_MASTER_INDEX,Sequential 10-Q/10-K under frozen H06 F5 rule
206,real_estate,9,VNO,Vornado Realty Trust,0000899689,F4,10-Q,2020-08-03,0000899689-20-000039,https://www.sec.gov/Archives/edgar/data/899689/0000899689-20-000039.txt,VERIFIED_FROM_OFFICIAL_SEC_MASTER_INDEX,Sequential 10-Q/10-K under frozen H06 F5 rule
206,real_estate,9,VNO,Vornado Realty Trust,0000899689,F5,10-Q,2020-11-02,0000899689-20-000049,https://www.sec.gov/Archives/edgar/data/899689/0000899689-20-000049.txt,VERIFIED_FROM_OFFICIAL_SEC_MASTER_INDEX,Sequential 10-Q/10-K under frozen H06 F5 rule
207,real_estate,10,VTR,Ventas,0000740260,F1,10-Q,2019-10-25,0000740260-19-000168,https://www.sec.gov/Archives/edgar/data/740260/0000740260-19-000168.txt,VERIFIED_FROM_OFFICIAL_SEC_MASTER_INDEX,Sequential 10-Q/10-K under frozen H06 F5 rule
207,real_estate,10,VTR,Ventas,0000740260,F2,10-K,2020-02-24,0000740260-20-000042,https://www.sec.gov/Archives/edgar/data/740260/0000740260-20-000042.txt,VERIFIED_FROM_OFFICIAL_SEC_MASTER_INDEX,Sequential 10-Q/10-K under frozen H06 F5 rule
207,real_estate,10,VTR,Ventas,0000740260,F3,10-Q,2020-05-08,0000740260-20-000092,https://www.sec.gov/Archives/edgar/data/740260/0000740260-20-000092.txt,VERIFIED_FROM_OFFICIAL_SEC_MASTER_INDEX,Sequential 10-Q/10-K under frozen H06 F5 rule
207,real_estate,10,VTR,Ventas,0000740260,F4,10-Q,2020-08-07,0000740260-20-000135,https://www.sec.gov/Archives/edgar/data/740260/0000740260-20-000135.txt,VERIFIED_FROM_OFFICIAL_SEC_MASTER_INDEX,Sequential 10-Q/10-K under frozen H06 F5 rule
207,real_estate,10,VTR,Ventas,0000740260,F5,10-Q,2020-11-06,0000740260-20-000163,https://www.sec.gov/Archives/edgar/data/740260/0000740260-20-000163.txt,VERIFIED_FROM_OFFICIAL_SEC_MASTER_INDEX,Sequential 10-Q/10-K under frozen H06 F5 rule
208,real_estate,11,AIV,Apartment Investment & Management,0000922864,F1,10-Q,2019-11-04,0001564590-19-039821,https://www.sec.gov/Archives/edgar/data/922864/0001564590-19-039821.txt,VERIFIED_FROM_OFFICIAL_SEC_MASTER_INDEX,Sequential 10-Q/10-K under frozen H06 F5 rule
208,real_estate,11,AIV,Apartment Investment & Management,0000922864,F2,10-K,2020-02-24,0001564590-20-006053,https://www.sec.gov/Archives/edgar/data/922864/0001564590-20-006053.txt,VERIFIED_FROM_OFFICIAL_SEC_MASTER_INDEX,Sequential 10-Q/10-K under frozen H06 F5 rule
208,real_estate,11,AIV,Apartment Investment & Management,0000922864,F3,10-Q,2020-05-11,0001564590-20-023679,https://www.sec.gov/Archives/edgar/data/922864/0001564590-20-023679.txt,VERIFIED_FROM_OFFICIAL_SEC_MASTER_INDEX,Sequential 10-Q/10-K under frozen H06 F5 rule
208,real_estate,11,AIV,Apartment Investment & Management,0000922864,F4,10-Q,2020-08-04,0001564590-20-036228,https://www.sec.gov/Archives/edgar/data/922864/0001564590-20-036228.txt,VERIFIED_FROM_OFFICIAL_SEC_MASTER_INDEX,Sequential 10-Q/10-K under frozen H06 F5 rule
208,real_estate,11,AIV,Apartment Investment & Management,0000922864,F5,10-Q,2020-11-02,0001564590-20-049394,https://www.sec.gov/Archives/edgar/data/922864/0001564590-20-049394.txt,VERIFIED_FROM_OFFICIAL_SEC_MASTER_INDEX,Sequential 10-Q/10-K under frozen H06 F5 rule
209,real_estate,12,DRE,Duke Realty,0000783280,F1,10-Q,2019-11-01,0000783280-19-000053,https://www.sec.gov/Archives/edgar/data/783280/0000783280-19-000053.txt,VERIFIED_FROM_OFFICIAL_SEC_MASTER_INDEX,Sequential 10-Q/10-K under frozen H06 F5 rule
209,real_estate,12,DRE,Duke Realty,0000783280,F2,10-K,2020-02-25,0000783280-20-000010,https://www.sec.gov/Archives/edgar/data/783280/0000783280-20-000010.txt,VERIFIED_FROM_OFFICIAL_SEC_MASTER_INDEX,Sequential 10-Q/10-K under frozen H06 F5 rule
209,real_estate,12,DRE,Duke Realty,0000783280,F3,10-Q,2020-05-01,0000783280-20-000037,https://www.sec.gov/Archives/edgar/data/783280/0000783280-20-000037.txt,VERIFIED_FROM_OFFICIAL_SEC_MASTER_INDEX,Sequential 10-Q/10-K under frozen H06 F5 rule
209,real_estate,12,DRE,Duke Realty,0000783280,F4,10-Q,2020-07-31,0000783280-20-000054,https://www.sec.gov/Archives/edgar/data/783280/0000783280-20-000054.txt,VERIFIED_FROM_OFFICIAL_SEC_MASTER_INDEX,Sequential 10-Q/10-K under frozen H06 F5 rule
209,real_estate,12,DRE,Duke Realty,0000783280,F5,10-Q,2020-10-29,0000783280-20-000069,https://www.sec.gov/Archives/edgar/data/783280/0000783280-20-000069.txt,VERIFIED_FROM_OFFICIAL_SEC_MASTER_INDEX,Sequential 10-Q/10-K under frozen H06 F5 rule
210,real_estate,13,WELL,Welltower,0000766704,F1,10-Q,2019-10-30,0000766704-19-000061,https://www.sec.gov/Archives/edgar/data/766704/0000766704-19-000061.txt,VERIFIED_FROM_OFFICIAL_SEC_MASTER_INDEX,Sequential 10-Q/10-K under frozen H06 F5 rule
210,real_estate,13,WELL,Welltower,0000766704,F2,10-K,2020-02-14,0000766704-20-000015,https://www.sec.gov/Archives/edgar/data/766704/0000766704-20-000015.txt,VERIFIED_FROM_OFFICIAL_SEC_MASTER_INDEX,Sequential 10-Q/10-K under frozen H06 F5 rule
210,real_estate,13,WELL,Welltower,0000766704,F3,10-Q,2020-05-07,0000766704-20-000031,https://www.sec.gov/Archives/edgar/data/766704/0000766704-20-000031.txt,VERIFIED_FROM_OFFICIAL_SEC_MASTER_INDEX,Sequential 10-Q/10-K under frozen H06 F5 rule
210,real_estate,13,WELL,Welltower,0000766704,F4,10-Q,2020-08-06,0000766704-20-000050,https://www.sec.gov/Archives/edgar/data/766704/0000766704-20-000050.txt,VERIFIED_FROM_OFFICIAL_SEC_MASTER_INDEX,Sequential 10-Q/10-K under frozen H06 F5 rule
210,real_estate,13,WELL,Welltower,0000766704,F5,10-Q,2020-10-29,0000766704-20-000064,https://www.sec.gov/Archives/edgar/data/766704/0000766704-20-000064.txt,VERIFIED_FROM_OFFICIAL_SEC_MASTER_INDEX,Sequential 10-Q/10-K under frozen H06 F5 rule
211,real_estate,14,AVB,AvalonBay Communities,0000915912,F1,10-Q,2019-11-05,0000915912-19-000022,https://www.sec.gov/Archives/edgar/data/915912/0000915912-19-000022.txt,VERIFIED_FROM_OFFICIAL_SEC_MASTER_INDEX,Sequential 10-Q/10-K under frozen H06 F5 rule
211,real_estate,14,AVB,AvalonBay Communities,0000915912,F2,10-K,2020-02-21,0000915912-20-000004,https://www.sec.gov/Archives/edgar/data/915912/0000915912-20-000004.txt,VERIFIED_FROM_OFFICIAL_SEC_MASTER_INDEX,Sequential 10-Q/10-K under frozen H06 F5 rule
211,real_estate,14,AVB,AvalonBay Communities,0000915912,F3,10-Q,2020-05-08,0000915912-20-000018,https://www.sec.gov/Archives/edgar/data/915912/0000915912-20-000018.txt,VERIFIED_FROM_OFFICIAL_SEC_MASTER_INDEX,Sequential 10-Q/10-K under frozen H06 F5 rule
211,real_estate,14,AVB,AvalonBay Communities,0000915912,F4,10-Q,2020-08-05,0000915912-20-000022,https://www.sec.gov/Archives/edgar/data/915912/0000915912-20-000022.txt,VERIFIED_FROM_OFFICIAL_SEC_MASTER_INDEX,Sequential 10-Q/10-K under frozen H06 F5 rule
211,real_estate,14,AVB,AvalonBay Communities,0000915912,F5,10-Q,2020-11-04,0000915912-20-000027,https://www.sec.gov/Archives/edgar/data/915912/0000915912-20-000027.txt,VERIFIED_FROM_OFFICIAL_SEC_MASTER_INDEX,Sequential 10-Q/10-K under frozen H06 F5 rule
212,real_estate,15,DLR,Digital Realty,0001297996,F1,10-Q,2019-11-08,0001297996-19-000151,https://www.sec.gov/Archives/edgar/data/1297996/0001297996-19-000151.txt,VERIFIED_FROM_OFFICIAL_SEC_MASTER_INDEX,Sequential 10-Q/10-K under frozen H06 F5 rule
212,real_estate,15,DLR,Digital Realty,0001297996,F2,10-K,2020-03-02,0001558370-20-001906,https://www.sec.gov/Archives/edgar/data/1297996/0001558370-20-001906.txt,VERIFIED_FROM_OFFICIAL_SEC_MASTER_INDEX,Sequential 10-Q/10-K under frozen H06 F5 rule
212,real_estate,15,DLR,Digital Realty,0001297996,F3,10-Q,2020-05-11,0001558370-20-006279,https://www.sec.gov/Archives/edgar/data/1297996/0001558370-20-006279.txt,VERIFIED_FROM_OFFICIAL_SEC_MASTER_INDEX,Sequential 10-Q/10-K under frozen H06 F5 rule
212,real_estate,15,DLR,Digital Realty,0001297996,F4,10-Q,2020-08-10,0001558370-20-009992,https://www.sec.gov/Archives/edgar/data/1297996/0001558370-20-009992.txt,VERIFIED_FROM_OFFICIAL_SEC_MASTER_INDEX,Sequential 10-Q/10-K under frozen H06 F5 rule
212,real_estate,15,DLR,Digital Realty,0001297996,F5,10-Q,2020-11-06,0001558370-20-013155,https://www.sec.gov/Archives/edgar/data/1297996/0001558370-20-013155.txt,VERIFIED_FROM_OFFICIAL_SEC_MASTER_INDEX,Sequential 10-Q/10-K under frozen H06 F5 rule
213,real_estate,16,REG,Regency Centers,0000910606,F1,10-Q,2019-11-04,0001564590-19-039836,https://www.sec.gov/Archives/edgar/data/910606/0001564590-19-039836.txt,VERIFIED_FROM_OFFICIAL_SEC_MASTER_INDEX,Sequential 10-Q/10-K under frozen H06 F5 rule
213,real_estate,16,REG,Regency Centers,0000910606,F2,10-K,2020-02-18,0001564590-20-004859,https://www.sec.gov/Archives/edgar/data/910606/0001564590-20-004859.txt,VERIFIED_FROM_OFFICIAL_SEC_MASTER_INDEX,Sequential 10-Q/10-K under frozen H06 F5 rule
213,real_estate,16,REG,Regency Centers,0000910606,F3,10-Q,2020-05-08,0001564590-20-023379,https://www.sec.gov/Archives/edgar/data/910606/0001564590-20-023379.txt,VERIFIED_FROM_OFFICIAL_SEC_MASTER_INDEX,Sequential 10-Q/10-K under frozen H06 F5 rule
213,real_estate,16,REG,Regency Centers,0000910606,F4,10-Q,2020-08-04,0001564590-20-035935,https://www.sec.gov/Archives/edgar/data/910606/0001564590-20-035935.txt,VERIFIED_FROM_OFFICIAL_SEC_MASTER_INDEX,Sequential 10-Q/10-K under frozen H06 F5 rule
213,real_estate,16,REG,Regency Centers,0000910606,F5,10-Q,2020-11-06,0001564590-20-051795,https://www.sec.gov/Archives/edgar/data/910606/0001564590-20-051795.txt,VERIFIED_FROM_OFFICIAL_SEC_MASTER_INDEX,Sequential 10-Q/10-K under frozen H06 F5 rule
214,utilities,1,LNT,Alliant Energy,0000352541,F1,10-Q,2019-11-07,0000352541-19-000099,https://www.sec.gov/Archives/edgar/data/352541/0000352541-19-000099.txt,VERIFIED_FROM_OFFICIAL_SEC_MASTER_INDEX,Sequential 10-Q/10-K under frozen H06 F5 rule
214,utilities,1,LNT,Alliant Energy,0000352541,F2,10-K,2020-02-21,0000352541-20-000021,https://www.sec.gov/Archives/edgar/data/352541/0000352541-20-000021.txt,VERIFIED_FROM_OFFICIAL_SEC_MASTER_INDEX,Sequential 10-Q/10-K under frozen H06 F5 rule
214,utilities,1,LNT,Alliant Energy,0000352541,F3,10-Q,2020-05-08,0000352541-20-000064,https://www.sec.gov/Archives/edgar/data/352541/0000352541-20-000064.txt,VERIFIED_FROM_OFFICIAL_SEC_MASTER_INDEX,Sequential 10-Q/10-K under frozen H06 F5 rule
214,utilities,1,LNT,Alliant Energy,0000352541,F4,10-Q,2020-08-10,0000352541-20-000090,https://www.sec.gov/Archives/edgar/data/352541/0000352541-20-000090.txt,VERIFIED_FROM_OFFICIAL_SEC_MASTER_INDEX,Sequential 10-Q/10-K under frozen H06 F5 rule
214,utilities,1,LNT,Alliant Energy,0000352541,F5,10-Q,2020-11-03,0000352541-20-000108,https://www.sec.gov/Archives/edgar/data/352541/0000352541-20-000108.txt,VERIFIED_FROM_OFFICIAL_SEC_MASTER_INDEX,Sequential 10-Q/10-K under frozen H06 F5 rule
215,utilities,2,ED,Consolidated Edison,0001047862,F1,10-Q,2019-11-04,0001047862-19-000181,https://www.sec.gov/Archives/edgar/data/1047862/0001047862-19-000181.txt,VERIFIED_FROM_OFFICIAL_SEC_MASTER_INDEX,Sequential 10-Q/10-K under frozen H06 F5 rule
215,utilities,2,ED,Consolidated Edison,0001047862,F2,10-K,2020-02-20,0001047862-20-000041,https://www.sec.gov/Archives/edgar/data/1047862/0001047862-20-000041.txt,VERIFIED_FROM_OFFICIAL_SEC_MASTER_INDEX,Sequential 10-Q/10-K under frozen H06 F5 rule
215,utilities,2,ED,Consolidated Edison,0001047862,F3,10-Q,2020-05-07,0001047862-20-000103,https://www.sec.gov/Archives/edgar/data/1047862/0001047862-20-000103.txt,VERIFIED_FROM_OFFICIAL_SEC_MASTER_INDEX,Sequential 10-Q/10-K under frozen H06 F5 rule
215,utilities,2,ED,Consolidated Edison,0001047862,F4,10-Q,2020-08-06,0001047862-20-000176,https://www.sec.gov/Archives/edgar/data/1047862/0001047862-20-000176.txt,VERIFIED_FROM_OFFICIAL_SEC_MASTER_INDEX,Sequential 10-Q/10-K under frozen H06 F5 rule
215,utilities,2,ED,Consolidated Edison,0001047862,F5,10-Q,2020-11-05,0001047862-20-000230,https://www.sec.gov/Archives/edgar/data/1047862/0001047862-20-000230.txt,VERIFIED_FROM_OFFICIAL_SEC_MASTER_INDEX,Sequential 10-Q/10-K under frozen H06 F5 rule
216,utilities,3,CNP,CenterPoint Energy,0001130310,F1,10-Q,2019-11-07,0001130310-19-000041,https://www.sec.gov/Archives/edgar/data/1130310/0001130310-19-000041.txt,VERIFIED_FROM_OFFICIAL_SEC_MASTER_INDEX,Sequential 10-Q/10-K under frozen H06 F5 rule
216,utilities,3,CNP,CenterPoint Energy,0001130310,F2,10-K,2020-02-27,0001130310-20-000016,https://www.sec.gov/Archives/edgar/data/1130310/0001130310-20-000016.txt,VERIFIED_FROM_OFFICIAL_SEC_MASTER_INDEX,Sequential 10-Q/10-K under frozen H06 F5 rule
216,utilities,3,CNP,CenterPoint Energy,0001130310,F3,10-Q,2020-05-07,0001130310-20-000044,https://www.sec.gov/Archives/edgar/data/1130310/0001130310-20-000044.txt,VERIFIED_FROM_OFFICIAL_SEC_MASTER_INDEX,Sequential 10-Q/10-K under frozen H06 F5 rule
216,utilities,3,CNP,CenterPoint Energy,0001130310,F4,10-Q,2020-08-06,0001130310-20-000084,https://www.sec.gov/Archives/edgar/data/1130310/0001130310-20-000084.txt,VERIFIED_FROM_OFFICIAL_SEC_MASTER_INDEX,Sequential 10-Q/10-K under frozen H06 F5 rule
216,utilities,3,CNP,CenterPoint Energy,0001130310,F5,10-Q,2020-11-05,0001130310-20-000098,https://www.sec.gov/Archives/edgar/data/1130310/0001130310-20-000098.txt,VERIFIED_FROM_OFFICIAL_SEC_MASTER_INDEX,Sequential 10-Q/10-K under frozen H06 F5 rule
217,utilities,4,D,Dominion Energy,0000715957,F1,10-Q,2019-11-01,0001564590-19-039434,https://www.sec.gov/Archives/edgar/data/715957/0001564590-19-039434.txt,VERIFIED_FROM_OFFICIAL_SEC_MASTER_INDEX,Sequential 10-Q/10-K under frozen H06 F5 rule
217,utilities,4,D,Dominion Energy,0000715957,F2,10-K,2020-02-28,0001193125-20-054469,https://www.sec.gov/Archives/edgar/data/715957/0001193125-20-054469.txt,VERIFIED_FROM_OFFICIAL_SEC_MASTER_INDEX,Sequential 10-Q/10-K under frozen H06 F5 rule
217,utilities,4,D,Dominion Energy,0000715957,F3,10-Q,2020-05-05,0001564590-20-021084,https://www.sec.gov/Archives/edgar/data/715957/0001564590-20-021084.txt,VERIFIED_FROM_OFFICIAL_SEC_MASTER_INDEX,Sequential 10-Q/10-K under frozen H06 F5 rule
217,utilities,4,D,Dominion Energy,0000715957,F4,10-Q,2020-08-05,0001564590-20-036451,https://www.sec.gov/Archives/edgar/data/715957/0001564590-20-036451.txt,VERIFIED_FROM_OFFICIAL_SEC_MASTER_INDEX,Sequential 10-Q/10-K under frozen H06 F5 rule
217,utilities,4,D,Dominion Energy,0000715957,F5,10-Q,2020-11-06,0001564590-20-051677,https://www.sec.gov/Archives/edgar/data/715957/0001564590-20-051677.txt,VERIFIED_FROM_OFFICIAL_SEC_MASTER_INDEX,Sequential 10-Q/10-K under frozen H06 F5 rule
218,utilities,5,CMS,CMS Energy,0000811156,F1,10-Q,2019-10-24,0000811156-19-000015,https://www.sec.gov/Archives/edgar/data/811156/0000811156-19-000015.txt,VERIFIED_FROM_OFFICIAL_SEC_MASTER_INDEX,Sequential 10-Q/10-K under frozen H06 F5 rule
218,utilities,5,CMS,CMS Energy,0000811156,F2,10-K,2020-02-06,0000811156-20-000004,https://www.sec.gov/Archives/edgar/data/811156/0000811156-20-000004.txt,VERIFIED_FROM_OFFICIAL_SEC_MASTER_INDEX,Sequential 10-Q/10-K under frozen H06 F5 rule
218,utilities,5,CMS,CMS Energy,0000811156,F3,10-Q,2020-04-27,0000811156-20-000007,https://www.sec.gov/Archives/edgar/data/811156/0000811156-20-000007.txt,VERIFIED_FROM_OFFICIAL_SEC_MASTER_INDEX,Sequential 10-Q/10-K under frozen H06 F5 rule
218,utilities,5,CMS,CMS Energy,0000811156,F4,10-Q,2020-08-03,0000811156-20-000012,https://www.sec.gov/Archives/edgar/data/811156/0000811156-20-000012.txt,VERIFIED_FROM_OFFICIAL_SEC_MASTER_INDEX,Sequential 10-Q/10-K under frozen H06 F5 rule
218,utilities,5,CMS,CMS Energy,0000811156,F5,10-Q,2020-10-29,0000811156-20-000017,https://www.sec.gov/Archives/edgar/data/811156/0000811156-20-000017.txt,VERIFIED_FROM_OFFICIAL_SEC_MASTER_INDEX,Sequential 10-Q/10-K under frozen H06 F5 rule
219,utilities,6,DTE,DTE Energy,0000936340,F1,10-Q,2019-10-28,0000936340-19-000256,https://www.sec.gov/Archives/edgar/data/936340/0000936340-19-000256.txt,VERIFIED_FROM_OFFICIAL_SEC_MASTER_INDEX,Sequential 10-Q/10-K under frozen H06 F5 rule
219,utilities,6,DTE,DTE Energy,0000936340,F2,10-K,2020-02-05,0000936340-20-000127,https://www.sec.gov/Archives/edgar/data/936340/0000936340-20-000127.txt,VERIFIED_FROM_OFFICIAL_SEC_MASTER_INDEX,Sequential 10-Q/10-K under frozen H06 F5 rule
219,utilities,6,DTE,DTE Energy,0000936340,F3,10-Q,2020-04-28,0000936340-20-000171,https://www.sec.gov/Archives/edgar/data/936340/0000936340-20-000171.txt,VERIFIED_FROM_OFFICIAL_SEC_MASTER_INDEX,Sequential 10-Q/10-K under frozen H06 F5 rule
219,utilities,6,DTE,DTE Energy,0000936340,F4,10-Q,2020-07-28,0000936340-20-000219,https://www.sec.gov/Archives/edgar/data/936340/0000936340-20-000219.txt,VERIFIED_FROM_OFFICIAL_SEC_MASTER_INDEX,Sequential 10-Q/10-K under frozen H06 F5 rule
219,utilities,6,DTE,DTE Energy,0000936340,F5,10-Q,2020-10-27,0000936340-20-000256,https://www.sec.gov/Archives/edgar/data/936340/0000936340-20-000256.txt,VERIFIED_FROM_OFFICIAL_SEC_MASTER_INDEX,Sequential 10-Q/10-K under frozen H06 F5 rule
220,utilities,7,PNW,Pinnacle West Capital,0000764622,F1,10-Q,2019-11-07,0000764622-19-000096,https://www.sec.gov/Archives/edgar/data/764622/0000764622-19-000096.txt,VERIFIED_FROM_OFFICIAL_SEC_MASTER_INDEX,Sequential 10-Q/10-K under frozen H06 F5 rule
220,utilities,7,PNW,Pinnacle West Capital,0000764622,F2,10-K,2020-02-21,0000764622-20-000017,https://www.sec.gov/Archives/edgar/data/764622/0000764622-20-000017.txt,VERIFIED_FROM_OFFICIAL_SEC_MASTER_INDEX,Sequential 10-Q/10-K under frozen H06 F5 rule
220,utilities,7,PNW,Pinnacle West Capital,0000764622,F3,10-Q,2020-05-08,0000764622-20-000038,https://www.sec.gov/Archives/edgar/data/764622/0000764622-20-000038.txt,VERIFIED_FROM_OFFICIAL_SEC_MASTER_INDEX,Sequential 10-Q/10-K under frozen H06 F5 rule
220,utilities,7,PNW,Pinnacle West Capital,0000764622,F4,10-Q,2020-08-06,0000764622-20-000060,https://www.sec.gov/Archives/edgar/data/764622/0000764622-20-000060.txt,VERIFIED_FROM_OFFICIAL_SEC_MASTER_INDEX,Sequential 10-Q/10-K under frozen H06 F5 rule
220,utilities,7,PNW,Pinnacle West Capital,0000764622,F5,10-Q,2020-10-30,0000764622-20-000077,https://www.sec.gov/Archives/edgar/data/764622/0000764622-20-000077.txt,VERIFIED_FROM_OFFICIAL_SEC_MASTER_INDEX,Sequential 10-Q/10-K under frozen H06 F5 rule
221,utilities,8,FE,FirstEnergy,0001031296,F1,10-Q,2019-11-04,0001031296-19-000045,https://www.sec.gov/Archives/edgar/data/1031296/0001031296-19-000045.txt,VERIFIED_FROM_OFFICIAL_SEC_MASTER_INDEX,Sequential 10-Q/10-K under frozen H06 F5 rule
221,utilities,8,FE,FirstEnergy,0001031296,F2,10-K,2020-02-10,0001031296-20-000008,https://www.sec.gov/Archives/edgar/data/1031296/0001031296-20-000008.txt,VERIFIED_FROM_OFFICIAL_SEC_MASTER_INDEX,Sequential 10-Q/10-K under frozen H06 F5 rule
221,utilities,8,FE,FirstEnergy,0001031296,F3,10-Q,2020-04-23,0001031296-20-000016,https://www.sec.gov/Archives/edgar/data/1031296/0001031296-20-000016.txt,VERIFIED_FROM_OFFICIAL_SEC_MASTER_INDEX,Sequential 10-Q/10-K under frozen H06 F5 rule
221,utilities,8,FE,FirstEnergy,0001031296,F4,10-Q,2020-08-17,0001031296-20-000030,https://www.sec.gov/Archives/edgar/data/1031296/0001031296-20-000030.txt,VERIFIED_FROM_OFFICIAL_SEC_MASTER_INDEX,Sequential 10-Q/10-K under frozen H06 F5 rule
221,utilities,8,FE,FirstEnergy,0001031296,F5,10-Q,2020-11-19,0001031296-20-000045,https://www.sec.gov/Archives/edgar/data/1031296/0001031296-20-000045.txt,VERIFIED_FROM_OFFICIAL_SEC_MASTER_INDEX,Sequential 10-Q/10-K under frozen H06 F5 rule
222,utilities,9,DUK,Duke Energy,0001326160,F1,10-Q,2019-11-08,0001326160-19-000229,https://www.sec.gov/Archives/edgar/data/1326160/0001326160-19-000229.txt,VERIFIED_FROM_OFFICIAL_SEC_MASTER_INDEX,Sequential 10-Q/10-K under frozen H06 F5 rule
222,utilities,9,DUK,Duke Energy,0001326160,F2,10-K,2020-02-20,0001326160-20-000034,https://www.sec.gov/Archives/edgar/data/1326160/0001326160-20-000034.txt,VERIFIED_FROM_OFFICIAL_SEC_MASTER_INDEX,Sequential 10-Q/10-K under frozen H06 F5 rule
222,utilities,9,DUK,Duke Energy,0001326160,F3,10-Q,2020-05-12,0001326160-20-000152,https://www.sec.gov/Archives/edgar/data/1326160/0001326160-20-000152.txt,VERIFIED_FROM_OFFICIAL_SEC_MASTER_INDEX,Sequential 10-Q/10-K under frozen H06 F5 rule
222,utilities,9,DUK,Duke Energy,0001326160,F4,10-Q,2020-08-10,0001326160-20-000201,https://www.sec.gov/Archives/edgar/data/1326160/0001326160-20-000201.txt,VERIFIED_FROM_OFFICIAL_SEC_MASTER_INDEX,Sequential 10-Q/10-K under frozen H06 F5 rule
222,utilities,9,DUK,Duke Energy,0001326160,F5,10-Q,2020-11-05,0001326160-20-000224,https://www.sec.gov/Archives/edgar/data/1326160/0001326160-20-000224.txt,VERIFIED_FROM_OFFICIAL_SEC_MASTER_INDEX,Sequential 10-Q/10-K under frozen H06 F5 rule
223,utilities,10,EVRG,Evergy,0001711269,F1,10-Q,2019-11-06,0001711269-19-000063,https://www.sec.gov/Archives/edgar/data/1711269/0001711269-19-000063.txt,VERIFIED_FROM_OFFICIAL_SEC_MASTER_INDEX,Sequential 10-Q/10-K under frozen H06 F5 rule
223,utilities,10,EVRG,Evergy,0001711269,F2,10-K,2020-03-02,0001711269-20-000012,https://www.sec.gov/Archives/edgar/data/1711269/0001711269-20-000012.txt,VERIFIED_FROM_OFFICIAL_SEC_MASTER_INDEX,Sequential 10-Q/10-K under frozen H06 F5 rule
223,utilities,10,EVRG,Evergy,0001711269,F3,10-Q,2020-05-06,0001711269-20-000031,https://www.sec.gov/Archives/edgar/data/1711269/0001711269-20-000031.txt,VERIFIED_FROM_OFFICIAL_SEC_MASTER_INDEX,Sequential 10-Q/10-K under frozen H06 F5 rule
223,utilities,10,EVRG,Evergy,0001711269,F4,10-Q,2020-08-05,0001711269-20-000045,https://www.sec.gov/Archives/edgar/data/1711269/0001711269-20-000045.txt,VERIFIED_FROM_OFFICIAL_SEC_MASTER_INDEX,Sequential 10-Q/10-K under frozen H06 F5 rule
223,utilities,10,EVRG,Evergy,0001711269,F5,10-Q,2020-11-05,0001711269-20-000060,https://www.sec.gov/Archives/edgar/data/1711269/0001711269-20-000060.txt,VERIFIED_FROM_OFFICIAL_SEC_MASTER_INDEX,Sequential 10-Q/10-K under frozen H06 F5 rule
224,utilities,11,EIX,Edison International,0000827052,F1,10-Q,2019-10-29,0000827052-19-000166,https://www.sec.gov/Archives/edgar/data/827052/0000827052-19-000166.txt,VERIFIED_FROM_OFFICIAL_SEC_MASTER_INDEX,Sequential 10-Q/10-K under frozen H06 F5 rule
224,utilities,11,EIX,Edison International,0000827052,F2,10-K,2020-02-27,0000827052-20-000026,https://www.sec.gov/Archives/edgar/data/827052/0000827052-20-000026.txt,VERIFIED_FROM_OFFICIAL_SEC_MASTER_INDEX,Sequential 10-Q/10-K under frozen H06 F5 rule
224,utilities,11,EIX,Edison International,0000827052,F3,10-Q,2020-04-30,0000827052-20-000091,https://www.sec.gov/Archives/edgar/data/827052/0000827052-20-000091.txt,VERIFIED_FROM_OFFICIAL_SEC_MASTER_INDEX,Sequential 10-Q/10-K under frozen H06 F5 rule
224,utilities,11,EIX,Edison International,0000827052,F4,10-Q,2020-07-28,0000827052-20-000111,https://www.sec.gov/Archives/edgar/data/827052/0000827052-20-000111.txt,VERIFIED_FROM_OFFICIAL_SEC_MASTER_INDEX,Sequential 10-Q/10-K under frozen H06 F5 rule
224,utilities,11,EIX,Edison International,0000827052,F5,10-Q,2020-10-27,0000827052-20-000134,https://www.sec.gov/Archives/edgar/data/827052/0000827052-20-000134.txt,VERIFIED_FROM_OFFICIAL_SEC_MASTER_INDEX,Sequential 10-Q/10-K under frozen H06 F5 rule
225,utilities,12,AES,AES Corporation,0000874761,F1,10-Q,2019-11-06,0000874761-19-000056,https://www.sec.gov/Archives/edgar/data/874761/0000874761-19-000056.txt,VERIFIED_FROM_OFFICIAL_SEC_MASTER_INDEX,Sequential 10-Q/10-K under frozen H06 F5 rule
225,utilities,12,AES,AES Corporation,0000874761,F2,10-K,2020-02-28,0000874761-20-000012,https://www.sec.gov/Archives/edgar/data/874761/0000874761-20-000012.txt,VERIFIED_FROM_OFFICIAL_SEC_MASTER_INDEX,Sequential 10-Q/10-K under frozen H06 F5 rule
225,utilities,12,AES,AES Corporation,0000874761,F3,10-Q,2020-05-07,0000874761-20-000027,https://www.sec.gov/Archives/edgar/data/874761/0000874761-20-000027.txt,VERIFIED_FROM_OFFICIAL_SEC_MASTER_INDEX,Sequential 10-Q/10-K under frozen H06 F5 rule
225,utilities,12,AES,AES Corporation,0000874761,F4,10-Q,2020-08-06,0000874761-20-000050,https://www.sec.gov/Archives/edgar/data/874761/0000874761-20-000050.txt,VERIFIED_FROM_OFFICIAL_SEC_MASTER_INDEX,Sequential 10-Q/10-K under frozen H06 F5 rule
225,utilities,12,AES,AES Corporation,0000874761,F5,10-Q,2020-11-06,0000874761-20-000062,https://www.sec.gov/Archives/edgar/data/874761/0000874761-20-000062.txt,VERIFIED_FROM_OFFICIAL_SEC_MASTER_INDEX,Sequential 10-Q/10-K under frozen H06 F5 rule
